Flat profile:

Each sample counts as 0.01 seconds.
  %   cumulative   self              self     total           
 time   seconds   seconds    calls  ms/call  ms/call  name    
 23.70      0.91     0.91       86    10.58    10.58  sub_1004c750()
  6.25      1.15     0.24    12000     0.02     0.02  sub_1006ff60_native(char*, float*, int)
  5.99      1.38     0.23      400     0.58     0.89  sub_10059ed0()
  5.73      1.60     0.22      400     0.55     0.87  sub_10062f90()
  5.21      1.80     0.20    14569     0.01     0.01  sub_1005fc90()
  3.65      1.94     0.14      400     0.35     1.94  sub_1006b050()
  2.60      2.04     0.10   204800     0.00     0.00  sub_10062e20()
  2.60      2.14     0.10     5034     0.02     0.02  subopt_100646d0()
  2.60      2.24     0.10     4645     0.02     0.04  sub_100176d0()
  2.60      2.34     0.10      406     0.25     0.42  advapi32::readStr(unsigned int)
  2.34      2.43     0.09      800     0.11     0.11  sub_100704c0_native(unsigned char*)
  2.08      2.51     0.08      800     0.10     0.10  sub_10056490()
  2.08      2.59     0.08      800     0.10     0.10  sub_1006f230()
  1.82      2.66     0.07  2672408     0.00     0.00  fpuinsns::faddpst(int)
  1.82      2.73     0.07     2434     0.03     0.03  kernel32::readString(unsigned int)
  1.56      2.79     0.06    14038     0.00     0.00  subopt_10060f90()
  1.56      2.85     0.06    10794     0.01     0.01  sub_10066dc0()
  1.56      2.91     0.06     5034     0.01     0.11  sub_10015160()
  1.56      2.97     0.06     1593     0.04     0.07  sub_10004040()
  1.56      3.03     0.06        3    20.00    20.00  loadOverlay(char const*, int)
  1.30      3.08     0.05      400     0.13     0.13  sub_10055bd0()
  1.17      3.13     0.05    14038     0.00     0.00  subopt_100614d0()
  1.04      3.17     0.04  1714090     0.00     0.00  fpuinsns::fsubpst(int)
  1.04      3.21     0.04  1083822     0.00     0.00  sub_100c90d2_native(char const*, char const*)
  1.04      3.25     0.04     2935     0.01     0.01  sub_10026e60()
  1.04      3.29     0.04     1600     0.03     0.03  sub_1006fb80()
  1.04      3.33     0.04      400     0.10     0.10  sub_1005a700()
  0.78      3.36     0.03   205602     0.00     0.00  sub_100685e0()
  0.78      3.39     0.03    14038     0.00     0.00  update_pair_linear(unsigned int, unsigned int&, unsigned int, unsigned int, float, int&, float, float)
  0.78      3.42     0.03      194     0.15     0.15  sub_10070310()
  0.78      3.45     0.03                             writeWav(char const*, float const*, float const*, int, int)
  0.65      3.47     0.03    13441     0.00     0.00  sub_1005fc00()
  0.52      3.49     0.02  1314341     0.00     0.00  fpuinsns::fstpst(int)
  0.52      3.51     0.02   219788     0.00     0.00  fpuinsns::fxchst2(int, int)
  0.52      3.53     0.02    65536     0.00     0.00  sub_10061250()
  0.52      3.55     0.02    38994     0.00     0.00  sub_100609d0()
  0.52      3.57     0.02      800     0.03     0.03  sub_1006efe0()
  0.52      3.59     0.02       80     0.25     0.25  sub_10070180()
  0.26      3.60     0.01   148876     0.00     0.00  sub_10065960()
  0.26      3.61     0.01    70389     0.00     0.00  fpuinsns::fldst(int)
  0.26      3.62     0.01    60604     0.00     0.00  sub_10052a50()
  0.26      3.63     0.01    57042     0.00     0.00  sub_100cd430()
  0.26      3.64     0.01    53967     0.00     0.00  sub_100c8680()
  0.26      3.65     0.01    47250     0.00     0.00  sub_100cb766()
  0.26      3.66     0.01    40443     0.00     0.00  sub_1005f680()
  0.26      3.67     0.01    39401     0.00     0.00  subopt_100656a0()
  0.26      3.68     0.01    27867     0.00     0.00  sub_10050330()
  0.26      3.69     0.01    14221     0.00     0.00  sub_1004fda0()
  0.26      3.70     0.01     6735     0.00     0.00  sub_10004000()
  0.26      3.71     0.01     2760     0.00     0.00  sub_10068560()
  0.26      3.72     0.01     2121     0.00     0.00  sub_100c91a2()
  0.26      3.73     0.01      172     0.06     0.06  sub_1006fe90()
  0.26      3.74     0.01       13     0.77     0.77  sub_1006d3a0()
  0.26      3.75     0.01       12     0.83     0.83  sub_1006ef80()
  0.26      3.76     0.01       11     0.91     0.91  sub_1006d530()
  0.26      3.77     0.01        8     1.25     1.25  sub_1006efa0()
  0.26      3.78     0.01        7     1.43     3.15  sub_100c8cf0()
  0.26      3.79     0.01        6     1.67     1.67  sub_1006dce0()
  0.26      3.80     0.01        4     2.50     2.50  sub_1006d3e0()
  0.26      3.81     0.01        2     5.00     5.00  sub_1006f110()
  0.26      3.82     0.01                             fpuinsns::fsubst2(int, int)
  0.13      3.83     0.01    25900     0.00     0.00  sub_10060b20()
  0.13      3.83     0.01    14038     0.00     0.01  subopt_100617c0()
  0.13      3.84     0.01    12950     0.00     0.00  sub_10060b80()
  0.13      3.84     0.01        4     1.25     1.25  sub_1005f820()
  0.00      3.84     0.00   214758     0.00     0.00  fpuinsns::faddst(int)
  0.00      3.84     0.00   179439     0.00     0.00  fpuinsns::fmulpst(int)
  0.00      3.84     0.00   100534     0.00     0.00  fpuinsns::fppop()
  0.00      3.84     0.00    90998     0.00     0.00  sub_100cb56d()
  0.00      3.84     0.00    53912     0.00     0.00  sub_100c9f1a()
  0.00      3.84     0.00    41820     0.00     0.00  sub_10007230()
  0.00      3.84     0.00    38010     0.00     0.00  sub_100629a0()
  0.00      3.84     0.00    31520     0.00     0.00  fpuinsns::fppush(double)
  0.00      3.84     0.00    30062     0.00     0.00  fpuinsns::fsubrpst(int)
  0.00      3.84     0.00    29367     0.00     0.00  sub_100ca122()
  0.00      3.84     0.00    29332     0.00     0.00  sub_100c8749()
  0.00      3.84     0.00    28350     0.00     0.00  sub_100ca01f()
  0.00      3.84     0.00    26435     0.00     0.00  sub_10065640()
  0.00      3.84     0.00    25001     0.00     0.00  sub_1004fe50()
  0.00      3.84     0.00    23225     0.00     0.00  sub_10019f10()
  0.00      3.84     0.00    23108     0.00     0.00  sub_10050c10()
  0.00      3.84     0.00    21339     0.00     0.00  sub_100c9890()
  0.00      3.84     0.00    20480     0.00     0.00  sub_100501e0()
  0.00      3.84     0.00    20263     0.00     0.00  sub_100caaf0()
  0.00      3.84     0.00    19916     0.00     0.00  sub_10064ba0()
  0.00      3.84     0.00    19916     0.00     0.00  sub_10065a60()
  0.00      3.84     0.00    19916     0.00     0.00  fpuinsns::fchs()
  0.00      3.84     0.00    18980     0.00     0.00  sub_10058540()
  0.00      3.84     0.00    18980     0.00     0.00  sub_10062c20()
  0.00      3.84     0.00    18844     0.00     0.00  sub_10056df0()
  0.00      3.84     0.00    14569     0.00     0.00  subopt_1005f7e0()
  0.00      3.84     0.00    14569     0.00     0.00  subopt_10060380()
  0.00      3.84     0.00    14569     0.00     0.01  subopt_10060640()
  0.00      3.84     0.00    14038     0.00     0.00  subopt_10061330()
  0.00      3.84     0.00    13843     0.00     0.00  subopt_10007230()
  0.00      3.84     0.00    13441     0.00     0.00  sub_1005f800()
  0.00      3.84     0.00    11716     0.00     0.00  sub_1004d0c0()
  0.00      3.84     0.00    11716     0.00     0.00  sub_1004fd40()
  0.00      3.84     0.00    11550     0.00     0.00  indirectCall(int, int, int, int)
  0.00      3.84     0.00    10794     0.00     0.00  subopt_10065830()
  0.00      3.84     0.00     9958     0.00     0.00  fpuinsns::fsubst(int)
  0.00      3.84     0.00     9958     0.00     0.00  fpuinsns::fsubrst(int)
  0.00      3.84     0.00     9290     0.00     0.00  sub_10057220()
  0.00      3.84     0.00     8809     0.00     0.00  subopt_10059ed0()
  0.00      3.84     0.00     8125     0.00     0.00  sub_1005a420()
  0.00      3.84     0.00     6739     0.00     0.00  synsoemuIndirectCall(int, int, int, int)
  0.00      3.84     0.00     5453     0.00     0.00  sub_100c9d9b()
  0.00      3.84     0.00     4742     0.00     0.00  sub_1004fff0()
  0.00      3.84     0.00     4733     0.00     0.00  sub_100502a0()
  0.00      3.84     0.00     4649     0.00     0.00  sub_10067ed0()
  0.00      3.84     0.00     4645     0.00     0.00  sub_100175b0()
  0.00      3.84     0.00     4645     0.00     0.00  sub_10019e90()
  0.00      3.84     0.00     4645     0.00     0.00  sub_10055810()
  0.00      3.84     0.00     4506     0.00     0.00  sub_100ca3c0()
  0.00      3.84     0.00     4014     0.00     0.01  sub_10050ca0()
  0.00      3.84     0.00     4013     0.00     0.01  sub_100514d0()
  0.00      3.84     0.00     4012     0.00     0.00  sub_1004e2b0()
  0.00      3.84     0.00     4011     0.00     0.00  sub_1004d450()
  0.00      3.84     0.00     4011     0.00     0.00  sub_1004d470()
  0.00      3.84     0.00     3173     0.00     0.00  sub_10049f40()
  0.00      3.84     0.00     3173     0.00     0.00  sub_1004a140()
  0.00      3.84     0.00     2750     0.00     0.00  sub_10062750()
  0.00      3.84     0.00     2639     0.00     0.00  sub_100ca661()
  0.00      3.84     0.00     2568     0.00     0.00  sub_10068620()
  0.00      3.84     0.00     1864     0.00     0.00  sub_100ca290()
  0.00      3.84     0.00     1801     0.00     0.00  sub_10058370()
  0.00      3.84     0.00     1630     0.00     0.00  sub_10062c60()
  0.00      3.84     0.00     1617     0.00     0.00  sub_1004b180()
  0.00      3.84     0.00     1615     0.00     0.00  sub_10062430()
  0.00      3.84     0.00     1590     0.00     0.07  sub_100041b0()
  0.00      3.84     0.00     1590     0.00     0.00  kernel32::FindNextFileA()
  0.00      3.84     0.00     1535     0.00     0.00  sub_1004d4e0()
  0.00      3.84     0.00     1283     0.00     0.00  sub_10064ed0()
  0.00      3.84     0.00     1280     0.00     0.00  sub_10064fd0()
  0.00      3.84     0.00     1155     0.00     0.01  sub_10051d20()
  0.00      3.84     0.00     1155     0.00     0.00  sub_10052ab0()
  0.00      3.84     0.00     1092     0.00     0.00  sub_10058230()
  0.00      3.84     0.00     1024     0.00     0.00  sub_10065d80()
  0.00      3.84     0.00      988     0.00     0.00  sub_1006ff00()
  0.00      3.84     0.00      952     0.00     0.00  sub_100499c0()
  0.00      3.84     0.00      938     0.00     0.00  sub_1100112d()
  0.00      3.84     0.00      926     0.00     0.00  sub_100ca3f6()
  0.00      3.84     0.00      815     0.00     0.05  sub_10068890()
  0.00      3.84     0.00      800     0.00     0.00  sub_10056420()
  0.00      3.84     0.00      800     0.00     0.00  sub_1006ccd0()
  0.00      3.84     0.00      800     0.00     0.00  sub_1006ce60()
  0.00      3.84     0.00      800     0.00     0.11  sub_1006d830()
  0.00      3.84     0.00      800     0.00     0.00  StackGuard::~StackGuard()
  0.00      3.84     0.00      729     0.00     0.00  sub_1004d750()
  0.00      3.84     0.00      728     0.00     0.00  sub_1004d790()
  0.00      3.84     0.00      726     0.00     0.00  sub_10050850()
  0.00      3.84     0.00      720     0.00     0.00  sub_1004d090()
  0.00      3.84     0.00      720     0.00     0.00  sub_1004d820()
  0.00      3.84     0.00      720     0.00     0.00  sub_1004e210()
  0.00      3.84     0.00      720     0.00     0.00  sub_1004e580()
  0.00      3.84     0.00      720     0.00     0.00  sub_1004e830()
  0.00      3.84     0.00      720     0.00     0.00  sub_1004ffd0()
  0.00      3.84     0.00      720     0.00     0.04  sub_10051120()
  0.00      3.84     0.00      682     0.00     0.00  subopt_10060bf0()
  0.00      3.84     0.00      618     0.00     0.00  sub_10026cc0()
  0.00      3.84     0.00      566     0.00     0.00  sub_1006fec0()
  0.00      3.84     0.00      512     0.00     0.00  sub_100640b0()
  0.00      3.84     0.00      507     0.00     0.00  sub_77778888()
  0.00      3.84     0.00      467     0.00     0.00  sub_10070420()
  0.00      3.84     0.00      462     0.00     0.00  sub_10058970()
  0.00      3.84     0.00      438     0.00     0.02  sub_100644c0()
  0.00      3.84     0.00      418     0.00     0.00  sub_100dfe70()
  0.00      3.84     0.00      418     0.00     0.00  sub_100dfeb0()
  0.00      3.84     0.00      402     0.00     0.00  sub_100dfd90()
  0.00      3.84     0.00      400     0.00     0.00  sub_10007240()
  0.00      3.84     0.00      400     0.00     4.11  sub_10016ed0()
  0.00      3.84     0.00      400     0.00     0.00  sub_1001cfb0()
  0.00      3.84     0.00      400     0.00     0.00  sub_1003ae40()
  0.00      3.84     0.00      400     0.00     0.00  sub_10049980()
  0.00      3.84     0.00      400     0.00     0.00  sub_100499a0()
  0.00      3.84     0.00      400     0.00     0.00  sub_10055570()
  0.00      3.84     0.00      400     0.00     0.00  sub_100555d0()
  0.00      3.84     0.00      400     0.00     6.21  sub_100557e0()
  0.00      3.84     0.00      400     0.00     0.00  sub_100559b0()
  0.00      3.84     0.00      400     0.00     0.00  sub_10056aa0()
  0.00      3.84     0.00      400     0.00     6.21  sub_10056b90()
  0.00      3.84     0.00      400     0.00     2.04  sub_10062630()
  0.00      3.84     0.00      400     0.00     0.00  sub_10067f10()
  0.00      3.84     0.00      400     0.00     0.00  sub_10067f50()
  0.00      3.84     0.00      400     0.00     1.94  sub_10068870()
  0.00      3.84     0.00      400     0.00     0.00  sub_100688b0()
  0.00      3.84     0.00      400     0.00     0.00  sub_100688c0()
  0.00      3.84     0.00      400     0.00     0.42  sub_1006df90()
  0.00      3.84     0.00      400     0.00     0.00  sub_10070470()
  0.00      3.84     0.00      400     0.00     0.00  fpuinsns::fistp32()
  0.00      3.84     0.00      396     0.00     0.00  sub_1005cf90()
  0.00      3.84     0.00      370     0.00     0.01  sub_1001dfa0()
  0.00      3.84     0.00      332     0.00     0.00  sub_1006fb40()
  0.00      3.84     0.00      320     0.00     0.00  sub_1005bd60()
  0.00      3.84     0.00      280     0.00     0.00  sub_1005eaa0()
  0.00      3.84     0.00      278     0.00     0.00  sub_11001000()
  0.00      3.84     0.00      274     0.00     0.00  sub_10008b60()
  0.00      3.84     0.00      265     0.00     0.01  sub_1001e1b0()
  0.00      3.84     0.00      265     0.00     0.00  sub_1001e1e0()
  0.00      3.84     0.00      262     0.00     0.00  sub_10068250()
  0.00      3.84     0.00      246     0.00     0.00  sub_10007190()
  0.00      3.84     0.00      246     0.00     0.00  sub_1000b870()
  0.00      3.84     0.00      246     0.00     0.00  sub_10058870()
  0.00      3.84     0.00      238     0.00     0.00  sub_100702a0()
  0.00      3.84     0.00      238     0.00     0.00  sub_100702e0()
  0.00      3.84     0.00      238     0.00     0.00  sub_100702f0()
  0.00      3.84     0.00      215     0.00     0.01  sub_1001de80()
  0.00      3.84     0.00      204     0.00     0.00  sub_10051da0()
  0.00      3.84     0.00      197     0.00     0.00  sub_100c8c30()
  0.00      3.84     0.00      192     0.00     0.00  sub_1005c930()
  0.00      3.84     0.00      167     0.00     0.00  sub_100cd51c()
  0.00      3.84     0.00      166     0.00     0.00  sub_1005b7d0()
  0.00      3.84     0.00      165     0.00     0.01  sub_1001df10()
  0.00      3.84     0.00      163     0.00     0.00  fpuinsns::fmulst(int)
  0.00      3.84     0.00      146     0.00     0.00  void std::vector<std::pair<std::__cxx11::basic_string<char, std::char_traits<char>, std::allocator<char> >, bool>, std::allocator<std::pair<std::__cxx11::basic_string<char, std::char_traits<char>, std::allocator<char> >, bool> > >::_M_realloc_insert<std::pair<std::__cxx11::basic_string<char, std::char_traits<char>, std::allocator<char> >, bool> >(__gnu_cxx::__normal_iterator<std::pair<std::__cxx11::basic_string<char, std::char_traits<char>, std::allocator<char> >, bool>*, std::vector<std::pair<std::__cxx11::basic_string<char, std::char_traits<char>, std::allocator<char> >, bool>, std::allocator<std::pair<std::__cxx11::basic_string<char, std::char_traits<char>, std::allocator<char> >, bool> > > >, std::pair<std::__cxx11::basic_string<char, std::char_traits<char>, std::allocator<char> >, bool>&&)
  0.00      3.84     0.00      144     0.00     0.00  sub_1006df10()
  0.00      3.84     0.00      137     0.00     0.00  sub_100599b0()
  0.00      3.84     0.00      135     0.00     0.01  sub_1001de50()
  0.00      3.84     0.00      135     0.00     0.01  sub_1001e210()
  0.00      3.84     0.00      135     0.00     0.00  sub_1001e240()
  0.00      3.84     0.00      132     0.00     0.01  sub_1001e0f0()
  0.00      3.84     0.00      132     0.00     0.00  sub_1001e120()
  0.00      3.84     0.00      130     0.00     0.02  sub_100c8c60()
  0.00      3.84     0.00      130     0.00     0.00  sub_100ce243()
  0.00      3.84     0.00      128     0.00     0.01  sub_1001d910()
  0.00      3.84     0.00      128     0.00     0.01  sub_1001d940()
  0.00      3.84     0.00      128     0.00     0.01  sub_1001d970()
  0.00      3.84     0.00      128     0.00     0.01  sub_1001d9a0()
  0.00      3.84     0.00      128     0.00     0.01  sub_1001d9d0()
  0.00      3.84     0.00      128     0.00     0.01  sub_1001da00()
  0.00      3.84     0.00      128     0.00     0.01  sub_1001da90()
  0.00      3.84     0.00      128     0.00     0.01  sub_1001dac0()
  0.00      3.84     0.00      125     0.00     0.00  sub_10077ca0()
  0.00      3.84     0.00      120     0.00     0.01  sub_100578f0()
  0.00      3.84     0.00      120     0.00     0.00  sub_1005c2e0()
  0.00      3.84     0.00      113     0.00     0.00  sub_1000c440()
  0.00      3.84     0.00      108     0.00     0.79  sub_10007ce0()
  0.00      3.84     0.00       95     0.00     0.00  kernel32::ReadFile()
  0.00      3.84     0.00       94     0.00     0.00  sub_1005a960()
  0.00      3.84     0.00       88     0.00     0.00  sub_10058ab0()
  0.00      3.84     0.00       86     0.00     0.00  sub_1006fe50()
  0.00      3.84     0.00       84     0.00     0.00  sub_10007620()
  0.00      3.84     0.00       84     0.00     0.00  sub_1001b850()
  0.00      3.84     0.00       84     0.00     0.00  sub_10057810()
  0.00      3.84     0.00       84     0.00     0.00  sub_100579d0()
  0.00      3.84     0.00       84     0.00     0.00  sub_10057a00()
  0.00      3.84     0.00       84     0.00     0.00  sub_10057a30()
  0.00      3.84     0.00       84     0.00     0.00  sub_10057aa0()
  0.00      3.84     0.00       84     0.00     0.00  sub_10057c70()
  0.00      3.84     0.00       84     0.00     0.01  sub_10057cc0()
  0.00      3.84     0.00       81     0.00     0.01  sub_10050a50()
  0.00      3.84     0.00       80     0.00     0.00  sub_10057fa0()
  0.00      3.84     0.00       80     0.00     0.00  sub_10069c30()
  0.00      3.84     0.00       80     0.00     0.00  sub_10070260()
  0.00      3.84     0.00       78     0.00     0.00  fpuinsns::fdivp80(double&)
  0.00      3.84     0.00       76     0.00     0.00  sub_100c924a()
  0.00      3.84     0.00       71     0.00     0.51  sub_1006a4e0()
  0.00      3.84     0.00       70     0.00     0.00  sub_1004fb80()
  0.00      3.84     0.00       70     0.00     0.00  sub_100520f0()
  0.00      3.84     0.00       70     0.00     0.00  sub_100521d0()
  0.00      3.84     0.00       69     0.00     0.00  sub_1001f0c0()
  0.00      3.84     0.00       69     0.00     0.00  sub_1001f0d0()
  0.00      3.84     0.00       69     0.00     0.00  sub_10026fb0()
  0.00      3.84     0.00       68     0.00     0.00  sub_10031d70()
  0.00      3.84     0.00       67     0.00     0.00  sub_10070390()
  0.00      3.84     0.00       66     0.00     0.00  sub_10058480()
  0.00      3.84     0.00       66     0.00     0.00  sub_1006fab0()
  0.00      3.84     0.00       56     0.00     0.00  sub_1006f1a0()
  0.00      3.84     0.00       54     0.00     0.00  sub_10056ef0()
  0.00      3.84     0.00       48     0.00     0.00  sub_10058620()
  0.00      3.84     0.00       48     0.00     0.00  sub_10064670()
  0.00      3.84     0.00       48     0.00     0.00  sub_1006f1e0()
  0.00      3.84     0.00       46     0.00     0.00  sub_1003bd60()
  0.00      3.84     0.00       46     0.00     0.00  sub_100c9ce7()
  0.00      3.84     0.00       44     0.00     0.00  sub_10069030()
  0.00      3.84     0.00       44     0.00     0.00  sub_1006fad0()
  0.00      3.84     0.00       42     0.00     0.00  sub_1004c150()
  0.00      3.84     0.00       42     0.00     0.00  sub_100ce5e8()
  0.00      3.84     0.00       42     0.00     0.00  fpuinsns::fdivrpst(int)
  0.00      3.84     0.00       40     0.00     0.00  sub_10007b20()
  0.00      3.84     0.00       40     0.00     0.01  sub_1001dfd0()
  0.00      3.84     0.00       40     0.00     0.00  sub_10036ac0()
  0.00      3.84     0.00       40     0.00     0.00  sub_1004fae0()
  0.00      3.84     0.00       40     0.00     0.00  sub_1004fb30()
  0.00      3.84     0.00       40     0.00     0.00  sub_10051bd0()
  0.00      3.84     0.00       40     0.00     0.00  sub_10051ff0()
  0.00      3.84     0.00       40     0.00     0.00  sub_10052090()
  0.00      3.84     0.00       40     0.00     0.00  sub_10058160()
  0.00      3.84     0.00       40     0.00     0.00  sub_10065780()
  0.00      3.84     0.00       40     0.00     0.00  sub_100682e0()
  0.00      3.84     0.00       40     0.00     0.00  sub_10068320()
  0.00      3.84     0.00       40     0.00     0.00  sub_10068360()
  0.00      3.84     0.00       40     0.00     0.00  sub_10068380()
  0.00      3.84     0.00       40     0.00     0.00  sub_10069080()
  0.00      3.84     0.00       40     0.00     0.00  sub_10069100()
  0.00      3.84     0.00       40     0.00     0.00  sub_10069170()
  0.00      3.84     0.00       40     0.00     0.00  sub_100691c0()
  0.00      3.84     0.00       40     0.00     0.00  sub_1006d7c0()
  0.00      3.84     0.00       36     0.00     0.01  sub_10057970()
  0.00      3.84     0.00       36     0.00     0.00  sub_10069a90()
  0.00      3.84     0.00       36     0.00     0.00  sub_10070550()
  0.00      3.84     0.00       35     0.00     0.00  sub_10025cb0()
  0.00      3.84     0.00       35     0.00     0.00  sub_1004ba00()
  0.00      3.84     0.00       35     0.00     0.00  sub_1004ba50()
  0.00      3.84     0.00       35     0.00     0.18  sub_10052440()
  0.00      3.84     0.00       34     0.00     0.00  sub_100682c0()
  0.00      3.84     0.00       34     0.00     0.00  sub_10068300()
  0.00      3.84     0.00       34     0.00     0.00  sub_10068340()
  0.00      3.84     0.00       34     0.00     0.00  sub_100690d0()
  0.00      3.84     0.00       34     0.00     0.00  sub_10069130()
  0.00      3.84     0.00       33     0.00     0.01  sub_1001e150()
  0.00      3.84     0.00       33     0.00     0.00  sub_1001e180()
  0.00      3.84     0.00       32     0.00     0.01  sub_1001dbb0()
  0.00      3.84     0.00       32     0.00     0.01  sub_1001dbe0()
  0.00      3.84     0.00       32     0.00     0.01  sub_1001dc10()
  0.00      3.84     0.00       32     0.00     0.01  sub_1001dc40()
  0.00      3.84     0.00       32     0.00     0.01  sub_1001dc70()
  0.00      3.84     0.00       32     0.00     0.01  sub_1001dca0()
  0.00      3.84     0.00       32     0.00     0.01  sub_1001dd30()
  0.00      3.84     0.00       32     0.00     0.00  sub_1006f980()
  0.00      3.84     0.00       31     0.00     0.00  kernel32::vfsTranslate(std::__cxx11::basic_string<char, std::char_traits<char>, std::allocator<char> > const&)
  0.00      3.84     0.00       30     0.00     0.01  sub_1001df40()
  0.00      3.84     0.00       30     0.00     0.00  sub_1004fc00()
  0.00      3.84     0.00       30     0.00     0.00  sub_10052350()
  0.00      3.84     0.00       30     0.00     0.00  sub_1005cdf0()
  0.00      3.84     0.00       30     0.00     0.00  sub_1005ce50()
  0.00      3.84     0.00       30     0.00     0.00  sub_1005d150()
  0.00      3.84     0.00       30     0.00     0.00  sub_10069750()
  0.00      3.84     0.00       30     0.00     0.00  sub_1006e360()
  0.00      3.84     0.00       28     0.00     0.00  sub_10037010()
  0.00      3.84     0.00       28     0.00     0.00  sub_10071e20()
  0.00      3.84     0.00       27     0.00     0.00  sub_1001f190()
  0.00      3.84     0.00       27     0.00     0.00  sub_1004b0d0()
  0.00      3.84     0.00       27     0.00     0.00  sub_1004b660()
  0.00      3.84     0.00       27     0.00     0.03  kernel32::FindFirstFileA()
  0.00      3.84     0.00       25     0.00     0.00  sub_10007430()
  0.00      3.84     0.00       25     0.00     0.00  sub_1001d5e0()
  0.00      3.84     0.00       25     0.00     0.00  sub_1001d610()
  0.00      3.84     0.00       25     0.00     0.00  sub_10049db0()
  0.00      3.84     0.00       25     0.00     0.09  sub_10051de0()
  0.00      3.84     0.00       24     0.00     0.00  sub_100015a0()
  0.00      3.84     0.00       24     0.00     0.00  sub_1005fbc0()
  0.00      3.84     0.00       24     0.00     0.00  sub_10060b40()
  0.00      3.84     0.00       24     0.00     0.00  sub_10064b20()
  0.00      3.84     0.00       24     0.00     0.00  sub_1006d140()
  0.00      3.84     0.00       24     0.00     0.00  push32(unsigned int)
  0.00      3.84     0.00       22     0.00     0.00  sub_10049a60()
  0.00      3.84     0.00       22     0.00     0.44  sub_10058690()
  0.00      3.84     0.00       22     0.00     0.00  sub_100ca6c6()
  0.00      3.84     0.00       21     0.00     0.00  sub_1001bf10()
  0.00      3.84     0.00       21     0.00     0.00  sub_100ca480()
  0.00      3.84     0.00       20     0.00     0.00  sub_10005150()
  0.00      3.84     0.00       20     0.00     0.00  sub_1001d580()
  0.00      3.84     0.00       20     0.00     0.00  sub_1001d5b0()
  0.00      3.84     0.00       20     0.00     0.00  sub_10052010()
  0.00      3.84     0.00       20     0.00     0.00  sub_100655b0()
  0.00      3.84     0.00       20     0.00     0.00  sub_10067fc0()
  0.00      3.84     0.00       20     0.00     0.00  sub_10068190()
  0.00      3.84     0.00       20     0.00     0.00  sub_10068200()
  0.00      3.84     0.00       20     0.00     0.00  sub_10069cc0()
  0.00      3.84     0.00       20     0.00     0.00  sub_10069da0()
  0.00      3.84     0.00       20     0.00     0.00  sub_10069e40()
  0.00      3.84     0.00       20     0.00     0.00  sub_1006f1d0()
  0.00      3.84     0.00       19     0.00     0.00  sub_10056db0()
  0.00      3.84     0.00       19     0.00     0.00  sub_100574c0()
  0.00      3.84     0.00       18     0.00     0.00  sub_10065870()
  0.00      3.84     0.00       18     0.00     0.00  sub_1006d5d0()
  0.00      3.84     0.00       18     0.00     0.00  sub_1006d6f0()
  0.00      3.84     0.00       18     0.00     0.00  kernel32::GetProcAddress()
  0.00      3.84     0.00       17     0.00     0.04  sub_10031f60()
  0.00      3.84     0.00       17     0.00     0.00  sub_100c9860()
  0.00      3.84     0.00       17     0.00     0.00  fpuinsns::fsqrt()
  0.00      3.84     0.00       16     0.00     0.00  sub_10019570()
  0.00      3.84     0.00       16     0.00     0.00  sub_100580e0()
  0.00      3.84     0.00       16     0.00     0.00  sub_1006cc20()
  0.00      3.84     0.00       16     0.00     0.00  sub_1006fa20()
  0.00      3.84     0.00       15     0.00     0.01  sub_1001de20()
  0.00      3.84     0.00       15     0.00     0.00  sub_100cd50a()
  0.00      3.84     0.00       14     0.00     0.00  sub_1004c1f0()
  0.00      3.84     0.00       14     0.00     0.00  sub_1004c2a0()
  0.00      3.84     0.00       12     0.00     0.34  sub_10007d40()
  0.00      3.84     0.00       12     0.00     0.00  sub_10055430()
  0.00      3.84     0.00       12     0.00     0.00  sub_10055480()
  0.00      3.84     0.00       12     0.00     0.00  sub_10058050()
  0.00      3.84     0.00       12     0.00     0.00  sub_100584c0()
  0.00      3.84     0.00       12     0.00     0.00  sub_10066d40()
  0.00      3.84     0.00       12     0.00     0.00  sub_1006cc10()
  0.00      3.84     0.00       10     0.00     0.00  sub_100076c0()
  0.00      3.84     0.00       10     0.00     0.01  sub_1001d460()
  0.00      3.84     0.00       10     0.00     0.01  sub_1001d490()
  0.00      3.84     0.00       10     0.00     0.00  sub_1001f1a0()
  0.00      3.84     0.00       10     0.00     0.00  sub_10031d10()
  0.00      3.84     0.00       10     0.00     0.00  sub_10049d80()
  0.00      3.84     0.00       10     0.00     0.00  sub_1004b6d0()
  0.00      3.84     0.00       10     0.00     1.00  sub_1004b6f0()
  0.00      3.84     0.00       10     0.00     1.00  sub_1004b8b0()
  0.00      3.84     0.00       10     0.00     0.00  sub_1004b950()
  0.00      3.84     0.00       10     0.00     0.00  sub_1004fc40()
  0.00      3.84     0.00       10     0.00     1.00  sub_1004fc90()
  0.00      3.84     0.00       10     0.00     0.17  sub_10051c50()
  0.00      3.84     0.00       10     0.00     0.00  sub_100523c0()
  0.00      3.84     0.00       10     0.00     1.00  sub_10052760()
  0.00      3.84     0.00       10     0.00     0.00  sub_10059060()
  0.00      3.84     0.00       10     0.00     0.00  sub_100597a0()
  0.00      3.84     0.00       10     0.00     0.00  sub_1005b640()
  0.00      3.84     0.00       10     0.00     0.00  sub_1005b750()
  0.00      3.84     0.00       10     0.00     0.00  sub_1005c0e0()
  0.00      3.84     0.00       10     0.00     0.00  sub_1005c280()
  0.00      3.84     0.00       10     0.00     0.00  sub_1005c6c0()
  0.00      3.84     0.00       10     0.00     0.00  sub_1005c800()
  0.00      3.84     0.00       10     0.00     0.00  sub_1005c860()
  0.00      3.84     0.00       10     0.00     0.00  sub_1005cae0()
  0.00      3.84     0.00       10     0.00     0.00  sub_1005ea40()
  0.00      3.84     0.00       10     0.00     0.00  sub_1005f0b0()
  0.00      3.84     0.00       10     0.00     0.00  sub_10068230()
  0.00      3.84     0.00       10     0.00     0.00  sub_10068430()
  0.00      3.84     0.00       10     0.00     0.00  sub_100684e0()
  0.00      3.84     0.00       10     0.00     0.00  sub_10069830()
  0.00      3.84     0.00       10     0.00     0.00  sub_100699a0()
  0.00      3.84     0.00        9     0.00     0.00  sub_100071e0()
  0.00      3.84     0.00        9     0.00     0.00  sub_1001b220()
  0.00      3.84     0.00        9     0.00     0.00  sub_10058500()
  0.00      3.84     0.00        8     0.00     0.00  sub_100044e0()
  0.00      3.84     0.00        8     0.00   116.28  sub_10019620()
  0.00      3.84     0.00        8     0.00    63.92  sub_1001c7f0()
  0.00      3.84     0.00        8     0.00     0.01  sub_1004a850()
  0.00      3.84     0.00        8     0.00     0.00  sub_1004c430()
  0.00      3.84     0.00        8     0.00     0.00  sub_10058340()
  0.00      3.84     0.00        8     0.00     0.00  sub_100608b0()
  0.00      3.84     0.00        8     0.00     0.00  sub_10061b60()
  0.00      3.84     0.00        8     0.00     0.00  sub_10064a10()
  0.00      3.84     0.00        8     0.00     0.00  sub_10064a70()
  0.00      3.84     0.00        8     0.00     0.00  sub_10064ad0()
  0.00      3.84     0.00        8     0.00     0.00  sub_10064b00()
  0.00      3.84     0.00        8     0.00     0.00  sub_10064c50()
  0.00      3.84     0.00        8     0.00     0.07  sub_100653c0()
  0.00      3.84     0.00        8     0.00     0.00  sub_100677c0()
  0.00      3.84     0.00        8     0.00     0.00  sub_1006cc80()
  0.00      3.84     0.00        8     0.00     0.00  sub_1006f930()
  0.00      3.84     0.00        8     0.00     0.00  sub_10070510()
  0.00      3.84     0.00        8     0.00     0.00  sub_100ca881()
  0.00      3.84     0.00        8     0.00     0.00  fpuinsns::fmulst2(int, int)
  0.00      3.84     0.00        7     0.00     0.00  sub_10004110()
  0.00      3.84     0.00        7     0.00     0.00  sub_10026b60()
  0.00      3.84     0.00        7     0.00     0.00  sub_1006a220()
  0.00      3.84     0.00        7     0.00     0.00  sub_1006e8f0()
  0.00      3.84     0.00        6     0.00     0.00  sub_10007490()
  0.00      3.84     0.00        6     0.00     0.00  sub_1001d700()
  0.00      3.84     0.00        6     0.00     0.00  sub_1001d730()
  0.00      3.84     0.00        6     0.00     0.01  sub_1004a030()
  0.00      3.84     0.00        6     0.00     0.00  sub_10054730()
  0.00      3.84     0.00        6     0.00     0.00  sub_10057150()
  0.00      3.84     0.00        6     0.00     0.00  sub_10064b80()
  0.00      3.84     0.00        6     0.00     0.00  sub_100685c0()
  0.00      3.84     0.00        6     0.00     0.00  sub_10069ee0()
  0.00      3.84     0.00        6     0.00     6.54  sub_1006a010()
  0.00      3.84     0.00        6     0.00     0.51  sub_1006bc30()
  0.00      3.84     0.00        6     0.00     0.00  sub_1006d160()
  0.00      3.84     0.00        6     0.00     0.00  sub_1006d180()
  0.00      3.84     0.00        6     0.00     0.03  kernel32::CreateFileA()
  0.00      3.84     0.00        5     0.00    21.59  sub_10004520()
  0.00      3.84     0.00        5     0.00    24.73  sub_10004740()
  0.00      3.84     0.00        5     0.00     0.01  sub_100074f0()
  0.00      3.84     0.00        5     0.00     0.07  sub_100075b0()
  0.00      3.84     0.00        5     0.00     3.87  sub_1000b9f0()
  0.00      3.84     0.00        5     0.00     3.87  sub_1000c580()
  0.00      3.84     0.00        5     0.00     0.00  sub_10019e80()
  0.00      3.84     0.00        5     0.00     1.00  sub_1001a530()
  0.00      3.84     0.00        5     0.00     0.01  sub_1001d1c0()
  0.00      3.84     0.00        5     0.00     0.01  sub_1001d220()
  0.00      3.84     0.00        5     0.00     0.01  sub_1001d4c0()
  0.00      3.84     0.00        5     0.00     0.01  sub_1001d4f0()
  0.00      3.84     0.00        5     0.00     0.00  sub_1001d760()
  0.00      3.84     0.00        5     0.00     0.01  sub_1001d790()
  0.00      3.84     0.00        5     0.00     0.00  sub_1001d7f0()
  0.00      3.84     0.00        5     0.00     0.01  sub_1001ddc0()
  0.00      3.84     0.00        5     0.00     0.01  sub_1001ddf0()
  0.00      3.84     0.00        5     0.00     0.01  sub_1001deb0()
  0.00      3.84     0.00        5     0.00     0.01  sub_1001e000()
  0.00      3.84     0.00        5     0.00     0.01  sub_1001e360()
  0.00      3.84     0.00        5     0.00     0.01  sub_1001e390()
  0.00      3.84     0.00        5     0.00     0.01  sub_1001e3c0()
  0.00      3.84     0.00        5     0.00     0.01  sub_1001e3f0()
  0.00      3.84     0.00        5     0.00     0.01  sub_1001e420()
  0.00      3.84     0.00        5     0.00     0.00  sub_1004e300()
  0.00      3.84     0.00        5     0.00     0.00  sub_1004e340()
  0.00      3.84     0.00        5     0.00     0.00  sub_10050520()
  0.00      3.84     0.00        5     0.00     0.00  sub_10059860()
  0.00      3.84     0.00        5     0.00     0.01  sub_1005a390()
  0.00      3.84     0.00        5     0.00     0.00  sub_10062860()
  0.00      3.84     0.00        5     0.00     0.00  sub_10063e30()
  0.00      3.84     0.00        5     0.00     0.00  sub_100ca62f()
  0.00      3.84     0.00        5     0.00     0.00  GetFileContents(std::__cxx11::basic_string<char, std::char_traits<char>, std::allocator<char> >)
  0.00      3.84     0.00        4     0.00     4.03  sub_10009310()
  0.00      3.84     0.00        4     0.00     0.00  sub_10009670()
  0.00      3.84     0.00        4     0.00     4.03  sub_1000b930()
  0.00      3.84     0.00        4     0.00     0.00  sub_1000bf80()
  0.00      3.84     0.00        4     0.00     0.00  sub_1000c430()
  0.00      3.84     0.00        4     0.00     5.00  sub_100194d0()
  0.00      3.84     0.00        4     0.00   127.84  sub_1001b540()
  0.00      3.84     0.00        4     0.00     0.00  sub_1001d160()
  0.00      3.84     0.00        4     0.00     0.01  sub_1001d190()
  0.00      3.84     0.00        4     0.00     0.01  sub_1001d1f0()
  0.00      3.84     0.00        4     0.00     0.01  sub_1001d520()
  0.00      3.84     0.00        4     0.00     0.01  sub_1001d550()
  0.00      3.84     0.00        4     0.00     0.00  sub_1001d7c0()
  0.00      3.84     0.00        4     0.00     0.01  sub_1001d8b0()
  0.00      3.84     0.00        4     0.00     0.01  sub_1001d8e0()
  0.00      3.84     0.00        4     0.00     0.01  sub_1001da30()
  0.00      3.84     0.00        4     0.00     0.01  sub_1001da60()
  0.00      3.84     0.00        4     0.00     0.01  sub_1001daf0()
  0.00      3.84     0.00        4     0.00     0.01  sub_1001db20()
  0.00      3.84     0.00        4     0.00     0.00  sub_1001f550()
  0.00      3.84     0.00        4     0.00     0.00  sub_100217f0()
  0.00      3.84     0.00        4     0.00     0.00  sub_100218d0()
  0.00      3.84     0.00        4     0.00     0.00  sub_10022a80()
  0.00      3.84     0.00        4     0.00     0.00  sub_10022be0()
  0.00      3.84     0.00        4     0.00     0.00  sub_10025c00()
  0.00      3.84     0.00        4     0.00     0.00  sub_10031b90()
  0.00      3.84     0.00        4     0.00     0.00  sub_10049882()
  0.00      3.84     0.00        4     0.00     0.00  sub_10049e10()
  0.00      3.84     0.00        4     0.00     0.00  sub_1004a6d0()
  0.00      3.84     0.00        4     0.00     0.00  sub_100503e0()
  0.00      3.84     0.00        4     0.00     0.00  sub_100554b0()
  0.00      3.84     0.00        4     0.00     0.00  sub_10055620()
  0.00      3.84     0.00        4     0.00     0.00  sub_10055700()
  0.00      3.84     0.00        4     0.00     0.00  sub_100557c0()
  0.00      3.84     0.00        4     0.00     0.00  sub_10055f40()
  0.00      3.84     0.00        4     0.00     0.00  sub_10057ea0()
  0.00      3.84     0.00        4     0.00     0.00  sub_1005f790()
  0.00      3.84     0.00        4     0.00     0.00  sub_10060af0()
  0.00      3.84     0.00        4     0.00     0.00  sub_10061120()
  0.00      3.84     0.00        4     0.00     0.00  sub_10061c80()
  0.00      3.84     0.00        4     0.00     5.00  sub_10062040()
  0.00      3.84     0.00        4     0.00     0.00  sub_10064570()
  0.00      3.84     0.00        4     0.00     0.00  sub_10064dc0()
  0.00      3.84     0.00        4     0.00     1.03  sub_10064f10()
  0.00      3.84     0.00        4     0.00     0.00  sub_10065e70()
  0.00      3.84     0.00        4     0.00     0.00  sub_10066c80()
  0.00      3.84     0.00        4     0.00     0.00  sub_10067e60()
  0.00      3.84     0.00        4     0.00     0.00  sub_10067eb0()
  0.00      3.84     0.00        4     0.00     0.00  sub_10067ef0()
  0.00      3.84     0.00        4     0.00     0.51  sub_100686f0()
  0.00      3.84     0.00        4     0.00     0.00  sub_1006a2f0()
  0.00      3.84     0.00        4     0.00     0.00  sub_1006a320()
  0.00      3.84     0.00        4     0.00     0.00  sub_1006a450()
  0.00      3.84     0.00        4     0.00     0.00  sub_1006a490()
  0.00      3.84     0.00        4     0.00     0.51  sub_1006c130()
  0.00      3.84     0.00        4     0.00     0.00  sub_1006c340()
  0.00      3.84     0.00        4     0.00     0.00  sub_1006d1a0()
  0.00      3.84     0.00        4     0.00     0.00  sub_1006d250()
  0.00      3.84     0.00        4     0.00     0.00  sub_1006e770()
  0.00      3.84     0.00        4     0.00     0.00  sub_1006e990()
  0.00      3.84     0.00        4     0.00     0.00  sub_10070590()
  0.00      3.84     0.00        4     0.00     0.00  kernel32::CloseHandle()
  0.00      3.84     0.00        3     0.00     0.00  sub_10001670()
  0.00      3.84     0.00        3     0.00     0.28  sub_10003a90()
  0.00      3.84     0.00        3     0.00     1.67  sub_10004bc0()
  0.00      3.84     0.00        3     0.00     0.00  sub_10019530()
  0.00      3.84     0.00        3     0.00     0.00  sub_10019eb0()
  0.00      3.84     0.00        3     0.00     0.00  sub_1001a500()
  0.00      3.84     0.00        3     0.00     0.00  sub_1001d3a0()
  0.00      3.84     0.00        3     0.00     0.01  sub_1001d3d0()
  0.00      3.84     0.00        3     0.00     0.00  sub_1001ef70()
  0.00      3.84     0.00        3     0.00     0.24  sub_10032f40()
  0.00      3.84     0.00        3     0.00     0.24  sub_10032fa0()
  0.00      3.84     0.00        3     0.00     0.00  sub_10049ea0()
  0.00      3.84     0.00        3     0.00     0.00  sub_10049ed0()
  0.00      3.84     0.00        3     0.00     0.00  sub_1004b2c0()
  0.00      3.84     0.00        3     0.00     0.00  sub_1004c330()
  0.00      3.84     0.00        3     0.00     0.00  sub_10052c90()
  0.00      3.84     0.00        3     0.00     0.00  sub_10052ce0()
  0.00      3.84     0.00        3     0.00     0.00  sub_10052ec0()
  0.00      3.84     0.00        3     0.00     0.00  sub_10054250()
  0.00      3.84     0.00        3     0.00     0.00  sub_100542a0()
  0.00      3.84     0.00        3     0.00     0.00  sub_100542c0()
  0.00      3.84     0.00        3     0.00     0.00  sub_100542d0()
  0.00      3.84     0.00        3     0.00     0.00  sub_1005f300()
  0.00      3.84     0.00        3     0.00     0.00  sub_10064410()
  0.00      3.84     0.00        3     0.00     0.00  sub_10065680()
  0.00      3.84     0.00        3     0.00     0.00  sub_10065df0()
  0.00      3.84     0.00        3     0.00     0.00  sub_10066d70()
  0.00      3.84     0.00        3     0.00     0.00  sub_10067860()
  0.00      3.84     0.00        3     0.00     0.00  sub_1006a130()
  0.00      3.84     0.00        3     0.00    12.06  sub_1006be50()
  0.00      3.84     0.00        3     0.00     1.42  sub_1006c0b0()
  0.00      3.84     0.00        3     0.00     0.02  sub_10076900()
  0.00      3.84     0.00        3     0.00     0.00  sub_11005ea6()
  0.00      3.84     0.00        3     0.00     0.42  advapi32::RegOpenKeyExA()
  0.00      3.84     0.00        3     0.00     0.42  advapi32::RegQueryValueExA()
  0.00      3.84     0.00        3     0.00     0.00  kernel32::GetFileSize()
  0.00      3.84     0.00        2     0.00    29.81  sub_100016e0()
  0.00      3.84     0.00        2     0.00     3.15  sub_10004020()
  0.00      3.84     0.00        2     0.00     0.24  sub_100073c0()
  0.00      3.84     0.00        2     0.00     0.00  sub_100078b0()
  0.00      3.84     0.00        2     0.00     0.00  sub_10007b40()
  0.00      3.84     0.00        2     0.00     0.01  sub_10009270()
  0.00      3.84     0.00        2     0.00   500.59  sub_1000a710()
  0.00      3.84     0.00        2     0.00     0.01  sub_1001d2b0()
  0.00      3.84     0.00        2     0.00     0.00  sub_1001d640()
  0.00      3.84     0.00        2     0.00     0.01  sub_1001e090()
  0.00      3.84     0.00        2     0.00     0.00  sub_1001e0c0()
  0.00      3.84     0.00        2     0.00     0.01  sub_1001e2d0()
  0.00      3.84     0.00        2     0.00     0.01  sub_1001e300()
  0.00      3.84     0.00        2     0.00     0.01  sub_1001e330()
  0.00      3.84     0.00        2     0.00     0.00  sub_100230c0()
  0.00      3.84     0.00        2     0.00     0.00  sub_10025a00()
  0.00      3.84     0.00        2     0.00     0.00  sub_10025fb0()
  0.00      3.84     0.00        2     0.00     0.00  sub_10026040()
  0.00      3.84     0.00        2     0.00     0.00  sub_100496ba()
  0.00      3.84     0.00        2     0.00     0.04  sub_1004a270()
  0.00      3.84     0.00        2     0.00     0.04  sub_1004aaa0()
  0.00      3.84     0.00        2     0.00     0.00  sub_1004b690()
  0.00      3.84     0.00        2     0.00     0.00  sub_1004d140()
  0.00      3.84     0.00        2     0.00     0.00  sub_1004d710()
  0.00      3.84     0.00        2     0.00     0.00  sub_1004e1e0()
  0.00      3.84     0.00        2     0.00     0.00  sub_1004e3d0()
  0.00      3.84     0.00        2     0.00     0.00  sub_10050650()
  0.00      3.84     0.00        2     0.00     0.01  sub_10051670()
  0.00      3.84     0.00        2     0.00     0.00  sub_10062760()
  0.00      3.84     0.00        2     0.00     5.00  sub_10064530()
  0.00      3.84     0.00        2     0.00     0.00  sub_10065910()
  0.00      3.84     0.00        2     0.00     0.00  sub_10067350()
  0.00      3.84     0.00        2     0.00     0.00  sub_10067630()
  0.00      3.84     0.00        2     0.00     0.00  sub_100688a0()
  0.00      3.84     0.00        2     0.00     1.03  sub_100688d0()
  0.00      3.84     0.00        2     0.00    12.58  sub_100688f0()
  0.00      3.84     0.00        2     0.00     0.51  sub_100689e0()
  0.00      3.84     0.00        2     0.00     2.50  sub_100689f0()
  0.00      3.84     0.00        2     0.00     0.51  sub_10068a30()
  0.00      3.84     0.00        2     0.00     0.51  sub_10068ac0()
  0.00      3.84     0.00        2     0.00     0.00  sub_10068b80()
  0.00      3.84     0.00        2     0.00     2.50  sub_1006a190()
  0.00      3.84     0.00        2     0.00     3.08  sub_1006bd90()
  0.00      3.84     0.00        2     0.00     9.07  sub_1006c1c0()
  0.00      3.84     0.00        2     0.00     2.51  sub_1006db10()
  0.00      3.84     0.00        2     0.00     0.00  sub_1006e820()
  0.00      3.84     0.00        2     0.00     0.00  sub_100dfe20()
  0.00      3.84     0.00        2     0.00     0.00  sub_110018d0()
  0.00      3.84     0.00        2     0.00     0.00  sub_11005e70()
  0.00      3.84     0.00        2     0.00     0.00  kernel32::GetModuleFileNameA()
  0.00      3.84     0.00        1     0.00     0.00  _GLOBAL__sub_I_allocatorPtr
  0.00      3.84     0.00        1     0.00     0.01  sub_10003dd0()
  0.00      3.84     0.00        1     0.00     0.00  sub_10004fe0()
  0.00      3.84     0.00        1     0.00     0.01  sub_10007550()
  0.00      3.84     0.00        1     0.00     0.00  sub_10007a70()
  0.00      3.84     0.00        1     0.00    29.81  sub_10007be0()
  0.00      3.84     0.00        1     0.00     4.26  sub_10007d90()
  0.00      3.84     0.00        1     0.00     3.15  sub_10008670()
  0.00      3.84     0.00        1     0.00     1.29  sub_10008bc0()
  0.00      3.84     0.00        1     0.00     3.59  sub_100094c0()
  0.00      3.84     0.00        1     0.00     0.16  sub_10009760()
  0.00      3.84     0.00        1     0.00   123.67  sub_10009970()
  0.00      3.84     0.00        1     0.00     3.59  sub_1000b990()
  0.00      3.84     0.00        1     0.00   744.71  sub_1000c600()
  0.00      3.84     0.00        1     0.00     0.00  sub_10019ea0()
  0.00      3.84     0.00        1     0.00     0.00  sub_1001b520()
  0.00      3.84     0.00        1     0.00     0.00  sub_1001b8f0()
  0.00      3.84     0.00        1     0.00     0.00  sub_1001b930()
  0.00      3.84     0.00        1     0.00     0.00  sub_1001bd40()
  0.00      3.84     0.00        1     0.00     0.00  sub_1001be20()
  0.00      3.84     0.00        1     0.00     0.00  sub_1001beb0()
  0.00      3.84     0.00        1     0.00     0.00  sub_1001c370()
  0.00      3.84     0.00        1     0.00     0.00  sub_1001c440()
  0.00      3.84     0.00        1     0.00     0.01  sub_1001d250()
  0.00      3.84     0.00        1     0.00     0.01  sub_1001d280()
  0.00      3.84     0.00        1     0.00     0.00  sub_1001d820()
  0.00      3.84     0.00        1     0.00     0.00  sub_1001d850()
  0.00      3.84     0.00        1     0.00     0.01  sub_1001d880()
  0.00      3.84     0.00        1     0.00     0.01  sub_1001db50()
  0.00      3.84     0.00        1     0.00     0.01  sub_1001db80()
  0.00      3.84     0.00        1     0.00     0.01  sub_1001dcd0()
  0.00      3.84     0.00        1     0.00     0.01  sub_1001dd00()
  0.00      3.84     0.00        1     0.00     0.01  sub_1001dd60()
  0.00      3.84     0.00        1     0.00     0.01  sub_1001dd90()
  0.00      3.84     0.00        1     0.00     0.00  sub_1001fb70()
  0.00      3.84     0.00        1     0.00     0.01  sub_10022f40()
  0.00      3.84     0.00        1     0.00     0.00  sub_10022ff0()
  0.00      3.84     0.00        1     0.00     0.00  sub_10023050()
  0.00      3.84     0.00        1     0.00     0.00  sub_10025780()
  0.00      3.84     0.00        1     0.00     0.00  sub_100257f0()
  0.00      3.84     0.00        1     0.00     0.00  sub_10025ab0()
  0.00      3.84     0.00        1     0.00     0.00  sub_10025b60()
  0.00      3.84     0.00        1     0.00     0.00  sub_10025ce0()
  0.00      3.84     0.00        1     0.00     0.00  sub_10026080()
  0.00      3.84     0.00        1     0.00     0.00  sub_10031080()
  0.00      3.84     0.00        1     0.00     0.00  sub_10031870()
  0.00      3.84     0.00        1     0.00     0.00  sub_100318b0()
  0.00      3.84     0.00        1     0.00     0.57  sub_10032030()
  0.00      3.84     0.00        1     0.00     0.01  sub_10032920()
  0.00      3.84     0.00        1     0.00     0.01  sub_10032d20()
  0.00      3.84     0.00        1     0.00     0.71  sub_10032d80()
  0.00      3.84     0.00        1     0.00     0.71  sub_10032ea0()
  0.00      3.84     0.00        1     0.00    30.08  sub_100370b0()
  0.00      3.84     0.00        1     0.00     0.00  sub_10040930()
  0.00      3.84     0.00        1     0.00     0.00  sub_100498f0()
  0.00      3.84     0.00        1     0.00     0.01  sub_1004aad0()
  0.00      3.84     0.00        1     0.00     0.00  sub_1004b200()
  0.00      3.84     0.00        1     0.00     0.00  sub_1004d1e0()
  0.00      3.84     0.00        1     0.00     0.00  sub_1004dcb0()
  0.00      3.84     0.00        1     0.00     0.00  sub_1004e400()
  0.00      3.84     0.00        1     0.00     0.00  sub_1004e440()
  0.00      3.84     0.00        1     0.00     0.00  sub_1004e4e0()
  0.00      3.84     0.00        1     0.00     0.00  sub_1004e520()
  0.00      3.84     0.00        1     0.00    30.00  sub_10050e70()
  0.00      3.84     0.00        1     0.00     0.01  sub_10051810()
  0.00      3.84     0.00        1     0.00     0.00  sub_10056300()
  0.00      3.84     0.00        1     0.00     0.00  sub_10056390()
  0.00      3.84     0.00        1     0.00     0.37  sub_10056550()
  0.00      3.84     0.00        1     0.00     0.00  sub_10057bb0()
  0.00      3.84     0.00        1     0.00     0.00  sub_10058580()
  0.00      3.84     0.00        1     0.00     0.00  sub_100585c0()
  0.00      3.84     0.00        1     0.00     0.00  sub_1005a550()
  0.00      3.84     0.00        1     0.00     0.00  sub_1005a870()
  0.00      3.84     0.00        1     0.00     0.00  sub_1005f1f0()
  0.00      3.84     0.00        1     0.00    10.76  sub_1005f4c0()
  0.00      3.84     0.00        1     0.00     0.00  sub_1005f520()
  0.00      3.84     0.00        1     0.00     0.00  sub_10062160()
  0.00      3.84     0.00        1     0.00    85.19  sub_10062240()
  0.00      3.84     0.00        1     0.00     6.54  sub_10062310()
  0.00      3.84     0.00        1     0.00     0.00  sub_10062390()
  0.00      3.84     0.00        1     0.00     0.05  sub_10064040()
  0.00      3.84     0.00        1     0.00     0.05  sub_10064090()
  0.00      3.84     0.00        1     0.00     0.05  sub_10064380()
  0.00      3.84     0.00        1     0.00     0.00  sub_10067280()
  0.00      3.84     0.00        1     0.00     0.00  sub_10067770()
  0.00      3.84     0.00        1     0.00     0.00  sub_10067920()
  0.00      3.84     0.00        1     0.00     6.54  sub_10068810()
  0.00      3.84     0.00        1     0.00     0.00  sub_10068830()
  0.00      3.84     0.00        1     0.00     0.00  sub_10068960()
  0.00      3.84     0.00        1     0.00     3.08  sub_10068970()
  0.00      3.84     0.00        1     0.00     0.00  sub_10068a00()
  0.00      3.84     0.00        1     0.00    85.18  sub_10068d00()
  0.00      3.84     0.00        1     0.00    85.18  sub_10068e20()
  0.00      3.84     0.00        1     0.00    85.18  sub_10069b20()
  0.00      3.84     0.00        1     0.00     0.00  sub_10069e70()
  0.00      3.84     0.00        1     0.00     6.54  sub_1006a370()
  0.00      3.84     0.00        1     0.00     0.00  sub_1006baf0()
  0.00      3.84     0.00        1     0.00     0.00  sub_1006bc90()
  0.00      3.84     0.00        1     0.00     1.28  sub_1006bf90()
  0.00      3.84     0.00        1     0.00    69.57  sub_1006c600()
  0.00      3.84     0.00        1     0.00     0.00  sub_1006dd10()
  0.00      3.84     0.00        1     0.00     0.00  sub_1006dd60()
  0.00      3.84     0.00        1     0.00     0.00  sub_1006dd70()
  0.00      3.84     0.00        1     0.00     0.00  sub_1006ed10()
  0.00      3.84     0.00        1     0.00     0.00  sub_1006ee10()
  0.00      3.84     0.00        1     0.00     0.00  sub_10070680()
  0.00      3.84     0.00        1     0.00    30.07  sub_10073330()
  0.00      3.84     0.00        1     0.00     0.05  sub_10077ad0()
  0.00      3.84     0.00        1     0.00     0.00  sub_100799e0()
  0.00      3.84     0.00        1     0.00     0.00  sub_1007a420()
  0.00      3.84     0.00        1     0.00    30.07  sub_1007a4b0()
  0.00      3.84     0.00        1     0.00     0.00  sub_100ca5ff()
  0.00      3.84     0.00        1     0.00     0.00  sub_100dfd80()
  0.00      3.84     0.00        1     0.00     0.00  sub_100e45f0()
  0.00      3.84     0.00        1     0.00     0.00  sub_100e4610()
  0.00      3.84     0.00        1     0.00     0.00  sub_100e4630()
  0.00      3.84     0.00        1     0.00     0.00  sub_100e4650()
  0.00      3.84     0.00        1     0.00     0.00  sub_100e4670()
  0.00      3.84     0.00        1     0.00     0.00  sub_100e4690()
  0.00      3.84     0.00        1     0.00     0.00  sub_100e46b0()
  0.00      3.84     0.00        1     0.00     0.00  sub_100e46d0()
  0.00      3.84     0.00        1     0.00     0.00  sub_100e46f0()
  0.00      3.84     0.00        1     0.00     0.00  sub_100e4710()
  0.00      3.84     0.00        1     0.00     0.00  sub_100e4730()
  0.00      3.84     0.00        1     0.00     0.00  sub_100e4750()
  0.00      3.84     0.00        1     0.00     0.00  sub_100e4770()
  0.00      3.84     0.00        1     0.00     0.00  sub_100e4790()
  0.00      3.84     0.00        1     0.00     0.00  sub_100e47b0()
  0.00      3.84     0.00        1     0.00     0.00  sub_100e47d0()
  0.00      3.84     0.00        1     0.00     0.00  sub_100e47f0()
  0.00      3.84     0.00        1     0.00     0.00  sub_100e4810()
  0.00      3.84     0.00        1     0.00     0.00  sub_100e4830()
  0.00      3.84     0.00        1     0.00     0.00  sub_100e4850()
  0.00      3.84     0.00        1     0.00     0.00  sub_100e4870()
  0.00      3.84     0.00        1     0.00     0.00  sub_100e4890()
  0.00      3.84     0.00        1     0.00     0.00  sub_100e48b0()
  0.00      3.84     0.00        1     0.00     0.00  sub_100e48e0()
  0.00      3.84     0.00        1     0.00     0.00  sub_100e4900()
  0.00      3.84     0.00        1     0.00     0.00  sub_100e4920()
  0.00      3.84     0.00        1     0.00     0.00  sub_100e4940()
  0.00      3.84     0.00        1     0.00     0.00  sub_100e4960()
  0.00      3.84     0.00        1     0.00     0.00  sub_100e4980()
  0.00      3.84     0.00        1     0.00     0.00  sub_100e49a0()
  0.00      3.84     0.00        1     0.00     0.00  sub_100e49c0()
  0.00      3.84     0.00        1     0.00     0.00  sub_100e49e0()
  0.00      3.84     0.00        1     0.00     0.00  sub_100e4a00()
  0.00      3.84     0.00        1     0.00     0.00  sub_100e4a20()
  0.00      3.84     0.00        1     0.00     0.00  sub_100e4a40()
  0.00      3.84     0.00        1     0.00     0.00  sub_100e4a60()
  0.00      3.84     0.00        1     0.00     0.00  sub_100e4a80()
  0.00      3.84     0.00        1     0.00     0.00  sub_100e4ab0()
  0.00      3.84     0.00        1     0.00     0.00  sub_100e4ae0()
  0.00      3.84     0.00        1     0.00     0.00  sub_100e4b10()
  0.00      3.84     0.00        1     0.00     0.00  sub_100e4b40()
  0.00      3.84     0.00        1     0.00     0.00  sub_100e4b70()
  0.00      3.84     0.00        1     0.00     0.00  sub_100e4b90()
  0.00      3.84     0.00        1     0.00     0.00  sub_100e4bb0()
  0.00      3.84     0.00        1     0.00     0.00  sub_100e4bd0()
  0.00      3.84     0.00        1     0.00     0.00  sub_100e4bf0()
  0.00      3.84     0.00        1     0.00     0.00  sub_100e4c10()
  0.00      3.84     0.00        1     0.00     0.00  sub_100e4c30()
  0.00      3.84     0.00        1     0.00     0.00  sub_100e4c60()
  0.00      3.84     0.00        1     0.00     0.00  sub_100e4c90()
  0.00      3.84     0.00        1     0.00     0.00  sub_100e4cb0()
  0.00      3.84     0.00        1     0.00     0.00  sub_100e4cf0()
  0.00      3.84     0.00        1     0.00     0.00  sub_100e4d00()
  0.00      3.84     0.00        1     0.00     0.00  sub_100e4d20()
  0.00      3.84     0.00        1     0.00     0.00  sub_100e4d60()
  0.00      3.84     0.00        1     0.00     0.00  sub_100e4d70()
  0.00      3.84     0.00        1     0.00     0.00  sub_100e4d90()
  0.00      3.84     0.00        1     0.00     0.00  sub_100e4db0()
  0.00      3.84     0.00        1     0.00     0.00  sub_100e4dd0()
  0.00      3.84     0.00        1     0.00     0.00  sub_100e4df0()
  0.00      3.84     0.00        1     0.00     0.00  sub_100e4e10()
  0.00      3.84     0.00        1     0.00     0.00  sub_100e4e30()
  0.00      3.84     0.00        1     0.00     0.00  sub_100e4e50()
  0.00      3.84     0.00        1     0.00     0.00  sub_100e4e70()
  0.00      3.84     0.00        1     0.00     0.00  sub_100e4e90()
  0.00      3.84     0.00        1     0.00     0.00  sub_100e4eb0()
  0.00      3.84     0.00        1     0.00     0.00  sub_100e4ef0()
  0.00      3.84     0.00        1     0.00     0.00  sub_100e4f06()
  0.00      3.84     0.00        1     0.00     0.00  sub_100e4f1c()
  0.00      3.84     0.00        1     0.00     0.00  sub_100e4f28()
  0.00      3.84     0.00        1     0.00     0.00  sub_100e4f3e()
  0.00      3.84     0.00        1     0.00     0.00  sub_100e4f50()
  0.00      3.84     0.00        1     0.00     0.00  sub_100e4f70()
  0.00      3.84     0.00        1     0.00     0.00  sub_100e4fe0()
  0.00      3.84     0.00        1     0.00     0.00  sub_100e5000()
  0.00      3.84     0.00        1     0.00     0.00  sub_11001531()
  0.00      3.84     0.00        1     0.00     0.00  sub_11001582()
  0.00      3.84     0.00        1     0.00     0.00  sub_110015fc()
  0.00      3.84     0.00        1     0.00     0.00  sub_110045d0()
  0.00      3.84     0.00        1     0.00     0.00  sub_11006054()
  0.00      3.84     0.00        1     0.00     0.00  sub_11006066()
  0.00      3.84     0.00        1     0.00     0.00  subopt_100678c0()
  0.00      3.84     0.00        1     0.00     0.00  allocate(int)
  0.00      3.84     0.00        1     0.00     0.03  kernel32::LoadLibraryA()

 %         the percentage of the total running time of the
time       program used by this function.

cumulative a running sum of the number of seconds accounted
 seconds   for by this function and those listed above it.

 self      the number of seconds accounted for by this
seconds    function alone.  This is the major sort for this
           listing.

calls      the number of times this function was invoked, if
           this function is profiled, else blank.

 self      the average number of milliseconds spent in this
ms/call    function per call, if this function is profiled,
	   else blank.

 total     the average number of milliseconds spent in this
ms/call    function and its descendents per call, if this
	   function is profiled, else blank.

name       the name of the function.  This is the minor sort
           for this listing. The index shows the location of
	   the function in the gprof listing. If the index is
	   in parenthesis it shows where it would appear in
	   the gprof listing if it were to be printed.

Copyright (C) 2012-2018 Free Software Foundation, Inc.

Copying and distribution of this file, with or without modification,
are permitted in any medium without royalty provided the copyright
notice and this notice are preserved.

		     Call graph (explanation follows)


granularity: each sample hit covers 2 byte(s) for 0.26% of 3.84 seconds

index % time    self  children    called     name
                0.00    2.48     400/400         sub_1001b470() [3]
[1]     64.7    0.00    2.48     400         sub_100557e0() [1]
                0.00    2.48     400/400         sub_10056b90() [2]
-----------------------------------------------
                0.00    2.48     400/400         sub_100557e0() [1]
[2]     64.7    0.00    2.48     400         sub_10056b90() [2]
                0.00    1.64     400/400         sub_10016ed0() [4]
                0.06    0.52    5034/5034        sub_10015160() [13]
                0.10    0.11    4645/4645        sub_100176d0() [20]
                0.05    0.00     400/400         sub_10055bd0() [51]
                0.00    0.01    4645/4645        sub_10055810() [136]
                0.00    0.00     400/400         sub_100559b0() [220]
                0.00    0.00     400/400         sub_10067f10() [223]
                0.00    0.00     400/400         sub_10067f50() [224]
                0.00    0.00     400/400         sub_1001cfb0() [506]
                0.00    0.00     400/400         sub_10056aa0() [512]
-----------------------------------------------
                                                 <spontaneous>
[3]     64.7    0.00    2.48                 sub_1001b470() [3]
                0.00    2.48     400/400         sub_100557e0() [1]
-----------------------------------------------
                0.00    1.64     400/400         sub_10056b90() [2]
[4]     42.8    0.00    1.64     400         sub_10016ed0() [4]
                0.00    0.81     400/400         sub_10062630() [8]
                0.23    0.13     400/400         sub_10059ed0() [17]
                0.22    0.13     400/400         sub_10062f90() [18]
                0.08    0.00     800/800         sub_10056490() [41]
                0.04    0.00     400/400         sub_1005a700() [57]
                0.00    0.00    1600/1615        sub_10062430() [192]
                0.00    0.00    8000/8125        sub_1005a420() [228]
                0.00    0.00     400/18980       sub_10062c20() [226]
                0.00    0.00    1600/1630        sub_10062c60() [420]
                0.00    0.00     800/800         sub_10056420() [487]
                0.00    0.00     800/1092        sub_10058230() [481]
                0.00    0.00     400/4506        sub_100ca3c0() [470]
                0.00    0.00     400/400         sub_1003ae40() [507]
                0.00    0.00     400/400         sub_10007240() [505]
-----------------------------------------------
                0.00    0.50       1/2           sub_1001b540() [15]
                0.00    0.50       1/2           sub_1000c600() [12]
[5]     26.1    0.00    1.00       2         sub_1000a710() [5]
                0.00    0.93       8/8           sub_10019620() [6]
                0.00    0.06       2/2           sub_100016e0() [50]
                0.00    0.01       2/2           sub_10064530() [116]
                0.00    0.00       2/3           sub_10003a90() [186]
                0.00    0.00       2/2           sub_100073c0() [200]
                0.00    0.00       4/4           sub_1001d520() [250]
                0.00    0.00       4/4           sub_1001d550() [251]
                0.00    0.00       2/2           sub_10009270() [271]
                0.00    0.00       2/2           sub_1001e2d0() [276]
                0.00    0.00       2/2           sub_1001e300() [277]
                0.00    0.00       2/2           sub_1001e330() [278]
                0.00    0.00       2/2           sub_1001d2b0() [274]
                0.00    0.00       2/3           sub_1001d3d0() [267]
                0.00    0.00       6/6           sub_10007490() [328]
                0.00    0.00       2/2           sub_10026040() [333]
                0.00    0.00      16/53967       sub_100c8680() [100]
                0.00    0.00       8/16          sub_10019570() [319]
                0.00    0.00       2/3           sub_1001a500() [390]
                0.00    0.00       2/3           sub_10001670() [389]
                0.00    0.00       2/4           sub_10055700() [383]
                0.00    0.00       8/21          sub_100ca480() [618]
                0.00    0.00       8/46          sub_100c9ce7() [568]
                0.00    0.00       4/21339       sub_100c9890() [446]
                0.00    0.00       2/2           sub_10007b40() [734]
                0.00    0.00       2/4           sub_100557c0() [697]
                0.00    0.00       2/29332       sub_100c8749() [440]
                0.00    0.00       2/3           sub_1001d3a0() [717]
                0.00    0.00       2/2           sub_100230c0() [736]
-----------------------------------------------
                0.00    0.93       8/8           sub_1000a710() [5]
[6]     24.2    0.00    0.93       8         sub_10019620() [6]
                0.91    0.00      86/86          sub_1004c750() [7]
                0.00    0.02       4/4           sub_100194d0() [78]
                0.00    0.00       3/1593        sub_10004040() [31]
                0.00    0.00      86/53967       sub_100c8680() [100]
                0.00    0.00       3/6           sub_1004a030() [270]
                0.00    0.00       8/16          sub_10019570() [319]
                0.00    0.00      38/1083822     sub_100c90d2_native(char const*, char const*) [55]
                0.00    0.00       3/3           sub_10049ea0() [377]
                0.00    0.00      92/3173        sub_1004a140() [273]
                0.00    0.00       3/3           sub_10019530() [391]
                0.00    0.00       6/25          sub_10049db0() [363]
                0.00    0.00      46/31520       fpuinsns::fppush(double) [437]
                0.00    0.00      46/100534      fpuinsns::fppop() [433]
                0.00    0.00      46/46          sub_1003bd60() [567]
                0.00    0.00       9/17          sub_100c9860() [631]
                0.00    0.00       8/8           sub_100ca881() [673]
                0.00    0.00       6/21          sub_100ca480() [618]
                0.00    0.00       6/46          sub_100c9ce7() [568]
                0.00    0.00       6/29332       sub_100c8749() [440]
                0.00    0.00       3/10          sub_10049d80() [643]
                0.00    0.00       3/3           sub_1005f300() [727]
                0.00    0.00       3/4           sub_1000c430() [692]
-----------------------------------------------
                0.91    0.00      86/86          sub_10019620() [6]
[7]     23.7    0.91    0.00      86         sub_1004c750() [7]
-----------------------------------------------
                0.00    0.81     400/400         sub_10016ed0() [4]
[8]     21.2    0.00    0.81     400         sub_10062630() [8]
                0.00    0.78     400/400         sub_10068870() [9]
                0.00    0.04     800/815         sub_10068890() [59]
                0.00    0.00     400/418         sub_100dfe70() [502]
                0.00    0.00     400/418         sub_100dfeb0() [503]
                0.00    0.00     400/41820       sub_10007230() [436]
-----------------------------------------------
                0.00    0.78     400/400         sub_10062630() [8]
[9]     20.2    0.00    0.78     400         sub_10068870() [9]
                0.14    0.64     400/400         sub_1006b050() [10]
-----------------------------------------------
                0.14    0.64     400/400         sub_10068870() [9]
[10]    20.2    0.14    0.64     400         sub_1006b050() [10]
                0.24    0.00   12000/12000       sub_1006ff60_native(char*, float*, int) [19]
                0.00    0.17     400/400         sub_1006df90() [24]
                0.00    0.09     800/800         sub_1006d830() [34]
                0.08    0.00     800/800         sub_1006f230() [42]
                0.04    0.00    1600/1600        sub_1006fb80() [56]
                0.02    0.00     800/800         sub_1006efe0() [84]
                0.00    0.00     400/400         sub_10070470() [214]
                0.00    0.00     400/467         sub_10070420() [213]
                0.00    0.00     800/800         sub_1006ccd0() [488]
                0.00    0.00     800/800         sub_1006ce60() [489]
-----------------------------------------------
                                                 <spontaneous>
[11]    19.4    0.00    0.74                 sub_10015070() [11]
                0.00    0.74       1/1           sub_1000c600() [12]
                0.00    0.00       1/3           sub_10032fa0() [189]
                0.00    0.00       1/1           sub_10026080() [352]
                0.00    0.00       1/29332       sub_100c8749() [440]
                0.00    0.00       1/4           sub_1000c430() [692]
-----------------------------------------------
                0.00    0.74       1/1           sub_10015070() [11]
[12]    19.4    0.00    0.74       1         sub_1000c600() [12]
                0.00    0.50       1/2           sub_1000a710() [5]
                0.00    0.12       1/1           sub_10009970() [26]
                0.00    0.03       1/1           sub_100370b0() [62]
                0.00    0.03       1/1           sub_10007be0() [71]
                0.00    0.02       5/5           sub_1000c580() [87]
                0.00    0.02       4/4           sub_1000b930() [90]
                0.00    0.01       9/10          sub_1004b8b0() [98]
                0.00    0.00       1/1           sub_10007d90() [145]
                0.00    0.00       1/1           sub_1000b990() [149]
                0.00    0.00       1/1           sub_10008670() [152]
                0.00    0.00       2/10          sub_10058690() <cycle 4> [125]
                0.00    0.00       1/1           sub_10008bc0() [175]
                0.00    0.00       1/1           sub_10056550() [210]
                0.00    0.00       1/3           sub_10003a90() [186]
                0.00    0.00       1/1           sub_10009760() [219]
                0.00    0.00      10/10          sub_1001d460() [221]
                0.00    0.00      10/10          sub_1001d490() [222]
                0.00    0.00       2/268         sub_100ca661() <cycle 3> [96]
                0.00    0.00       5/5           sub_100074f0() [232]
                0.00    0.00       5/5           sub_1001d4c0() [235]
                0.00    0.00       5/5           sub_1001d4f0() [236]
                0.00    0.00       5/5           sub_1001d1c0() [233]
                0.00    0.00       5/5           sub_1001d220() [234]
                0.00    0.00       4/4           sub_1001d190() [248]
                0.00    0.00       4/4           sub_1001d1f0() [249]
                0.00    0.00       1/2           sub_1004aaa0() [230]
                0.00    0.00      25/25          sub_10007430() [285]
                0.00    0.00      19/20          sub_10005150() [286]
                0.00    0.00       1/1           sub_10007550() [289]
                0.00    0.00       1/1           sub_1001d280() [291]
                0.00    0.00       1/1           sub_1001d250() [290]
                0.00    0.00      18/53967       sub_100c8680() [100]
                0.00    0.00      14/14          sub_1004c2a0() [345]
                0.00    0.00       2/3           sub_1004b2c0() [344]
                0.00    0.00       1/1           sub_10056300() [373]
                0.00    0.00       8/148876      sub_10065960() [101]
                0.00    0.00       1/1617        sub_1004b180() [199]
                0.00    0.00       1/27          sub_1004b660() [316]
                0.00    0.00       1/27          sub_1004b0d0() [325]
                0.00    0.00       4/1083822     sub_100c90d2_native(char const*, char const*) [55]
                0.00    0.00       5/8125        sub_1005a420() [228]
                0.00    0.00     333/53912       sub_100c9f1a() [435]
                0.00    0.00     125/125         sub_10077ca0() [536]
                0.00    0.00     123/29332       sub_100c8749() [440]
                0.00    0.00      30/396         sub_1005cf90() [516]
                0.00    0.00      26/46          sub_100c9ce7() [568]
                0.00    0.00      12/462         sub_10058970() [501]
                0.00    0.00      10/166         sub_1005b7d0() [531]
                0.00    0.00      10/88          sub_10058ab0() [541]
                0.00    0.00      10/94          sub_1005a960() [540]
                0.00    0.00      10/21339       sub_100c9890() [446]
                0.00    0.00       9/10          sub_1004b6d0() [644]
                0.00    0.00       9/10          sub_1004b950() [645]
                0.00    0.00       8/8           sub_1004c430() [665]
                0.00    0.00       4/4           sub_1001d160() [693]
                0.00    0.00       3/246         sub_10007190() [522]
                0.00    0.00       3/17          sub_100c9860() [631]
                0.00    0.00       3/246         sub_10058870() [524]
                0.00    0.00       1/10          sub_10049d80() [643]
                0.00    0.00       1/1           sub_10056390() [772]
                0.00    0.00       1/1           sub_1005f1f0() [776]
                0.00    0.00       1/3           sub_10049ed0() [718]
                0.00    0.00       1/76          sub_100c924a() [555]
-----------------------------------------------
                0.06    0.52    5034/5034        sub_10056b90() [2]
[13]    15.0    0.06    0.52    5034         sub_10015160() [13]
                0.00    0.20   14569/14569       subopt_10060640() [21]
                0.01    0.11   14038/14038       subopt_100617c0() [28]
                0.10    0.00    5034/5034        subopt_100646d0() [32]
                0.06    0.03   10794/10794       sub_10066dc0() [33]
                0.01    0.00   39206/53967       sub_100c8680() [100]
                0.00    0.00   10794/39401       subopt_100656a0() [107]
                0.00    0.00   14569/14569       subopt_1005f7e0() [454]
                0.00    0.00   10794/10794       subopt_10065830() [460]
                0.00    0.00    8809/8809        subopt_10059ed0() [464]
                0.00    0.00       1/1           subopt_100678c0() [857]
-----------------------------------------------
                0.00    0.51       8/8           sub_1001b3a0() [16]
[14]    13.3    0.00    0.51       8         sub_1001c7f0() [14]
                0.00    0.51       4/4           sub_1001b540() [15]
                0.00    0.00       4/4           sub_10055f40() [698]
-----------------------------------------------
                0.00    0.51       4/4           sub_1001c7f0() [14]
[15]    13.3    0.00    0.51       4         sub_1001b540() [15]
                0.00    0.50       1/2           sub_1000a710() [5]
                0.00    0.01       1/1           sub_1005f4c0() [93]
                0.00    0.00       1/1           sub_1005f520() [367]
                0.00    0.00       1/1           sub_10007a70() [419]
-----------------------------------------------
                                                 <spontaneous>
[16]    13.3    0.00    0.51                 sub_1001b3a0() [16]
                0.00    0.51       8/8           sub_1001c7f0() [14]
-----------------------------------------------
                0.23    0.13     400/400         sub_10016ed0() [4]
[17]     9.3    0.23    0.13     400         sub_10059ed0() [17]
                0.07    0.00 2662400/2672408     fpuinsns::faddpst(int) [43]
                0.04    0.00 1638400/1714090     fpuinsns::fsubpst(int) [54]
                0.02    0.00 1229600/1314341     fpuinsns::fstpst(int) [79]
                0.00    0.00  204800/214758      fpuinsns::faddst(int) [431]
                0.00    0.00    1200/31520       fpuinsns::fppush(double) [437]
                0.00    0.00     400/100534      fpuinsns::fppop() [433]
                0.00    0.00     400/400         fpuinsns::fistp32() [515]
                0.00    0.00     400/800         StackGuard::~StackGuard() [490]
                0.00    0.00     400/41820       sub_10007230() [436]
-----------------------------------------------
                0.22    0.13     400/400         sub_10016ed0() [4]
[18]     9.1    0.22    0.13     400         sub_10062f90() [18]
                0.10    0.03  204800/204800      sub_10062e20() [25]
                0.00    0.00     400/41820       sub_10007230() [436]
                0.00    0.00     400/800         StackGuard::~StackGuard() [490]
                0.00    0.00     400/100534      fpuinsns::fppop() [433]
                0.00    0.00     400/31520       fpuinsns::fppush(double) [437]
-----------------------------------------------
                0.24    0.00   12000/12000       sub_1006b050() [10]
[19]     6.3    0.24    0.00   12000         sub_1006ff60_native(char*, float*, int) [19]
-----------------------------------------------
                0.10    0.11    4645/4645        sub_10056b90() [2]
[20]     5.4    0.10    0.11    4645         sub_100176d0() [20]
                0.03    0.00   13441/13441       sub_1005fc00() [75]
                0.02    0.00  219076/219788      fpuinsns::fxchst2(int, int) [80]
                0.02    0.00   38850/38994       sub_100609d0() [82]
                0.01    0.00  148640/148876      sub_10065960() [101]
                0.01    0.00   40323/40443       sub_1005f680() [106]
                0.01    0.00   69706/70389       fpuinsns::fldst(int) [102]
                0.01    0.00   25900/25900       sub_10060b20() [139]
                0.01    0.00   12950/12950       sub_10060b80() [140]
                0.00    0.00   75690/1714090     fpuinsns::fsubpst(int) [54]
                0.00    0.00   84309/1314341     fpuinsns::fstpst(int) [79]
                0.00    0.00    4645/4645        sub_100175b0() [184]
                0.00    0.00    9958/2672408     fpuinsns::faddpst(int) [43]
                0.00    0.00   18580/18980       sub_10062c20() [226]
                0.00    0.00  179310/179439      fpuinsns::fmulpst(int) [432]
                0.00    0.00   99646/100534      fpuinsns::fppop() [433]
                0.00    0.00   29874/31520       fpuinsns::fppush(double) [437]
                0.00    0.00   29874/30062       fpuinsns::fsubrpst(int) [438]
                0.00    0.00   23225/23225       sub_10019f10() [444]
                0.00    0.00   19916/19916       sub_10065a60() [450]
                0.00    0.00   19916/19916       fpuinsns::fchs() [451]
                0.00    0.00   19916/19916       sub_10064ba0() [449]
                0.00    0.00   18580/18844       sub_10056df0() [453]
                0.00    0.00   13441/13441       sub_1005f800() [457]
                0.00    0.00    9958/9958        fpuinsns::fsubst(int) [461]
                0.00    0.00    9958/214758      fpuinsns::faddst(int) [431]
                0.00    0.00    9958/9958        fpuinsns::fsubrst(int) [462]
                0.00    0.00    9290/9290        sub_10057220() [463]
                0.00    0.00    4645/4645        sub_10019e90() [469]
-----------------------------------------------
                0.00    0.20   14569/14569       sub_10015160() [13]
[21]     5.3    0.00    0.20   14569         subopt_10060640() [21]
                0.20    0.00   14569/14569       sub_1005fc90() [22]
                0.00    0.00   14569/39401       subopt_100656a0() [107]
                0.00    0.00   14569/14569       subopt_10060380() [455]
-----------------------------------------------
                0.20    0.00   14569/14569       subopt_10060640() [21]
[22]     5.2    0.20    0.00   14569         sub_1005fc90() [22]
-----------------------------------------------
                0.00    0.00       3/406         advapi32::RegOpenKeyExA() [177]
                0.00    0.00       3/406         advapi32::RegQueryValueExA() [178]
                0.10    0.07     400/406         sub_1006df90() [24]
[23]     4.4    0.10    0.07     406         advapi32::readStr(unsigned int) [23]
                0.07    0.00    2400/2434        kernel32::readString(unsigned int) [44]
-----------------------------------------------
                0.00    0.17     400/400         sub_1006b050() [10]
[24]     4.3    0.00    0.17     400         sub_1006df90() [24]
                0.10    0.07     400/406         advapi32::readStr(unsigned int) [23]
-----------------------------------------------
                0.10    0.03  204800/204800      sub_10062f90() [18]
[25]     3.4    0.10    0.03  204800         sub_10062e20() [25]
                0.03    0.00  204800/205602      sub_100685e0() [65]
-----------------------------------------------
                0.00    0.12       1/1           sub_1000c600() [12]
[26]     3.2    0.00    0.12       1         sub_10009970() [26]
                0.00    0.12       5/5           sub_10004740() [27]
                0.00    0.00       5/7           sub_10004110() [323]
                0.00    0.00       2/2           sub_100078b0() [353]
                0.00    0.00       3/5           sub_100ca62f() [359]
                0.00    0.00       2/2           sub_1004b690() [384]
                0.00    0.00       1/1           sub_100ca5ff() [397]
                0.00    0.00       8/22          sub_100ca6c6() [616]
                0.00    0.00       1/3           sub_1004c330() [719]
-----------------------------------------------
                0.00    0.12       5/5           sub_10009970() [26]
[27]     3.2    0.00    0.12       5         sub_10004740() [27]
                0.00    0.11       5/5           sub_10004520() [29]
                0.01    0.01       5/7           sub_100c8cf0() [77]
-----------------------------------------------
                0.01    0.11   14038/14038       sub_10015160() [13]
[28]     3.0    0.01    0.11   14038         subopt_100617c0() [28]
                0.00    0.06   14038/14038       subopt_10061330() [46]
                0.05    0.00   14038/14038       subopt_100614d0() [52]
-----------------------------------------------
                                  17             sub_10004520() [29]
                0.00    0.11       5/5           sub_10004740() [27]
[29]     2.8    0.00    0.11       5+17      sub_10004520() [29]
                0.00    0.11    1589/1590        sub_100041b0() [30]
                0.00    0.00    1611/1617        sub_1004b180() [199]
                0.00    0.00    3144/1083822     sub_100c90d2_native(char const*, char const*) [55]
                0.00    0.00      22/27          sub_1004b660() [316]
                0.00    0.00      22/27          sub_1004b0d0() [325]
                0.00    0.00      22/29332       sub_100c8749() [440]
                                  17             sub_10004520() [29]
-----------------------------------------------
                0.00    0.00       1/1590        sub_10007d90() [145]
                0.00    0.11    1589/1590        sub_10004520() [29]
[30]     2.8    0.00    0.11    1590         sub_100041b0() [30]
                0.06    0.05    1590/1593        sub_10004040() [31]
                0.00    0.00    1576/53967       sub_100c8680() [100]
                0.00    0.00      23/76          sub_100c924a() [555]
                0.00    0.00       4/29332       sub_100c8749() [440]
-----------------------------------------------
                0.00    0.00       3/1593        sub_10019620() [6]
                0.06    0.05    1590/1593        sub_100041b0() [30]
[31]     2.8    0.06    0.05    1593         sub_10004040() [31]
                0.04    0.00 1078468/1083822     sub_100c90d2_native(char const*, char const*) [55]
                0.01    0.00    1589/2121        sub_100c91a2() [119]
-----------------------------------------------
                0.10    0.00    5034/5034        sub_10015160() [13]
[32]     2.6    0.10    0.00    5034         subopt_100646d0() [32]
                0.00    0.00    5034/13843       subopt_10007230() [456]
-----------------------------------------------
                0.06    0.03   10794/10794       sub_10015160() [13]
[33]     2.3    0.06    0.03   10794         sub_10066dc0() [33]
                0.03    0.00   14038/14038       update_pair_linear(unsigned int, unsigned int&, unsigned int, unsigned int, float, int&, float, float) [66]
-----------------------------------------------
                0.00    0.09     800/800         sub_1006b050() [10]
[34]     2.3    0.00    0.09     800         sub_1006d830() [34]
                0.09    0.00     800/800         sub_100704c0_native(unsigned char*) [35]
-----------------------------------------------
                                   4             sub_100704c0_native(unsigned char*) [35]
                0.09    0.00     800/800         sub_1006d830() [34]
[35]     2.3    0.09    0.00     800+4       sub_100704c0_native(unsigned char*) [35]
                                   4             sub_100704c0_native(unsigned char*) [35]
-----------------------------------------------
                0.00    0.03      36/108         sub_10007be0() [71]
                0.00    0.06      72/108         sub_100016e0() [50]
[36]     2.2    0.00    0.09     108         sub_10007ce0() [36]
                0.00    0.09       1/1           sub_10062240() [37]
                0.00    0.00       1/2           sub_10062760() [378]
                0.00    0.00       1/4           sub_10055700() [383]
                0.00    0.00     108/41820       sub_10007230() [436]
-----------------------------------------------
                0.00    0.09       1/1           sub_10007ce0() [36]
[37]     2.2    0.00    0.09       1         sub_10062240() [37]
                0.00    0.09       1/1           sub_10068e20() [39]
                0.00    0.00       9/1615        sub_10062430() [192]
                0.00    0.00       2/41820       sub_10007230() [436]
                0.00    0.00       1/418         sub_100dfe70() [502]
                0.00    0.00       1/418         sub_100dfeb0() [503]
-----------------------------------------------
                0.00    0.09       1/1           sub_10068e20() [39]
[38]     2.2    0.00    0.09       1         sub_10068d00() [38]
                0.00    0.09       1/1           sub_10069b20() [40]
-----------------------------------------------
                0.00    0.09       1/1           sub_10062240() [37]
[39]     2.2    0.00    0.09       1         sub_10068e20() [39]
                0.00    0.09       1/1           sub_10068d00() [38]
                0.00    0.00       1/29332       sub_100c8749() [440]
-----------------------------------------------
                0.00    0.09       1/1           sub_10068d00() [38]
[40]     2.2    0.00    0.09       1         sub_10069b20() [40]
                0.00    0.07       1/1           sub_1006c600() [45]
                0.00    0.01       1/2           sub_1006c1c0() [89]
                0.00    0.01       1/1           sub_1006a370() [129]
                0.00    0.00       1/4           sub_1006c340() [327]
                0.00    0.00       1/29332       sub_100c8749() [440]
-----------------------------------------------
                0.08    0.00     800/800         sub_10016ed0() [4]
[41]     2.1    0.08    0.00     800         sub_10056490() [41]
-----------------------------------------------
                0.08    0.00     800/800         sub_1006b050() [10]
[42]     2.1    0.08    0.00     800         sub_1006f230() [42]
-----------------------------------------------
                0.00    0.00      50/2672408     sub_100599b0() [218]
                0.00    0.00    9958/2672408     sub_100176d0() [20]
                0.07    0.00 2662400/2672408     sub_10059ed0() [17]
[43]     1.8    0.07    0.00 2672408         fpuinsns::faddpst(int) [43]
-----------------------------------------------
                0.00    0.00       1/2434        kernel32::LoadLibraryA() [272]
                0.00    0.00       6/2434        kernel32::CreateFileA() [217]
                0.00    0.00      27/2434        kernel32::FindFirstFileA() [187]
                0.07    0.00    2400/2434        advapi32::readStr(unsigned int) [23]
[44]     1.8    0.07    0.00    2434         kernel32::readString(unsigned int) [44]
-----------------------------------------------
                0.00    0.07       1/1           sub_10069b20() [40]
[45]     1.8    0.00    0.07       1         sub_1006c600() [45]
                0.02    0.00      80/80          sub_10070180() [85]
                0.00    0.01       1/3           sub_1006be50() [61]
                0.01    0.00       2/2           sub_1006f110() [117]
                0.00    0.01       1/2           sub_1006c1c0() [89]
                0.00    0.01      11/71          sub_1006a4e0() [60]
                0.00    0.01       2/2           sub_1006db10() [135]
                0.00    0.00       1/2           sub_1006bd90() [131]
                0.00    0.00       1/2           sub_1006a190() [143]
                0.00    0.00       1/1           sub_1006bf90() [176]
                0.00    0.00       1/11          sub_1006d530() [122]
                0.00    0.00       1/11550       indirectCall(int, int, int, int) [151]
                0.00    0.00     173/29332       sub_100c8749() [440]
                0.00    0.00      80/86          sub_1006fe50() [542]
                0.00    0.00       4/8           sub_1006f930() [672]
                0.00    0.00       4/4           sub_1006d250() [712]
                0.00    0.00       1/1           sub_10069e70() [782]
                0.00    0.00       1/1           sub_1006dd60() [786]
                0.00    0.00       1/1           sub_1006dd10() [785]
                0.00    0.00       1/4           sub_1006e770() [713]
                0.00    0.00       1/7           sub_1006a220() [676]
                0.00    0.00       1/1           sub_1006bc90() [784]
                0.00    0.00       1/7           sub_1006e8f0() [677]
                0.00    0.00       1/1           sub_1006ee10() [789]
-----------------------------------------------
                0.00    0.06   14038/14038       subopt_100617c0() [28]
[46]     1.7    0.00    0.06   14038         subopt_10061330() [46]
                0.06    0.00   14038/14038       subopt_10060f90() [47]
                0.00    0.00   14038/39401       subopt_100656a0() [107]
-----------------------------------------------
                0.06    0.00   14038/14038       subopt_10061330() [46]
[47]     1.6    0.06    0.00   14038         subopt_10060f90() [47]
                0.00    0.00     682/682         subopt_10060bf0() [498]
-----------------------------------------------
                0.06    0.00       3/3           init() [49]
[48]     1.6    0.06    0.00       3         loadOverlay(char const*, int) [48]
                0.00    0.00       5/5           GetFileContents(std::__cxx11::basic_string<char, std::char_traits<char>, std::allocator<char> >) [690]
-----------------------------------------------
                                                 <spontaneous>
[49]     1.6    0.00    0.06                 init() [49]
                0.06    0.00       3/3           loadOverlay(char const*, int) [48]
-----------------------------------------------
                0.00    0.06       2/2           sub_1000a710() [5]
[50]     1.6    0.00    0.06       2         sub_100016e0() [50]
                0.00    0.06      72/108         sub_10007ce0() [36]
                0.00    0.00       8/12          sub_10007d40() [146]
                0.00    0.00      96/38994       sub_100609d0() [82]
                0.00    0.00      80/40443       sub_1005f680() [106]
                0.00    0.00     152/148876      sub_10065960() [101]
                0.00    0.00      16/24          sub_100015a0() [330]
                0.00    0.00       4/1615        sub_10062430() [192]
                0.00    0.00      80/8125        sub_1005a420() [228]
                0.00    0.00      20/1630        sub_10062c60() [420]
                0.00    0.00     300/462         sub_10058970() [501]
                0.00    0.00     224/396         sub_1005cf90() [516]
                0.00    0.00     176/18844       sub_10056df0() [453]
                0.00    0.00     128/192         sub_1005c930() [529]
                0.00    0.00     104/166         sub_1005b7d0() [531]
                0.00    0.00      80/120         sub_1005c2e0() [537]
                0.00    0.00      56/94          sub_1005a960() [540]
                0.00    0.00      52/88          sub_10058ab0() [541]
                0.00    0.00      36/54          sub_10056ef0() [563]
                0.00    0.00      32/48          sub_10064670() [565]
                0.00    0.00      16/24          sub_1005fbc0() [610]
                0.00    0.00      16/24          sub_10060b40() [611]
                0.00    0.00       8/12          sub_10055430() [637]
                0.00    0.00       8/12          sub_10066d40() [641]
                0.00    0.00       8/26435       sub_10065640() [442]
                0.00    0.00       2/3           sub_10064410() [728]
                0.00    0.00       1/4           sub_100557c0() [697]
-----------------------------------------------
                0.05    0.00     400/400         sub_10056b90() [2]
[51]     1.3    0.05    0.00     400         sub_10055bd0() [51]
                0.00    0.00     400/400         sub_10049980() [508]
                0.00    0.00      40/40          sub_10007b20() [574]
-----------------------------------------------
                0.05    0.00   14038/14038       subopt_100617c0() [28]
[52]     1.2    0.05    0.00   14038         subopt_100614d0() [52]
-----------------------------------------------
                0.00    0.00       1/2935        sub_1001d250() [290]
                0.00    0.00       1/2935        sub_1001d280() [291]
                0.00    0.00       1/2935        sub_1001d880() [292]
                0.00    0.00       1/2935        sub_1001db50() [293]
                0.00    0.00       1/2935        sub_1001db80() [294]
                0.00    0.00       1/2935        sub_1001dcd0() [295]
                0.00    0.00       1/2935        sub_1001dd00() [296]
                0.00    0.00       1/2935        sub_1001dd60() [297]
                0.00    0.00       1/2935        sub_1001dd90() [298]
                0.00    0.00       2/2935        sub_1001d2b0() [274]
                0.00    0.00       2/2935        sub_1001e090() [275]
                0.00    0.00       2/2935        sub_1001e2d0() [276]
                0.00    0.00       2/2935        sub_1001e300() [277]
                0.00    0.00       2/2935        sub_1001e330() [278]
                0.00    0.00       3/2935        sub_1001d3d0() [267]
                0.00    0.00       4/2935        sub_1001d190() [248]
                0.00    0.00       4/2935        sub_1001d1f0() [249]
                0.00    0.00       4/2935        sub_1001d520() [250]
                0.00    0.00       4/2935        sub_1001d550() [251]
                0.00    0.00       4/2935        sub_1001d8b0() [252]
                0.00    0.00       4/2935        sub_1001d8e0() [253]
                0.00    0.00       4/2935        sub_1001da30() [254]
                0.00    0.00       4/2935        sub_1001da60() [255]
                0.00    0.00       4/2935        sub_1001daf0() [256]
                0.00    0.00       4/2935        sub_1001db20() [257]
                0.00    0.00       5/2935        sub_1001d1c0() [233]
                0.00    0.00       5/2935        sub_1001d220() [234]
                0.00    0.00       5/2935        sub_1001d4c0() [235]
                0.00    0.00       5/2935        sub_1001d4f0() [236]
                0.00    0.00       5/2935        sub_1001d790() [237]
                0.00    0.00       5/2935        sub_1001ddc0() [238]
                0.00    0.00       5/2935        sub_1001ddf0() [239]
                0.00    0.00       5/2935        sub_1001deb0() [240]
                0.00    0.00       5/2935        sub_1001e000() [241]
                0.00    0.00       5/2935        sub_1001e360() [242]
                0.00    0.00       5/2935        sub_1001e390() [243]
                0.00    0.00       5/2935        sub_1001e3c0() [244]
                0.00    0.00       5/2935        sub_1001e3f0() [245]
                0.00    0.00       5/2935        sub_1001e420() [246]
                0.00    0.00      10/2935        sub_1001d460() [221]
                0.00    0.00      10/2935        sub_1001d490() [222]
                0.00    0.00      15/2935        sub_1001de20() [216]
                0.00    0.00      30/2935        sub_1001df40() [209]
                0.00    0.00      32/2935        sub_1001dbb0() [202]
                0.00    0.00      32/2935        sub_1001dbe0() [203]
                0.00    0.00      32/2935        sub_1001dc10() [204]
                0.00    0.00      32/2935        sub_1001dc40() [205]
                0.00    0.00      32/2935        sub_1001dc70() [206]
                0.00    0.00      32/2935        sub_1001dca0() [207]
                0.00    0.00      32/2935        sub_1001dd30() [208]
                0.00    0.00      33/2935        sub_1001e150() [201]
                0.00    0.00      40/2935        sub_1001dfd0() [196]
                0.00    0.00     128/2935        sub_1001d910() [165]
                0.00    0.00     128/2935        sub_1001d940() [166]
                0.00    0.00     128/2935        sub_1001d970() [167]
                0.00    0.00     128/2935        sub_1001d9a0() [168]
                0.00    0.00     128/2935        sub_1001d9d0() [169]
                0.00    0.00     128/2935        sub_1001da00() [170]
                0.00    0.00     128/2935        sub_1001da90() [171]
                0.00    0.00     128/2935        sub_1001dac0() [172]
                0.00    0.00     132/2935        sub_1001e0f0() [164]
                0.00    0.00     135/2935        sub_1001de50() [162]
                0.00    0.00     135/2935        sub_1001e210() [163]
                0.00    0.00     165/2935        sub_1001df10() [157]
                0.00    0.00     215/2935        sub_1001de80() [155]
                0.00    0.00     265/2935        sub_1001e1b0() [148]
                0.01    0.00     370/2935        sub_1001dfa0() [134]
[53]     1.0    0.04    0.00    2935         sub_10026e60() [53]
-----------------------------------------------
                0.00    0.00   75690/1714090     sub_100176d0() [20]
                0.04    0.00 1638400/1714090     sub_10059ed0() [17]
[54]     1.0    0.04    0.00 1714090         fpuinsns::fsubpst(int) [54]
-----------------------------------------------
                0.00    0.00       1/1083822     sub_1007a4b0() [64]
                0.00    0.00       2/1083822     sub_10007d90() [145]
                0.00    0.00       3/1083822     sub_10056300() [373]
                0.00    0.00       4/1083822     sub_1000c600() [12]
                0.00    0.00      12/1083822     sub_10019530() [391]
                0.00    0.00      20/1083822     sub_100194d0() [78]
                0.00    0.00      38/1083822     sub_10019620() [6]
                0.00    0.00     246/1083822     sub_1004a850() [264]
                0.00    0.00    1884/1083822     sub_100578f0() [194]
                0.00    0.00    3144/1083822     sub_10004520() [29]
                0.04    0.00 1078468/1083822     sub_10004040() [31]
[55]     1.0    0.04    0.00 1083822         sub_100c90d2_native(char const*, char const*) [55]
-----------------------------------------------
                0.04    0.00    1600/1600        sub_1006b050() [10]
[56]     1.0    0.04    0.00    1600         sub_1006fb80() [56]
-----------------------------------------------
                0.04    0.00     400/400         sub_10016ed0() [4]
[57]     1.0    0.04    0.00     400         sub_1005a700() [57]
                0.00    0.00     400/41820       sub_10007230() [436]
-----------------------------------------------
                0.00    0.01       1/6           sub_10068810() [128]
                0.00    0.01       1/6           sub_1006a370() [129]
                0.00    0.01       1/6           sub_1006c1c0() [89]
                0.00    0.02       3/6           sub_1006be50() [61]
[58]     1.0    0.00    0.04       6         sub_1006a010() [58]
                0.01    0.00     172/172         sub_1006fe90() [120]
                0.01    0.00      12/12          sub_1006ef80() [121]
                0.01    0.00       6/6           sub_1006dce0() [123]
                0.01    0.00      12/13          sub_1006d3a0() [112]
                0.00    0.00      24/66          sub_1006fab0() [561]
                0.00    0.00      24/56          sub_1006f1a0() [562]
                0.00    0.00      24/24          sub_1006d140() [613]
                0.00    0.00       6/6           sub_10069ee0() [682]
-----------------------------------------------
                0.00    0.00      15/815         sub_10062430() [192]
                0.00    0.04     800/815         sub_10062630() [8]
[59]     1.0    0.00    0.04     815         sub_10068890() [59]
                0.00    0.03       2/2           sub_100688f0() [74]
                0.00    0.01       2/2           sub_100689f0() [142]
                0.00    0.00       1/1           sub_10068970() [154]
                0.00    0.00       2/2           sub_100688d0() [161]
                0.00    0.00       2/2           sub_10068ac0() [183]
                0.00    0.00       2/2           sub_10068a30() [182]
                0.00    0.00       2/2           sub_100689e0() [181]
                0.00    0.00     400/400         sub_100688c0() [514]
                0.00    0.00     400/400         sub_100688b0() [513]
                0.00    0.00       1/1           sub_10068960() [780]
                0.00    0.00       1/1           sub_10068a00() [781]
-----------------------------------------------
                0.00    0.00       1/71          sub_1006bf90() [176]
                0.00    0.00       2/71          sub_100689e0() [181]
                0.00    0.00       3/71          sub_1006c0b0() [144]
                0.00    0.00       4/71          sub_1006c130() [160]
                0.00    0.00       6/71          sub_1006bc30() [153]
                0.00    0.00       8/71          sub_1006c1c0() [89]
                0.00    0.01      11/71          sub_1006c600() [45]
                0.00    0.01      12/71          sub_1006bd90() [131]
                0.00    0.01      24/71          sub_1006be50() [61]
[60]     0.9    0.00    0.04      71         sub_1006a4e0() [60]
                0.03    0.00     194/194         sub_10070310() [68]
                0.01    0.00       7/11          sub_1006d530() [122]
                0.00    0.00      18/18          sub_1006d5d0() [265]
                0.00    0.00     674/926         sub_100ca3f6() [486]
                0.00    0.00     510/566         sub_1006fec0() [499]
                0.00    0.00     320/332         sub_1006fb40() [517]
                0.00    0.00     243/20263       sub_100caaf0() [448]
                0.00    0.00     238/238         sub_100702a0() [525]
                0.00    0.00     238/238         sub_100702e0() [526]
                0.00    0.00     238/238         sub_100702f0() [527]
                0.00    0.00     167/167         sub_100cd51c() [530]
                0.00    0.00      36/40          sub_1006d7c0() [590]
                0.00    0.00      32/44          sub_1006fad0() [570]
                0.00    0.00      18/18          sub_1006d6f0() [629]
                0.00    0.00      16/32          sub_1006f980() [599]
                0.00    0.00      16/16          sub_1006fa20() [634]
                0.00    0.00      15/15          sub_100cd50a() [635]
-----------------------------------------------
                0.00    0.01       1/3           sub_1006c600() [45]
                0.00    0.02       2/3           sub_100688f0() [74]
[61]     0.9    0.00    0.04       3         sub_1006be50() [61]
                0.00    0.02       3/6           sub_1006a010() [58]
                0.00    0.01      24/71          sub_1006a4e0() [60]
                0.00    0.00       3/3           sub_1006c0b0() [144]
                0.00    0.00       3/67          sub_10070390() [268]
                0.00    0.00       3/467         sub_10070420() [213]
                0.00    0.00       3/4           sub_1006e990() [714]
                0.00    0.00       3/3           sub_1006a130() [731]
                0.00    0.00       3/7           sub_1006a220() [676]
-----------------------------------------------
                0.00    0.03       1/1           sub_1000c600() [12]
[62]     0.8    0.00    0.03       1         sub_100370b0() [62]
                0.00    0.03       1/1           sub_10073330() [63]
                0.00    0.00       1/3           sub_1001d3d0() [267]
                0.00    0.00       3/53967       sub_100c8680() [100]
                0.00    0.00       1/3           sub_1001d3a0() [717]
-----------------------------------------------
                0.00    0.03       1/1           sub_100370b0() [62]
[63]     0.8    0.00    0.03       1         sub_10073330() [63]
                0.00    0.03       1/1           sub_1007a4b0() [64]
                0.00    0.00       1/11550       indirectCall(int, int, int, int) [151]
                0.00    0.00       1/10          sub_10049d80() [643]
                0.00    0.00       1/1           sub_1001b520() [754]
-----------------------------------------------
                0.00    0.03       1/1           sub_10073330() [63]
[64]     0.8    0.00    0.03       1         sub_1007a4b0() [64]
                0.00    0.03       1/1           sub_10050e70() [69]
                0.00    0.00       1/1           sub_10077ad0() [258]
                0.00    0.00       1/1           sub_1004aad0() [304]
                0.00    0.00       1/8           sub_1004a850() [264]
                0.00    0.00       1/1           sub_1004dcb0() [382]
                0.00    0.00       1/25          sub_10049db0() [363]
                0.00    0.00       1/1083822     sub_100c90d2_native(char const*, char const*) [55]
                0.00    0.00       1/29332       sub_100c8749() [440]
                0.00    0.00       1/3           sub_10049ed0() [718]
                0.00    0.00       1/1           sub_1004d1e0() [767]
                0.00    0.00       1/1           sub_1007a420() [792]
                0.00    0.00       1/1           sub_1004e520() [771]
-----------------------------------------------
                0.00    0.00     802/205602      sub_100629a0() [225]
                0.03    0.00  204800/205602      sub_10062e20() [25]
[65]     0.8    0.03    0.00  205602         sub_100685e0() [65]
-----------------------------------------------
                0.03    0.00   14038/14038       sub_10066dc0() [33]
[66]     0.8    0.03    0.00   14038         update_pair_linear(unsigned int, unsigned int&, unsigned int, unsigned int, float, int&, float, float) [66]
-----------------------------------------------
                                                 <spontaneous>
[67]     0.8    0.03    0.00                 writeWav(char const*, float const*, float const*, int, int) [67]
-----------------------------------------------
                0.03    0.00     194/194         sub_1006a4e0() [60]
[68]     0.8    0.03    0.00     194         sub_10070310() [68]
                0.00    0.00     194/20263       sub_100caaf0() [448]
                0.00    0.00     194/988         sub_1006ff00() [483]
-----------------------------------------------
                0.00    0.03       1/1           sub_1007a4b0() [64]
[69]     0.8    0.00    0.03       1         sub_10050e70() [69]
                0.00    0.03       1/1           sub_10051120() <cycle 7> [72]
                0.00    0.00       1/1           sub_10051810() [299]
                0.00    0.00       3/726         sub_10050850() [180]
                0.00    0.00       1/5           sub_10050520() [315]
                0.00    0.00       1/14221       sub_1004fda0() [108]
                0.00    0.00       4/20480       sub_100501e0() [447]
                0.00    0.00       3/728         sub_1004d790() [492]
-----------------------------------------------
[70]     0.8    0.00    0.03       1+800     <cycle 7 as a whole> [70]
                0.00    0.03     720             sub_10051120() <cycle 7> [72]
                0.00    0.00      81             sub_10050a50() <cycle 7> [179]
-----------------------------------------------
                0.00    0.03       1/1           sub_1000c600() [12]
[71]     0.8    0.00    0.03       1         sub_10007be0() [71]
                0.00    0.03      36/108         sub_10007ce0() [36]
                0.00    0.00       4/12          sub_10007d40() [146]
                0.00    0.00      48/38994       sub_100609d0() [82]
                0.00    0.00      40/40443       sub_1005f680() [106]
                0.00    0.00      76/148876      sub_10065960() [101]
                0.00    0.00       8/24          sub_100015a0() [330]
                0.00    0.00       2/1615        sub_10062430() [192]
                0.00    0.00      40/8125        sub_1005a420() [228]
                0.00    0.00       1/3           sub_1001a500() [390]
                0.00    0.00      10/1630        sub_10062c60() [420]
                0.00    0.00     150/462         sub_10058970() [501]
                0.00    0.00     112/396         sub_1005cf90() [516]
                0.00    0.00      88/18844       sub_10056df0() [453]
                0.00    0.00      64/192         sub_1005c930() [529]
                0.00    0.00      52/166         sub_1005b7d0() [531]
                0.00    0.00      40/120         sub_1005c2e0() [537]
                0.00    0.00      28/94          sub_1005a960() [540]
                0.00    0.00      26/88          sub_10058ab0() [541]
                0.00    0.00      18/54          sub_10056ef0() [563]
                0.00    0.00      16/48          sub_10064670() [565]
                0.00    0.00       8/24          sub_1005fbc0() [610]
                0.00    0.00       8/24          sub_10060b40() [611]
                0.00    0.00       4/12          sub_10055430() [637]
                0.00    0.00       4/12          sub_10066d40() [641]
                0.00    0.00       4/26435       sub_10065640() [442]
                0.00    0.00       1/9           sub_100071e0() [661]
                0.00    0.00       1/4           sub_100557c0() [697]
                0.00    0.00       1/3           sub_10064410() [728]
-----------------------------------------------
                                 719             sub_10050a50() <cycle 7> [179]
                0.00    0.03       1/1           sub_10050e70() [69]
[72]     0.8    0.00    0.03     720         sub_10051120() <cycle 7> [72]
                0.00    0.03    4012/4013        sub_100514d0() [73]
                0.00    0.00     720/4733        sub_100502a0() [126]
                0.00    0.00       3/4           sub_100503e0() [381]
                0.00    0.00    6171/20480       sub_100501e0() [447]
                0.00    0.00    4012/29332       sub_100c8749() [440]
                0.00    0.00    4011/4011        sub_1004d470() [473]
                0.00    0.00    4011/4011        sub_1004d450() [472]
                0.00    0.00     720/1535        sub_1004d4e0() [478]
                0.00    0.00     720/4742        sub_1004fff0() [467]
                0.00    0.00     720/720         sub_1004e210() [495]
                0.00    0.00     720/25001       sub_1004fe50() [443]
                0.00    0.00     720/720         sub_1004d090() [493]
                0.00    0.00       1/4012        sub_1004e2b0() [471]
                                  81             sub_10050a50() <cycle 7> [179]
-----------------------------------------------
                0.00    0.00       1/4013        sub_10051810() [299]
                0.00    0.03    4012/4013        sub_10051120() <cycle 7> [72]
[73]     0.7    0.00    0.03    4013         sub_100514d0() [73]
                0.00    0.02    4012/4014        sub_10050ca0() [76]
                0.00    0.01    4013/4733        sub_100502a0() [126]
                0.00    0.00       1/4           sub_100503e0() [381]
                0.00    0.00   12037/20480       sub_100501e0() [447]
                0.00    0.00    4013/4742        sub_1004fff0() [467]
-----------------------------------------------
                0.00    0.03       2/2           sub_10068890() [59]
[74]     0.7    0.00    0.03       2         sub_100688f0() [74]
                0.00    0.02       2/3           sub_1006be50() [61]
                0.00    0.00       2/4           sub_100686f0() [159]
-----------------------------------------------
                0.03    0.00   13441/13441       sub_100176d0() [20]
[75]     0.7    0.03    0.00   13441         sub_1005fc00() [75]
                0.00    0.00    1833/20263       sub_100caaf0() [448]
-----------------------------------------------
                0.00    0.00       2/4014        sub_10051670() [300]
                0.00    0.02    4012/4014        sub_100514d0() [73]
[76]     0.6    0.00    0.02    4014         sub_10050ca0() [76]
                0.01    0.01   27136/27867       sub_10050330() [83]
                0.00    0.00    4014/14221       sub_1004fda0() [108]
                0.00    0.00   23114/25001       sub_1004fe50() [443]
                0.00    0.00   23108/23108       sub_10050c10() [445]
                0.00    0.00      50/28350       sub_100ca01f() [441]
                0.00    0.00       2/20480       sub_100501e0() [447]
-----------------------------------------------
                0.00    0.00       2/7           sub_10004020() [130]
                0.01    0.01       5/7           sub_10004740() [27]
[77]     0.6    0.01    0.01       7         sub_100c8cf0() [77]
                0.01    0.00    5117/6735        sub_10004000() [109]
                0.00    0.00     130/130         sub_100c8c60() [156]
                0.00    0.00    5117/11550       indirectCall(int, int, int, int) [151]
                0.00    0.00    5117/6739        synsoemuIndirectCall(int, int, int, int) [465]
                0.00    0.00     197/197         sub_100c8c30() [528]
-----------------------------------------------
                0.00    0.02       4/4           sub_10019620() [6]
[78]     0.5    0.00    0.02       4         sub_100194d0() [78]
                0.00    0.02       4/4           sub_10062040() [86]
                0.00    0.00      20/1083822     sub_100c90d2_native(char const*, char const*) [55]
-----------------------------------------------
                0.00    0.00     432/1314341     sub_100599b0() [218]
                0.00    0.00   84309/1314341     sub_100176d0() [20]
                0.02    0.00 1229600/1314341     sub_10059ed0() [17]
[79]     0.5    0.02    0.00 1314341         fpuinsns::fstpst(int) [79]
-----------------------------------------------
                0.00    0.00     712/219788      sub_100599b0() [218]
                0.02    0.00  219076/219788      sub_100176d0() [20]
[80]     0.5    0.02    0.00  219788         fpuinsns::fxchst2(int, int) [80]
-----------------------------------------------
                0.02    0.00   65536/65536       sub_10062040() [86]
[81]     0.5    0.02    0.00   65536         sub_10061250() [81]
-----------------------------------------------
                0.00    0.00      48/38994       sub_10007be0() [71]
                0.00    0.00      96/38994       sub_100016e0() [50]
                0.02    0.00   38850/38994       sub_100176d0() [20]
[82]     0.5    0.02    0.00   38994         sub_100609d0() [82]
                0.00    0.00   12950/26435       sub_10065640() [442]
                0.00    0.00      24/4506        sub_100ca3c0() [470]
-----------------------------------------------
                0.00    0.00       5/27867       sub_10051810() [299]
                0.00    0.00     726/27867       sub_10050850() [180]
                0.01    0.01   27136/27867       sub_10050ca0() [76]
[83]     0.5    0.01    0.01   27867         sub_10050330() [83]
                0.01    0.00   57042/57042       sub_100cd430() [104]
-----------------------------------------------
                0.02    0.00     800/800         sub_1006b050() [10]
[84]     0.5    0.02    0.00     800         sub_1006efe0() [84]
-----------------------------------------------
                0.02    0.00      80/80          sub_1006c600() [45]
[85]     0.5    0.02    0.00      80         sub_10070180() [85]
                0.00    0.00      80/29332       sub_100c8749() [440]
-----------------------------------------------
                0.00    0.02       4/4           sub_100194d0() [78]
[86]     0.5    0.00    0.02       4         sub_10062040() [86]
                0.02    0.00   65536/65536       sub_10061250() [81]
-----------------------------------------------
                0.00    0.02       5/5           sub_1000c600() [12]
[87]     0.5    0.00    0.02       5         sub_1000c580() [87]
                0.00    0.02       5/5           sub_1000b9f0() [88]
                0.00    0.00       5/69          sub_1001f0c0() [281]
                0.00    0.00       5/69          sub_1001f0d0() [282]
                0.00    0.00       5/5           sub_1001d7f0() [687]
-----------------------------------------------
                0.00    0.02       5/5           sub_1000c580() [87]
[88]     0.5    0.00    0.02       5         sub_1000b9f0() [88]
                0.00    0.01     370/370         sub_1001dfa0() [134]
                0.00    0.00     265/265         sub_1001e1b0() [148]
                0.00    0.00     215/215         sub_1001de80() [155]
                0.00    0.00     165/165         sub_1001df10() [157]
                0.00    0.00     135/135         sub_1001e210() [163]
                0.00    0.00     135/135         sub_1001de50() [162]
                0.00    0.00      40/40          sub_1001dfd0() [196]
                0.00    0.00      30/30          sub_1001df40() [209]
                0.00    0.00       5/5           sub_100075b0() [212]
                0.00    0.00      15/15          sub_1001de20() [216]
                0.00    0.00       5/5           sub_1001ddc0() [238]
                0.00    0.00       5/5           sub_1001ddf0() [239]
                0.00    0.00       5/5           sub_1001e000() [241]
                0.00    0.00       5/5           sub_1001deb0() [240]
                0.00    0.00     265/265         sub_1001e1e0() [260]
                0.00    0.00     135/135         sub_1001e240() [279]
                0.00    0.00     400/21339       sub_100c9890() [446]
-----------------------------------------------
                0.00    0.01       1/2           sub_1006c600() [45]
                0.00    0.01       1/2           sub_10069b20() [40]
[89]     0.5    0.00    0.02       2         sub_1006c1c0() [89]
                0.00    0.01       1/6           sub_1006a010() [58]
                0.01    0.00       2/4           sub_1006d3e0() [97]
                0.00    0.00       8/71          sub_1006a4e0() [60]
                0.00    0.00       1/2           sub_1006a190() [143]
                0.00    0.00       1/4           sub_1006c340() [327]
                0.00    0.00       1/67          sub_10070390() [268]
                0.00    0.00       1/467         sub_10070420() [213]
                0.00    0.00       4/20          sub_1006f1d0() [625]
                0.00    0.00       2/6           sub_1006d180() [684]
                0.00    0.00       2/6           sub_1006d160() [683]
                0.00    0.00       1/1           sub_1006ed10() [788]
-----------------------------------------------
                0.00    0.02       4/4           sub_1000c600() [12]
[90]     0.4    0.00    0.02       4         sub_1000b930() [90]
                0.00    0.02       4/4           sub_10009310() [91]
                0.00    0.00       4/69          sub_1001f0c0() [281]
                0.00    0.00       4/69          sub_1001f0d0() [282]
                0.00    0.00       4/4           sub_1001d7c0() [694]
-----------------------------------------------
                0.00    0.02       4/4           sub_1000b930() [90]
[91]     0.4    0.00    0.02       4         sub_10009310() [91]
                0.00    0.00     132/132         sub_1001e0f0() [164]
                0.00    0.00     128/128         sub_1001da90() [171]
                0.00    0.00     128/128         sub_1001dac0() [172]
                0.00    0.00     128/128         sub_1001d970() [167]
                0.00    0.00     128/128         sub_1001d9a0() [168]
                0.00    0.00     128/128         sub_1001d9d0() [169]
                0.00    0.00     128/128         sub_1001da00() [170]
                0.00    0.00     128/128         sub_1001d910() [165]
                0.00    0.00     128/128         sub_1001d940() [166]
                0.00    0.00       4/4           sub_1001da30() [254]
                0.00    0.00       4/4           sub_1001da60() [255]
                0.00    0.00       4/4           sub_1001d8b0() [252]
                0.00    0.00       4/4           sub_1001daf0() [256]
                0.00    0.00       4/4           sub_1001db20() [257]
                0.00    0.00       4/4           sub_1001d8e0() [253]
                0.00    0.00     132/132         sub_1001e120() [280]
                0.00    0.00     136/21339       sub_100c9890() [446]
-----------------------------------------------
[92]     0.3    0.00    0.01       1+130     <cycle 6 as a whole> [92]
                0.00    0.01       1             sub_10062310() <cycle 6> [127]
                0.00    0.00       4             sub_10064f10() <cycle 6> [147]
                0.00    0.00       5             sub_1005a390() <cycle 6> [247]
                0.00    0.00       1             sub_10064090() <cycle 6> [262]
                0.00    0.00       5             sub_10062860() <cycle 6> [392]
                0.00    0.00      66+164         sub_10058480() <cycle 6> [560]
                0.00    0.00      30             sub_1005ce50() <cycle 6> [604]
                0.00    0.00      10             sub_1005c800() <cycle 6> [652]
                0.00    0.00       8             sub_10064ad0() <cycle 6> [669]
                0.00    0.00       1             sub_1005a550() <cycle 6> [775]
-----------------------------------------------
                0.00    0.01       1/1           sub_1001b540() [15]
[93]     0.3    0.00    0.01       1         sub_1005f4c0() [93]
                0.00    0.01       1/1           sub_10058480() <cycle 6> [560]
-----------------------------------------------
[94]     0.3    0.00    0.01      10+28      <cycle 4 as a whole> [94]
                0.00    0.01      22+215         sub_10058690() <cycle 4> [125]
                0.00    0.00       8             sub_100653c0() <cycle 4> [197]
                0.00    0.00       8             sub_10064a70() <cycle 4> [668]
-----------------------------------------------
[95]     0.3    0.00    0.01     268+4732    <cycle 3 as a whole> [95]
                0.00    0.01    2639             sub_100ca661() <cycle 3> [96]
                0.00    0.00      10             sub_100076c0() <cycle 3> [284]
                0.00    0.00       4             sub_1000bf80() <cycle 3> [305]
                0.00    0.00      30             sub_1005d150() <cycle 3> [321]
                0.00    0.00       4             sub_10065e70() <cycle 3> [350]
                0.00    0.00       5             sub_10063e30() <cycle 3> [374]
                0.00    0.00    1280             sub_10064fd0() <cycle 3> [479]
                0.00    0.00    1024             sub_10065d80() <cycle 3> [482]
                0.00    0.00       4             sub_10009670() <cycle 3> [691]
-----------------------------------------------
                                   4             sub_10065e70() <cycle 3> [350]
                                   8             sub_10009670() <cycle 3> [691]
                                  10             sub_10063e30() <cycle 3> [374]
                                  16             sub_1000bf80() <cycle 3> [305]
                                  30             sub_1005d150() <cycle 3> [321]
                                1024             sub_10065d80() <cycle 3> [482]
                                1280             sub_10064fd0() <cycle 3> [479]
                0.00    0.00       1/268         sub_10032d80() [191]
                0.00    0.00       2/268         sub_10009760() [219]
                0.00    0.00       2/268         sub_1000c600() [12]
                0.00    0.00       8/268         sub_100653c0() <cycle 4> [197]
                0.00    0.00      17/268         sub_10031f60() [193]
                0.00    0.01     237/268         sub_10058690() <cycle 4> [125]
[96]     0.3    0.00    0.01    2639         sub_100ca661() <cycle 3> [96]
                0.00    0.01    2750/2750        sub_10062750() [124]
                0.00    0.00      10/2760        sub_10068560() [110]
                0.00    0.00      68/68          sub_10031d70() [283]
                0.00    0.00       8/8           sub_100608b0() [340]
                0.00    0.00       8/8           sub_10061b60() [341]
                0.00    0.00       4/4           sub_10031b90() [364]
                0.00    0.00      32/40          sub_10065780() [581]
                0.00    0.00      18/19          sub_100574c0() [627]
                                1280             sub_10064fd0() <cycle 3> [479]
                                1024             sub_10065d80() <cycle 3> [482]
                                  10             sub_100076c0() <cycle 3> [284]
                                   4             sub_10009670() <cycle 3> [691]
                                   4             sub_1000bf80() <cycle 3> [305]
-----------------------------------------------
                0.01    0.00       2/4           sub_1006c1c0() [89]
                0.01    0.00       2/4           sub_1006db10() [135]
[97]     0.3    0.01    0.00       4         sub_1006d3e0() [97]
                0.00    0.00       8/8           sub_10070510() [307]
                0.00    0.00      24/926         sub_100ca3f6() [486]
-----------------------------------------------
                0.00    0.00       1/10          sub_10007d90() [145]
                0.00    0.01       9/10          sub_1000c600() [12]
[98]     0.3    0.00    0.01      10         sub_1004b8b0() [98]
                0.00    0.01      10/10          sub_1004b6f0() [99]
                0.00    0.00      10/53967       sub_100c8680() [100]
                0.00    0.00      30/21339       sub_100c9890() [446]
                0.00    0.00      20/29332       sub_100c8749() [440]
-----------------------------------------------
                0.00    0.01      10/10          sub_1004b8b0() [98]
[99]     0.3    0.00    0.01      10         sub_1004b6f0() [99]
                0.00    0.01      10/10          sub_1004fc90() [113]
                0.00    0.00      10/53967       sub_100c8680() [100]
                0.00    0.00      40/40          sub_1004fae0() [576]
                0.00    0.00      40/40          sub_1004fb30() [577]
                0.00    0.00      30/30          sub_1004fc00() [601]
                0.00    0.00      10/29332       sub_100c8749() [440]
                0.00    0.00      10/10          sub_1004fc40() [646]
                0.00    0.00      10/76          sub_100c924a() [555]
                0.00    0.00      10/21339       sub_100c9890() [446]
-----------------------------------------------
                0.00    0.00       1/53967       sub_1001bd40() [414]
                0.00    0.00       1/53967       sub_10057bb0() [416]
                0.00    0.00       1/53967       sub_1005a870() [417]
                0.00    0.00       1/53967       sub_10077ad0() [258]
                0.00    0.00       3/53967       sub_1004a6d0() [386]
                0.00    0.00       3/53967       sub_10065df0() [387]
                0.00    0.00       3/53967       sub_10066d70() [388]
                0.00    0.00       3/53967       sub_100370b0() [62]
                0.00    0.00       4/53967       sub_100554b0() [379]
                0.00    0.00       4/53967       sub_10066c80() [351]
                0.00    0.00       4/53967       sub_10065e70() <cycle 3> [350]
                0.00    0.00       5/53967       sub_10063e30() <cycle 3> [374]
                0.00    0.00       6/53967       sub_100685c0() [372]
                0.00    0.00       8/53967       sub_10061c80() [362]
                0.00    0.00       8/53967       sub_100677c0() [361]
                0.00    0.00       8/53967       sub_100608b0() [340]
                0.00    0.00       8/53967       sub_10061b60() [341]
                0.00    0.00       8/53967       sub_10056550() [210]
                0.00    0.00      10/53967       sub_10059860() [356]
                0.00    0.00      10/53967       sub_1004b6f0() [99]
                0.00    0.00      10/53967       sub_1004b8b0() [98]
                0.00    0.00      14/53967       sub_1004c2a0() [345]
                0.00    0.00      16/53967       sub_1000a710() [5]
                0.00    0.00      18/53967       sub_1000c600() [12]
                0.00    0.00      20/53967       sub_100655b0() [335]
                0.00    0.00      24/53967       sub_100015a0() [330]
                0.00    0.00      27/53967       sub_1004b0d0() [325]
                0.00    0.00      30/53967       sub_1005b640() [322]
                0.00    0.00      30/53967       sub_1005d150() <cycle 3> [321]
                0.00    0.00      32/53967       sub_10019570() [319]
                0.00    0.00      40/53967       sub_10067fc0() [310]
                0.00    0.00      64/53967       sub_100580e0() [301]
                0.00    0.00      80/53967       sub_10058160() [288]
                0.00    0.00      86/53967       sub_10019620() [6]
                0.00    0.00     236/53967       sub_1004a270() [231]
                0.00    0.00     512/53967       sub_100640b0() [229]
                0.00    0.00     618/53967       sub_10026cc0() [227]
                0.00    0.00     800/53967       sub_100559b0() [220]
                0.00    0.00    1284/53967       sub_10068620() [215]
                0.00    0.00    1576/53967       sub_100041b0() [30]
                0.00    0.00    4500/53967       sub_10058690() <cycle 4> [125]
                0.00    0.00    4645/53967       sub_100175b0() [184]
                0.01    0.00   39206/53967       sub_10015160() [13]
[100]    0.3    0.01    0.00   53967         sub_100c8680() [100]
-----------------------------------------------
                0.00    0.00       8/148876      sub_1000c600() [12]
                0.00    0.00      76/148876      sub_10007be0() [71]
                0.00    0.00     152/148876      sub_100016e0() [50]
                0.01    0.00  148640/148876      sub_100176d0() [20]
[101]    0.3    0.01    0.00  148876         sub_10065960() [101]
-----------------------------------------------
                0.00    0.00     683/70389       sub_100599b0() [218]
                0.01    0.00   69706/70389       sub_100176d0() [20]
[102]    0.3    0.01    0.00   70389         fpuinsns::fldst(int) [102]
-----------------------------------------------
                0.00    0.00     204/60604       sub_10051da0() [269]
                0.00    0.00    1120/60604       sub_10052440() [132]
                0.00    0.00   10240/60604       sub_10051c50() [173]
                0.00    0.00   13200/60604       sub_10051de0() [158]
                0.01    0.00   35840/60604       sub_10051d20() [133]
[103]    0.3    0.01    0.00   60604         sub_10052a50() [103]
-----------------------------------------------
                0.01    0.00   57042/57042       sub_10050330() [83]
[104]    0.3    0.01    0.00   57042         sub_100cd430() [104]
-----------------------------------------------
                0.01    0.00   47250/47250       sub_100644c0() [111]
[105]    0.3    0.01    0.00   47250         sub_100cb766() [105]
-----------------------------------------------
                0.00    0.00      40/40443       sub_10007be0() [71]
                0.00    0.00      80/40443       sub_100016e0() [50]
                0.01    0.00   40323/40443       sub_100176d0() [20]
[106]    0.3    0.01    0.00   40443         sub_1005f680() [106]
                0.00    0.00   13441/26435       sub_10065640() [442]
                0.00    0.00      24/4506        sub_100ca3c0() [470]
-----------------------------------------------
                0.00    0.00   10794/39401       sub_10015160() [13]
                0.00    0.00   14038/39401       subopt_10061330() [46]
                0.00    0.00   14569/39401       subopt_10060640() [21]
[107]    0.3    0.01    0.00   39401         subopt_100656a0() [107]
-----------------------------------------------
                0.00    0.00       1/14221       sub_1004dcb0() [382]
                0.00    0.00       1/14221       sub_100503e0() [381]
                0.00    0.00       1/14221       sub_10050e70() [69]
                0.00    0.00       2/14221       sub_10051670() [300]
                0.00    0.00       2/14221       sub_10050a50() <cycle 7> [179]
                0.00    0.00       4/14221       sub_10051810() [299]
                0.00    0.00      10/14221       sub_10050520() [315]
                0.00    0.00     720/14221       sub_1004e580() [198]
                0.00    0.00    4014/14221       sub_10050ca0() [76]
                0.01    0.00    9466/14221       sub_100502a0() [126]
[108]    0.3    0.01    0.00   14221         sub_1004fda0() [108]
                0.00    0.00    4734/21339       sub_100c9890() [446]
                0.00    0.00    4734/29332       sub_100c8749() [440]
-----------------------------------------------
                0.00    0.00    1618/6735        sub_100c8c60() [156]
                0.01    0.00    5117/6735        sub_100c8cf0() [77]
[109]    0.3    0.01    0.00    6735         sub_10004000() [109]
                0.00    0.00   90998/90998       sub_100cb56d() [434]
                0.00    0.00   47540/53912       sub_100c9f1a() [435]
                0.00    0.00     952/952         sub_100499c0() [484]
                0.00    0.00      22/22          sub_10049a60() [615]
-----------------------------------------------
                0.00    0.00      10/2760        sub_100ca661() <cycle 3> [96]
                0.01    0.00    2750/2760        sub_10062750() [124]
[110]    0.3    0.01    0.00    2760         sub_10068560() [110]
-----------------------------------------------
                0.00    0.01     438/438         sub_10064530() [116]
[111]    0.3    0.00    0.01     438         sub_100644c0() [111]
                0.01    0.00   47250/47250       sub_100cb766() [105]
                0.00    0.00     378/21339       sub_100c9890() [446]
-----------------------------------------------
                0.00    0.00       1/13          sub_1006bf90() [176]
                0.01    0.00      12/13          sub_1006a010() [58]
[112]    0.3    0.01    0.00      13         sub_1006d3a0() [112]
-----------------------------------------------
                0.00    0.01      10/10          sub_1004b6f0() [99]
[113]    0.3    0.00    0.01      10         sub_1004fc90() [113]
                0.00    0.01      10/10          sub_10052760() [114]
                0.00    0.00      40/70          sub_1004fb80() [556]
                0.00    0.00      10/40          sub_10051ff0() [579]
-----------------------------------------------
                0.00    0.01      10/10          sub_1004fc90() [113]
[114]    0.3    0.00    0.01      10         sub_10052760() [114]
                0.00    0.01      35/35          sub_10052440() [132]
                0.00    0.00      25/25          sub_10051de0() [158]
                0.00    0.00      10/10          sub_10051c50() [173]
                0.00    0.00      50/130         sub_100ce243() [535]
-----------------------------------------------
                0.01    0.00       4/8           sub_100689f0() [142]
                0.01    0.00       4/8           sub_1006a190() [143]
[115]    0.3    0.01    0.00       8         sub_1006efa0() [115]
-----------------------------------------------
                0.00    0.01       2/2           sub_1000a710() [5]
[116]    0.3    0.00    0.01       2         sub_10064530() [116]
                0.00    0.01     438/438         sub_100644c0() [111]
-----------------------------------------------
                0.01    0.00       2/2           sub_1006c600() [45]
[117]    0.3    0.01    0.00       2         sub_1006f110() [117]
                0.00    0.00       2/29332       sub_100c8749() [440]
-----------------------------------------------
                                                 <spontaneous>
[118]    0.3    0.01    0.00                 fpuinsns::fsubst2(int, int) [118]
-----------------------------------------------
                0.00    0.00       1/2121        sub_1004aad0() [304]
                0.00    0.00       3/2121        sub_10076900() [259]
                0.00    0.00       6/2121        sub_1004a030() [270]
                0.00    0.00       8/2121        sub_1004a850() [264]
                0.00    0.00      36/2121        sub_10057970() [211]
                0.00    0.00      84/2121        sub_10057cc0() [185]
                0.00    0.00     120/2121        sub_100578f0() [194]
                0.00    0.00     274/2121        sub_10008b60() [174]
                0.01    0.00    1589/2121        sub_10004040() [31]
[119]    0.3    0.01    0.00    2121         sub_100c91a2() [119]
-----------------------------------------------
                0.01    0.00     172/172         sub_1006a010() [58]
[120]    0.3    0.01    0.00     172         sub_1006fe90() [120]
-----------------------------------------------
                0.01    0.00      12/12          sub_1006a010() [58]
[121]    0.3    0.01    0.00      12         sub_1006ef80() [121]
-----------------------------------------------
                0.00    0.00       1/11          sub_1006c600() [45]
                0.00    0.00       3/11          sub_1006c0b0() [144]
                0.01    0.00       7/11          sub_1006a4e0() [60]
[122]    0.3    0.01    0.00      11         sub_1006d530() [122]
                0.00    0.00      22/926         sub_100ca3f6() [486]
-----------------------------------------------
                0.01    0.00       6/6           sub_1006a010() [58]
[123]    0.3    0.01    0.00       6         sub_1006dce0() [123]
                0.00    0.00      36/66          sub_1006fab0() [561]
-----------------------------------------------
                0.00    0.01    2750/2750        sub_100ca661() <cycle 3> [96]
[124]    0.3    0.00    0.01    2750         sub_10062750() [124]
                0.01    0.00    2750/2760        sub_10068560() [110]
-----------------------------------------------
                                 215             sub_10058690() <cycle 4> [125]
                                   8             sub_100653c0() <cycle 4> [197]
                                   8             sub_10064a70() <cycle 4> [668]
                0.00    0.00       2/10          sub_1000c600() [12]
                0.00    0.00       4/10          sub_10007d40() [146]
[125]    0.3    0.00    0.01      22+215     sub_10058690() <cycle 4> [125]
                0.00    0.01     237/268         sub_100ca661() <cycle 3> [96]
                0.00    0.00    4500/53967       sub_100c8680() [100]
                0.00    0.00    4737/29332       sub_100c8749() [440]
                                   8             sub_10064a70() <cycle 4> [668]
                                   4             sub_100653c0() <cycle 4> [197]
                                 215             sub_10058690() <cycle 4> [125]
-----------------------------------------------
                0.00    0.00     720/4733        sub_10051120() <cycle 7> [72]
                0.00    0.01    4013/4733        sub_100514d0() [73]
[126]    0.2    0.00    0.01    4733         sub_100502a0() [126]
                0.01    0.00    9466/14221       sub_1004fda0() [108]
                0.00    0.00   29367/29367       sub_100ca122() [439]
                0.00    0.00    4733/5453        sub_100c9d9b() [466]
-----------------------------------------------
                                   1             sub_10058480() <cycle 6> [560]
[127]    0.2    0.00    0.01       1         sub_10062310() <cycle 6> [127]
                0.00    0.01       1/1           sub_10068810() [128]
                0.00    0.00       2/41820       sub_10007230() [436]
                0.00    0.00       1/418         sub_100dfe70() [502]
                0.00    0.00       1/418         sub_100dfeb0() [503]
                                   1             sub_10058480() <cycle 6> [560]
-----------------------------------------------
                0.00    0.01       1/1           sub_10062310() <cycle 6> [127]
[128]    0.2    0.00    0.01       1         sub_10068810() [128]
                0.00    0.01       1/6           sub_1006a010() [58]
                0.00    0.00       1/4           sub_1006c340() [327]
                0.00    0.00       1/67          sub_10070390() [268]
                0.00    0.00       1/467         sub_10070420() [213]
                0.00    0.00       4/12          sub_1006cc10() [642]
                0.00    0.00       2/6           sub_1006d160() [683]
                0.00    0.00       2/6           sub_1006d180() [684]
-----------------------------------------------
                0.00    0.01       1/1           sub_10069b20() [40]
[129]    0.2    0.00    0.01       1         sub_1006a370() [129]
                0.00    0.01       1/6           sub_1006a010() [58]
                0.00    0.00       1/4           sub_1006c340() [327]
                0.00    0.00       1/67          sub_10070390() [268]
                0.00    0.00       1/467         sub_10070420() [213]
                0.00    0.00       4/12          sub_1006cc10() [642]
                0.00    0.00       2/6           sub_1006d160() [683]
                0.00    0.00       2/6           sub_1006d180() [684]
-----------------------------------------------
                0.00    0.00       1/2           sub_10007d90() [145]
                0.00    0.00       1/2           sub_10008670() [152]
[130]    0.2    0.00    0.01       2         sub_10004020() [130]
                0.00    0.00       2/7           sub_100c8cf0() [77]
-----------------------------------------------
                0.00    0.00       1/2           sub_10068970() [154]
                0.00    0.00       1/2           sub_1006c600() [45]
[131]    0.2    0.00    0.01       2         sub_1006bd90() [131]
                0.00    0.01      12/71          sub_1006a4e0() [60]
                0.00    0.00       2/2           sub_1006e820() [747]
-----------------------------------------------
                0.00    0.01      35/35          sub_10052760() [114]
[132]    0.2    0.00    0.01      35         sub_10052440() [132]
                0.00    0.01    1155/1155        sub_10051d20() [133]
                0.00    0.00    1120/60604       sub_10052a50() [103]
                0.00    0.00     204/204         sub_10051da0() [269]
                0.00    0.00    1155/1155        sub_10052ab0() [480]
                0.00    0.00      70/70          sub_100520f0() [557]
                0.00    0.00      70/70          sub_100521d0() [558]
-----------------------------------------------
                0.00    0.01    1155/1155        sub_10052440() [132]
[133]    0.2    0.00    0.01    1155         sub_10051d20() [133]
                0.01    0.00   35840/60604       sub_10052a50() [103]
-----------------------------------------------
                0.00    0.01     370/370         sub_1000b9f0() [88]
[134]    0.1    0.00    0.01     370         sub_1001dfa0() [134]
                0.01    0.00     370/2935        sub_10026e60() [53]
-----------------------------------------------
                0.00    0.01       2/2           sub_1006c600() [45]
[135]    0.1    0.00    0.01       2         sub_1006db10() [135]
                0.01    0.00       2/4           sub_1006d3e0() [97]
                0.00    0.00       4/4           sub_10070590() [287]
-----------------------------------------------
                0.00    0.01    4645/4645        sub_10056b90() [2]
[136]    0.1    0.00    0.01    4645         sub_10055810() [136]
                0.00    0.01       3/3           sub_10004bc0() [138]
                0.00    0.00    4649/4649        sub_10067ed0() [468]
                0.00    0.00       4/4           sub_10067ef0() [706]
                0.00    0.00       1/1           sub_10004fe0() [752]
-----------------------------------------------
                0.00    0.01       5/5           sub_10004bc0() [138]
[137]    0.1    0.00    0.01       5         sub_1001a530() [137]
                0.01    0.00       4/4           sub_1005f820() [141]
                0.00    0.00       4/4           sub_10061c80() [362]
                0.00    0.00       3/3           sub_10066d70() [388]
                0.00    0.00       3/3           sub_10065df0() [387]
                0.00    0.00       3/1283        sub_10064ed0() [370]
                0.00    0.00      18/18          sub_10065870() [628]
                0.00    0.00       6/6           sub_10057150() [680]
                0.00    0.00       6/6           sub_10064b80() [681]
                0.00    0.00       5/5           sub_10019e80() [685]
                0.00    0.00       4/4           sub_10060af0() [701]
                0.00    0.00       4/4           sub_1005f790() [700]
                0.00    0.00       3/3           sub_10067860() [730]
                0.00    0.00       3/3           sub_10065680() [729]
-----------------------------------------------
                0.00    0.01       3/3           sub_10055810() [136]
[138]    0.1    0.00    0.01       3         sub_10004bc0() [138]
                0.00    0.01       5/5           sub_1001a530() [137]
                0.00    0.00      12/12          sub_10058050() [639]
                0.00    0.00       5/9           sub_1001b220() [662]
                0.00    0.00       3/3           sub_10019eb0() [716]
-----------------------------------------------
                0.01    0.00   25900/25900       sub_100176d0() [20]
[139]    0.1    0.01    0.00   25900         sub_10060b20() [139]
-----------------------------------------------
                0.01    0.00   12950/12950       sub_100176d0() [20]
[140]    0.1    0.01    0.00   12950         sub_10060b80() [140]
                0.00    0.00   12950/20263       sub_100caaf0() [448]
-----------------------------------------------
                0.01    0.00       4/4           sub_1001a530() [137]
[141]    0.1    0.01    0.00       4         sub_1005f820() [141]
-----------------------------------------------
                0.00    0.01       2/2           sub_10068890() [59]
[142]    0.1    0.00    0.01       2         sub_100689f0() [142]
                0.01    0.00       4/8           sub_1006efa0() [115]
                0.00    0.00       4/926         sub_100ca3f6() [486]
-----------------------------------------------
                0.00    0.00       1/2           sub_1006c1c0() [89]
                0.00    0.00       1/2           sub_1006c600() [45]
[143]    0.1    0.00    0.01       2         sub_1006a190() [143]
                0.01    0.00       4/8           sub_1006efa0() [115]
                0.00    0.00       4/926         sub_100ca3f6() [486]
-----------------------------------------------
                0.00    0.00       3/3           sub_1006be50() [61]
[144]    0.1    0.00    0.00       3         sub_1006c0b0() [144]
                0.00    0.00       3/11          sub_1006d530() [122]
                0.00    0.00       3/71          sub_1006a4e0() [60]
-----------------------------------------------
                0.00    0.00       1/1           sub_1000c600() [12]
[145]    0.1    0.00    0.00       1         sub_10007d90() [145]
                0.00    0.00       1/2           sub_10004020() [130]
                0.00    0.00       1/10          sub_1004b8b0() [98]
                0.00    0.00       1/1590        sub_100041b0() [30]
                0.00    0.00       1/2           sub_1004aaa0() [230]
                0.00    0.00       1/8           sub_1004a850() [264]
                0.00    0.00       1/20          sub_10005150() [286]
                0.00    0.00       1/7           sub_10004110() [323]
                0.00    0.00       1/1617        sub_1004b180() [199]
                0.00    0.00       1/27          sub_1004b660() [316]
                0.00    0.00       1/27          sub_1004b0d0() [325]
                0.00    0.00       2/25          sub_10049db0() [363]
                0.00    0.00       2/1083822     sub_100c90d2_native(char const*, char const*) [55]
                0.00    0.00      10/53912       sub_100c9f1a() [435]
                0.00    0.00       3/17          sub_100c9860() [631]
                0.00    0.00       1/10          sub_10049d80() [643]
                0.00    0.00       1/3           sub_10049ed0() [718]
                0.00    0.00       1/29332       sub_100c8749() [440]
                0.00    0.00       1/46          sub_100c9ce7() [568]
                0.00    0.00       1/10          sub_1004b6d0() [644]
                0.00    0.00       1/10          sub_1004b950() [645]
-----------------------------------------------
                0.00    0.00       4/12          sub_10007be0() [71]
                0.00    0.00       8/12          sub_100016e0() [50]
[146]    0.1    0.00    0.00      12         sub_10007d40() [146]
                0.00    0.00       4/10          sub_10058690() <cycle 4> [125]
                0.00    0.00       1/4           sub_10055700() [383]
-----------------------------------------------
                                   4             sub_10058480() <cycle 6> [560]
[147]    0.1    0.00    0.00       4         sub_10064f10() <cycle 6> [147]
                0.00    0.00       4/10          sub_100653c0() <cycle 4> [197]
                0.00    0.00       8/41820       sub_10007230() [436]
                                   4             sub_10058480() <cycle 6> [560]
-----------------------------------------------
                0.00    0.00     265/265         sub_1000b9f0() [88]
[148]    0.1    0.00    0.00     265         sub_1001e1b0() [148]
                0.00    0.00     265/2935        sub_10026e60() [53]
-----------------------------------------------
                0.00    0.00       1/1           sub_1000c600() [12]
[149]    0.1    0.00    0.00       1         sub_1000b990() [149]
                0.00    0.00       1/1           sub_100094c0() [150]
                0.00    0.00       1/69          sub_1001f0c0() [281]
                0.00    0.00       1/69          sub_1001f0d0() [282]
                0.00    0.00       1/1           sub_1001d820() [760]
-----------------------------------------------
                0.00    0.00       1/1           sub_1000b990() [149]
[150]    0.1    0.00    0.00       1         sub_100094c0() [150]
                0.00    0.00      33/33          sub_1001e150() [201]
                0.00    0.00      32/32          sub_1001dd30() [208]
                0.00    0.00      32/32          sub_1001dc10() [204]
                0.00    0.00      32/32          sub_1001dc40() [205]
                0.00    0.00      32/32          sub_1001dc70() [206]
                0.00    0.00      32/32          sub_1001dca0() [207]
                0.00    0.00      32/32          sub_1001dbb0() [202]
                0.00    0.00      32/32          sub_1001dbe0() [203]
                0.00    0.00       1/1           sub_1001dcd0() [295]
                0.00    0.00       1/1           sub_1001dd00() [296]
                0.00    0.00       1/1           sub_1001db50() [293]
                0.00    0.00       1/1           sub_1001dd60() [297]
                0.00    0.00       1/1           sub_1001dd90() [298]
                0.00    0.00       1/1           sub_1001db80() [294]
                0.00    0.00      33/33          sub_1001e180() [317]
                0.00    0.00      34/21339       sub_100c9890() [446]
-----------------------------------------------
                0.00    0.00       1/11550       sub_11001582() [412]
                0.00    0.00       1/11550       sub_110015fc() [413]
                0.00    0.00       1/11550       sub_1001fb70() [358]
                0.00    0.00       1/11550       sub_10032d20() [306]
                0.00    0.00       1/11550       sub_1006c600() [45]
                0.00    0.00       1/11550       sub_100ca5ff() [397]
                0.00    0.00       1/11550       sub_10056550() [210]
                0.00    0.00       1/11550       sub_10073330() [63]
                0.00    0.00       1/11550       sub_100e4c90() [398]
                0.00    0.00       1/11550       sub_100e4cb0() [399]
                0.00    0.00       1/11550       sub_100e4d00() [400]
                0.00    0.00       1/11550       sub_100e4d20() [401]
                0.00    0.00       2/11550       sub_110018d0() [385]
                0.00    0.00       2/11550       sub_100496ba() [357]
                0.00    0.00       2/11550       sub_1004b690() [384]
                0.00    0.00       2/11550       sub_10055700() [383]
                0.00    0.00       3/11550       sub_10049ea0() [377]
                0.00    0.00       4/11550       sub_1001f550() [346]
                0.00    0.00       4/11550       sub_100217f0() [347]
                0.00    0.00       4/11550       sub_100218d0() [348]
                0.00    0.00       4/11550       sub_10022a80() [313]
                0.00    0.00       4/11550       sub_10031b90() [364]
                0.00    0.00       4/11550       sub_10049882() [365]
                0.00    0.00       4/11550       sub_10049db0() [363]
                0.00    0.00       4/11550       sub_10070590() [287]
                0.00    0.00       5/11550       sub_100ca62f() [359]
                0.00    0.00       6/11550       sub_1004a030() [270]
                0.00    0.00       9/11550       sub_1004b2c0() [344]
                0.00    0.00      10/11550       sub_10031d10() [339]
                0.00    0.00      10/11550       sub_1001f1a0() [338]
                0.00    0.00      19/11550       sub_1001ef70() [320]
                0.00    0.00      22/11550       sub_1004b660() [316]
                0.00    0.00      27/11550       sub_1001f190() [308]
                0.00    0.00      34/11550       sub_10031f60() [193]
                0.00    0.00      35/11550       sub_10025cb0() [302]
                0.00    0.00      68/11550       sub_10031d70() [283]
                0.00    0.00      69/11550       sub_1001f0c0() [281]
                0.00    0.00      69/11550       sub_1001f0d0() [282]
                0.00    0.00      95/11550       sub_1004a140() [273]
                0.00    0.00     134/11550       sub_10070390() [268]
                0.00    0.00     400/11550       sub_10067f10() [223]
                0.00    0.00     400/11550       sub_10067f50() [224]
                0.00    0.00     800/11550       sub_10070470() [214]
                0.00    0.00     931/11550       sub_10070420() [213]
                0.00    0.00    1617/11550       sub_1004b180() [199]
                0.00    0.00    1618/11550       sub_100c8c60() [156]
                0.00    0.00    5117/11550       sub_100c8cf0() [77]
[151]    0.1    0.00    0.00   11550         indirectCall(int, int, int, int) [151]
                0.00    0.00       3/3           advapi32::RegOpenKeyExA() [177]
                0.00    0.00       3/3           advapi32::RegQueryValueExA() [178]
                0.00    0.00      27/27          kernel32::FindFirstFileA() [187]
                0.00    0.00       6/6           kernel32::CreateFileA() [217]
                0.00    0.00       1/1           kernel32::LoadLibraryA() [272]
                0.00    0.00    1590/1590        kernel32::FindNextFileA() [477]
                0.00    0.00      95/95          kernel32::ReadFile() [539]
                0.00    0.00      18/18          kernel32::GetProcAddress() [630]
                0.00    0.00       4/4           kernel32::CloseHandle() [715]
                0.00    0.00       3/3           kernel32::GetFileSize() [733]
                0.00    0.00       2/2           kernel32::GetModuleFileNameA() [750]
-----------------------------------------------
                0.00    0.00       1/1           sub_1000c600() [12]
[152]    0.1    0.00    0.00       1         sub_10008670() [152]
                0.00    0.00       1/2           sub_10004020() [130]
                0.00    0.00       1/6           sub_1004a030() [270]
                0.00    0.00       1/7           sub_10004110() [323]
                0.00    0.00       2/1617        sub_1004b180() [199]
                0.00    0.00       1/27          sub_1004b660() [316]
                0.00    0.00       1/27          sub_1004b0d0() [325]
                0.00    0.00       1/25          sub_10049db0() [363]
                0.00    0.00       1/29332       sub_100c8749() [440]
                0.00    0.00       1/10          sub_10049d80() [643]
-----------------------------------------------
                0.00    0.00       2/6           sub_100688d0() [161]
                0.00    0.00       4/6           sub_100686f0() [159]
[153]    0.1    0.00    0.00       6         sub_1006bc30() [153]
                0.00    0.00       6/71          sub_1006a4e0() [60]
                0.00    0.00       6/7           sub_1006e8f0() [677]
-----------------------------------------------
                0.00    0.00       1/1           sub_10068890() [59]
[154]    0.1    0.00    0.00       1         sub_10068970() [154]
                0.00    0.00       1/2           sub_1006bd90() [131]
                0.00    0.00       1/20263       sub_100caaf0() [448]
-----------------------------------------------
                0.00    0.00     215/215         sub_1000b9f0() [88]
[155]    0.1    0.00    0.00     215         sub_1001de80() [155]
                0.00    0.00     215/2935        sub_10026e60() [53]
-----------------------------------------------
                0.00    0.00     130/130         sub_100c8cf0() [77]
[156]    0.1    0.00    0.00     130         sub_100c8c60() [156]
                0.00    0.00    1618/6735        sub_10004000() [109]
                0.00    0.00    1618/11550       indirectCall(int, int, int, int) [151]
                0.00    0.00    1618/6739        synsoemuIndirectCall(int, int, int, int) [465]
-----------------------------------------------
                0.00    0.00     165/165         sub_1000b9f0() [88]
[157]    0.1    0.00    0.00     165         sub_1001df10() [157]
                0.00    0.00     165/2935        sub_10026e60() [53]
-----------------------------------------------
                0.00    0.00      25/25          sub_10052760() [114]
[158]    0.1    0.00    0.00      25         sub_10051de0() [158]
                0.00    0.00   13200/60604       sub_10052a50() [103]
-----------------------------------------------
                0.00    0.00       2/4           sub_100688d0() [161]
                0.00    0.00       2/4           sub_100688f0() [74]
[159]    0.1    0.00    0.00       4         sub_100686f0() [159]
                0.00    0.00       4/6           sub_1006bc30() [153]
                0.00    0.00       4/4           sub_1006a490() [710]
                0.00    0.00       4/4           sub_1006a450() [709]
-----------------------------------------------
                0.00    0.00       2/4           sub_10068a30() [182]
                0.00    0.00       2/4           sub_10068ac0() [183]
[160]    0.1    0.00    0.00       4         sub_1006c130() [160]
                0.00    0.00       4/71          sub_1006a4e0() [60]
-----------------------------------------------
                0.00    0.00       2/2           sub_10068890() [59]
[161]    0.1    0.00    0.00       2         sub_100688d0() [161]
                0.00    0.00       2/4           sub_100686f0() [159]
                0.00    0.00       2/6           sub_1006bc30() [153]
-----------------------------------------------
                0.00    0.00     135/135         sub_1000b9f0() [88]
[162]    0.0    0.00    0.00     135         sub_1001de50() [162]
                0.00    0.00     135/2935        sub_10026e60() [53]
-----------------------------------------------
                0.00    0.00     135/135         sub_1000b9f0() [88]
[163]    0.0    0.00    0.00     135         sub_1001e210() [163]
                0.00    0.00     135/2935        sub_10026e60() [53]
-----------------------------------------------
                0.00    0.00     132/132         sub_10009310() [91]
[164]    0.0    0.00    0.00     132         sub_1001e0f0() [164]
                0.00    0.00     132/2935        sub_10026e60() [53]
-----------------------------------------------
                0.00    0.00     128/128         sub_10009310() [91]
[165]    0.0    0.00    0.00     128         sub_1001d910() [165]
                0.00    0.00     128/2935        sub_10026e60() [53]
-----------------------------------------------
                0.00    0.00     128/128         sub_10009310() [91]
[166]    0.0    0.00    0.00     128         sub_1001d940() [166]
                0.00    0.00     128/2935        sub_10026e60() [53]
-----------------------------------------------
                0.00    0.00     128/128         sub_10009310() [91]
[167]    0.0    0.00    0.00     128         sub_1001d970() [167]
                0.00    0.00     128/2935        sub_10026e60() [53]
-----------------------------------------------
                0.00    0.00     128/128         sub_10009310() [91]
[168]    0.0    0.00    0.00     128         sub_1001d9a0() [168]
                0.00    0.00     128/2935        sub_10026e60() [53]
-----------------------------------------------
                0.00    0.00     128/128         sub_10009310() [91]
[169]    0.0    0.00    0.00     128         sub_1001d9d0() [169]
                0.00    0.00     128/2935        sub_10026e60() [53]
-----------------------------------------------
                0.00    0.00     128/128         sub_10009310() [91]
[170]    0.0    0.00    0.00     128         sub_1001da00() [170]
                0.00    0.00     128/2935        sub_10026e60() [53]
-----------------------------------------------
                0.00    0.00     128/128         sub_10009310() [91]
[171]    0.0    0.00    0.00     128         sub_1001da90() [171]
                0.00    0.00     128/2935        sub_10026e60() [53]
-----------------------------------------------
                0.00    0.00     128/128         sub_10009310() [91]
[172]    0.0    0.00    0.00     128         sub_1001dac0() [172]
                0.00    0.00     128/2935        sub_10026e60() [53]
-----------------------------------------------
                0.00    0.00      10/10          sub_10052760() [114]
[173]    0.0    0.00    0.00      10         sub_10051c50() [173]
                0.00    0.00   10240/60604       sub_10052a50() [103]
-----------------------------------------------
                0.00    0.00     274/274         sub_10008bc0() [175]
[174]    0.0    0.00    0.00     274         sub_10008b60() [174]
                0.00    0.00     274/2121        sub_100c91a2() [119]
                0.00    0.00     274/1864        sub_100ca290() [475]
-----------------------------------------------
                0.00    0.00       1/1           sub_1000c600() [12]
[175]    0.0    0.00    0.00       1         sub_10008bc0() [175]
                0.00    0.00     274/274         sub_10008b60() [174]
-----------------------------------------------
                0.00    0.00       1/1           sub_1006c600() [45]
[176]    0.0    0.00    0.00       1         sub_1006bf90() [176]
                0.00    0.00       1/13          sub_1006d3a0() [112]
                0.00    0.00       1/71          sub_1006a4e0() [60]
                0.00    0.00       1/7           sub_1006a220() [676]
-----------------------------------------------
                0.00    0.00       3/3           indirectCall(int, int, int, int) [151]
[177]    0.0    0.00    0.00       3         advapi32::RegOpenKeyExA() [177]
                0.00    0.00       3/406         advapi32::readStr(unsigned int) [23]
-----------------------------------------------
                0.00    0.00       3/3           indirectCall(int, int, int, int) [151]
[178]    0.0    0.00    0.00       3         advapi32::RegQueryValueExA() [178]
                0.00    0.00       3/406         advapi32::readStr(unsigned int) [23]
-----------------------------------------------
                                  81             sub_10051120() <cycle 7> [72]
[179]    0.0    0.00    0.00      81         sub_10050a50() <cycle 7> [179]
                0.00    0.00     723/726         sub_10050850() [180]
                0.00    0.00       2/2           sub_10051670() [300]
                0.00    0.00       4/5           sub_10050520() [315]
                0.00    0.00       2/14221       sub_1004fda0() [108]
                0.00    0.00     806/20480       sub_100501e0() [447]
                0.00    0.00     725/728         sub_1004d790() [492]
                0.00    0.00      81/1535        sub_1004d4e0() [478]
                0.00    0.00       2/2           sub_10050650() [741]
                0.00    0.00       2/29332       sub_100c8749() [440]
                0.00    0.00       2/2           sub_1004d710() [738]
                                 719             sub_10051120() <cycle 7> [72]
-----------------------------------------------
                0.00    0.00       3/726         sub_10050e70() [69]
                0.00    0.00     723/726         sub_10050a50() <cycle 7> [179]
[180]    0.0    0.00    0.00     726         sub_10050850() [180]
                0.00    0.00     726/27867       sub_10050330() [83]
                0.00    0.00     720/720         sub_1004e580() [198]
                0.00    0.00    1452/20480       sub_100501e0() [447]
                0.00    0.00     726/1535        sub_1004d4e0() [478]
                0.00    0.00     726/29332       sub_100c8749() [440]
                0.00    0.00     720/720         sub_1004ffd0() [497]
                0.00    0.00       5/5           sub_1004e300() [688]
                0.00    0.00       1/1           sub_1004e400() [768]
-----------------------------------------------
                0.00    0.00       2/2           sub_10068890() [59]
[181]    0.0    0.00    0.00       2         sub_100689e0() [181]
                0.00    0.00       2/71          sub_1006a4e0() [60]
                0.00    0.00       2/7           sub_1006a220() [676]
-----------------------------------------------
                0.00    0.00       2/2           sub_10068890() [59]
[182]    0.0    0.00    0.00       2         sub_10068a30() [182]
                0.00    0.00       2/4           sub_1006c130() [160]
                0.00    0.00       2/4           sub_1006a2f0() [707]
                0.00    0.00       2/4           sub_1006a320() [708]
-----------------------------------------------
                0.00    0.00       2/2           sub_10068890() [59]
[183]    0.0    0.00    0.00       2         sub_10068ac0() [183]
                0.00    0.00       2/4           sub_1006c130() [160]
                0.00    0.00       2/4           sub_1006a2f0() [707]
                0.00    0.00       2/4           sub_1006a320() [708]
-----------------------------------------------
                0.00    0.00    4645/4645        sub_100176d0() [20]
[184]    0.0    0.00    0.00    4645         sub_100175b0() [184]
                0.00    0.00    4645/53967       sub_100c8680() [100]
-----------------------------------------------
                0.00    0.00      84/84          sub_10003a90() [186]
[185]    0.0    0.00    0.00      84         sub_10057cc0() [185]
                0.00    0.00      84/120         sub_100578f0() [194]
                0.00    0.00      84/2121        sub_100c91a2() [119]
                0.00    0.00      84/84          sub_10057a30() [548]
                0.00    0.00      84/84          sub_10057810() [545]
-----------------------------------------------
                0.00    0.00       1/3           sub_1000c600() [12]
                0.00    0.00       2/3           sub_1000a710() [5]
[186]    0.0    0.00    0.00       3         sub_10003a90() [186]
                0.00    0.00      84/84          sub_10057cc0() [185]
                0.00    0.00       1/1           sub_10040930() [764]
-----------------------------------------------
                0.00    0.00      27/27          indirectCall(int, int, int, int) [151]
[187]    0.0    0.00    0.00      27         kernel32::FindFirstFileA() [187]
                0.00    0.00      27/2434        kernel32::readString(unsigned int) [44]
                0.00    0.00     146/146         void std::vector<std::pair<std::__cxx11::basic_string<char, std::char_traits<char>, std::allocator<char> >, bool>, std::allocator<std::pair<std::__cxx11::basic_string<char, std::char_traits<char>, std::allocator<char> >, bool> > >::_M_realloc_insert<std::pair<std::__cxx11::basic_string<char, std::char_traits<char>, std::allocator<char> >, bool> >(__gnu_cxx::__normal_iterator<std::pair<std::__cxx11::basic_string<char, std::char_traits<char>, std::allocator<char> >, bool>*, std::vector<std::pair<std::__cxx11::basic_string<char, std::char_traits<char>, std::allocator<char> >, bool>, std::allocator<std::pair<std::__cxx11::basic_string<char, std::char_traits<char>, std::allocator<char> >, bool> > > >, std::pair<std::__cxx11::basic_string<char, std::char_traits<char>, std::allocator<char> >, bool>&&) [533]
                0.00    0.00      27/31          kernel32::vfsTranslate(std::__cxx11::basic_string<char, std::char_traits<char>, std::allocator<char> > const&) [600]
-----------------------------------------------
                0.00    0.00       3/3           sub_10032fa0() [189]
[188]    0.0    0.00    0.00       3         sub_10032f40() [188]
                0.00    0.00       1/1           sub_10032ea0() [190]
-----------------------------------------------
                0.00    0.00       1/3           sub_10015070() [11]
                0.00    0.00       2/3           sub_100073c0() [200]
[189]    0.0    0.00    0.00       3         sub_10032fa0() [189]
                0.00    0.00       3/3           sub_10032f40() [188]
-----------------------------------------------
                0.00    0.00       1/1           sub_10032f40() [188]
[190]    0.0    0.00    0.00       1         sub_10032ea0() [190]
                0.00    0.00       1/1           sub_10032d80() [191]
                0.00    0.00       1/1           sub_100318b0() [343]
                0.00    0.00       1/1           sub_10023050() [763]
-----------------------------------------------
                0.00    0.00       1/1           sub_10032ea0() [190]
[191]    0.0    0.00    0.00       1         sub_10032d80() [191]
                0.00    0.00       1/1           sub_10032030() [195]
                0.00    0.00       2/17          sub_10031f60() [193]
                0.00    0.00       1/268         sub_100ca661() <cycle 3> [96]
                0.00    0.00       1/1           sub_10022f40() [303]
                0.00    0.00       1/1           sub_10032d20() [306]
                0.00    0.00       1/1           sub_10031870() [326]
                0.00    0.00       3/29332       sub_100c8749() [440]
                0.00    0.00       1/1           sub_10022ff0() [762]
-----------------------------------------------
                0.00    0.00       2/1615        sub_10007be0() [71]
                0.00    0.00       4/1615        sub_100016e0() [50]
                0.00    0.00       9/1615        sub_10062240() [37]
                0.00    0.00    1600/1615        sub_10016ed0() [4]
[192]    0.0    0.00    0.00    1615         sub_10062430() [192]
                0.00    0.00      15/815         sub_10068890() [59]
                0.00    0.00      19/41820       sub_10007230() [436]
                0.00    0.00      15/418         sub_100dfe70() [502]
                0.00    0.00      15/418         sub_100dfeb0() [503]
                0.00    0.00       2/402         sub_100dfd90() [504]
                0.00    0.00       2/4506        sub_100ca3c0() [470]
                0.00    0.00       2/2           sub_100688a0() [745]
-----------------------------------------------
                0.00    0.00       2/17          sub_10032d80() [191]
                0.00    0.00      15/17          sub_10032030() [195]
[193]    0.0    0.00    0.00      17         sub_10031f60() [193]
                0.00    0.00      17/268         sub_100ca661() <cycle 3> [96]
                0.00    0.00      34/11550       indirectCall(int, int, int, int) [151]
                0.00    0.00      34/29332       sub_100c8749() [440]
-----------------------------------------------
                0.00    0.00      36/120         sub_10057970() [211]
                0.00    0.00      84/120         sub_10057cc0() [185]
[194]    0.0    0.00    0.00     120         sub_100578f0() [194]
                0.00    0.00     120/2121        sub_100c91a2() [119]
                0.00    0.00    1884/1083822     sub_100c90d2_native(char const*, char const*) [55]
-----------------------------------------------
                                  15             sub_10032030() [195]
                0.00    0.00       1/1           sub_10032d80() [191]
[195]    0.0    0.00    0.00       1+15      sub_10032030() [195]
                0.00    0.00      15/17          sub_10031f60() [193]
                0.00    0.00      15/29332       sub_100c8749() [440]
                                  15             sub_10032030() [195]
-----------------------------------------------
                0.00    0.00      40/40          sub_1000b9f0() [88]
[196]    0.0    0.00    0.00      40         sub_1001dfd0() [196]
                0.00    0.00      40/2935        sub_10026e60() [53]
-----------------------------------------------
                                   4             sub_10058690() <cycle 4> [125]
                0.00    0.00       4/10          sub_10064f10() <cycle 6> [147]
[197]    0.0    0.00    0.00       8         sub_100653c0() <cycle 4> [197]
                0.00    0.00       8/268         sub_100ca661() <cycle 3> [96]
                0.00    0.00    2560/2568        sub_10068620() [215]
                0.00    0.00    1280/1283        sub_10064ed0() [370]
                0.00    0.00      16/41820       sub_10007230() [436]
                0.00    0.00       8/29332       sub_100c8749() [440]
                                   8             sub_10058690() <cycle 4> [125]
-----------------------------------------------
                0.00    0.00     720/720         sub_10050850() [180]
[198]    0.0    0.00    0.00     720         sub_1004e580() [198]
                0.00    0.00     720/14221       sub_1004fda0() [108]
-----------------------------------------------
                0.00    0.00       1/1617        sub_10007d90() [145]
                0.00    0.00       1/1617        sub_1000c600() [12]
                0.00    0.00       2/1617        sub_100078b0() [353]
                0.00    0.00       2/1617        sub_10008670() [152]
                0.00    0.00    1611/1617        sub_10004520() [29]
[199]    0.0    0.00    0.00    1617         sub_1004b180() [199]
                0.00    0.00    1617/11550       indirectCall(int, int, int, int) [151]
                0.00    0.00    1590/1864        sub_100ca290() [475]
-----------------------------------------------
                0.00    0.00       2/2           sub_1000a710() [5]
[200]    0.0    0.00    0.00       2         sub_100073c0() [200]
                0.00    0.00       2/3           sub_10032fa0() [189]
-----------------------------------------------
                0.00    0.00      33/33          sub_100094c0() [150]
[201]    0.0    0.00    0.00      33         sub_1001e150() [201]
                0.00    0.00      33/2935        sub_10026e60() [53]
-----------------------------------------------
                0.00    0.00      32/32          sub_100094c0() [150]
[202]    0.0    0.00    0.00      32         sub_1001dbb0() [202]
                0.00    0.00      32/2935        sub_10026e60() [53]
-----------------------------------------------
                0.00    0.00      32/32          sub_100094c0() [150]
[203]    0.0    0.00    0.00      32         sub_1001dbe0() [203]
                0.00    0.00      32/2935        sub_10026e60() [53]
-----------------------------------------------
                0.00    0.00      32/32          sub_100094c0() [150]
[204]    0.0    0.00    0.00      32         sub_1001dc10() [204]
                0.00    0.00      32/2935        sub_10026e60() [53]
-----------------------------------------------
                0.00    0.00      32/32          sub_100094c0() [150]
[205]    0.0    0.00    0.00      32         sub_1001dc40() [205]
                0.00    0.00      32/2935        sub_10026e60() [53]
-----------------------------------------------
                0.00    0.00      32/32          sub_100094c0() [150]
[206]    0.0    0.00    0.00      32         sub_1001dc70() [206]
                0.00    0.00      32/2935        sub_10026e60() [53]
-----------------------------------------------
                0.00    0.00      32/32          sub_100094c0() [150]
[207]    0.0    0.00    0.00      32         sub_1001dca0() [207]
                0.00    0.00      32/2935        sub_10026e60() [53]
-----------------------------------------------
                0.00    0.00      32/32          sub_100094c0() [150]
[208]    0.0    0.00    0.00      32         sub_1001dd30() [208]
                0.00    0.00      32/2935        sub_10026e60() [53]
-----------------------------------------------
                0.00    0.00      30/30          sub_1000b9f0() [88]
[209]    0.0    0.00    0.00      30         sub_1001df40() [209]
                0.00    0.00      30/2935        sub_10026e60() [53]
-----------------------------------------------
                0.00    0.00       1/1           sub_1000c600() [12]
[210]    0.0    0.00    0.00       1         sub_10056550() [210]
                0.00    0.00      36/36          sub_10057970() [211]
                0.00    0.00      16/16          sub_100580e0() [301]
                0.00    0.00       8/53967       sub_100c8680() [100]
                0.00    0.00       1/11550       indirectCall(int, int, int, int) [151]
                0.00    0.00       1/1           sub_1001be20() [415]
                0.00    0.00       1/1           sub_10067920() [418]
                0.00    0.00       1/1           sub_10057bb0() [416]
                0.00    0.00       1/4           sub_10055620() [380]
                0.00    0.00       4/29332       sub_100c8749() [440]
                0.00    0.00       2/46          sub_100c9ce7() [568]
                0.00    0.00       1/1           sub_100dfd80() [793]
                0.00    0.00       1/2           sub_100dfe20() [748]
                0.00    0.00       1/1           sub_100498f0() [765]
                0.00    0.00       1/246         sub_10007190() [522]
                0.00    0.00       1/1           sub_1004b200() [766]
                0.00    0.00       1/22          sub_100ca6c6() [616]
                0.00    0.00       1/1           sub_1001c370() [758]
                0.00    0.00       1/1           sub_1001b930() [756]
                0.00    0.00       1/1           sub_1001b8f0() [755]
                0.00    0.00       1/1           sub_1001c440() [759]
                0.00    0.00       1/1           sub_10067280() [778]
                0.00    0.00       1/246         sub_10058870() [524]
-----------------------------------------------
                0.00    0.00      36/36          sub_10056550() [210]
[211]    0.0    0.00    0.00      36         sub_10057970() [211]
                0.00    0.00      36/120         sub_100578f0() [194]
                0.00    0.00      36/2121        sub_100c91a2() [119]
-----------------------------------------------
                0.00    0.00       5/5           sub_1000b9f0() [88]
[212]    0.0    0.00    0.00       5         sub_100075b0() [212]
                0.00    0.00       5/5           sub_1001e3f0() [245]
                0.00    0.00       5/5           sub_1001e360() [242]
                0.00    0.00       5/5           sub_1001e390() [243]
                0.00    0.00       5/5           sub_1001e420() [246]
                0.00    0.00       5/5           sub_1001e3c0() [244]
-----------------------------------------------
                0.00    0.00       1/467         sub_10068830() [369]
                0.00    0.00       1/467         sub_10068810() [128]
                0.00    0.00       1/467         sub_1006a370() [129]
                0.00    0.00       1/467         sub_1006c1c0() [89]
                0.00    0.00       3/467         sub_1006be50() [61]
                0.00    0.00       4/467         sub_1006c340() [327]
                0.00    0.00       8/467         sub_10070510() [307]
                0.00    0.00      12/467         sub_10070590() [287]
                0.00    0.00      36/467         sub_10070550() [266]
                0.00    0.00     400/467         sub_1006b050() [10]
[213]    0.0    0.00    0.00     467         sub_10070420() [213]
                0.00    0.00     931/11550       indirectCall(int, int, int, int) [151]
-----------------------------------------------
                0.00    0.00     400/400         sub_1006b050() [10]
[214]    0.0    0.00    0.00     400         sub_10070470() [214]
                0.00    0.00     800/11550       indirectCall(int, int, int, int) [151]
-----------------------------------------------
                0.00    0.00       8/2568        sub_10062760() [378]
                0.00    0.00    2560/2568        sub_100653c0() <cycle 4> [197]
[215]    0.0    0.00    0.00    2568         sub_10068620() [215]
                0.00    0.00    1284/53967       sub_100c8680() [100]
                0.00    0.00    1284/29332       sub_100c8749() [440]
-----------------------------------------------
                0.00    0.00      15/15          sub_1000b9f0() [88]
[216]    0.0    0.00    0.00      15         sub_1001de20() [216]
                0.00    0.00      15/2935        sub_10026e60() [53]
-----------------------------------------------
                0.00    0.00       6/6           indirectCall(int, int, int, int) [151]
[217]    0.0    0.00    0.00       6         kernel32::CreateFileA() [217]
                0.00    0.00       6/2434        kernel32::readString(unsigned int) [44]
                0.00    0.00       4/31          kernel32::vfsTranslate(std::__cxx11::basic_string<char, std::char_traits<char>, std::allocator<char> > const&) [600]
-----------------------------------------------
                0.00    0.00      50/137         sub_1005a390() <cycle 6> [247]
                0.00    0.00      87/137         sub_1005a420() [228]
[218]    0.0    0.00    0.00     137         sub_100599b0() [218]
                0.00    0.00     683/70389       fpuinsns::fldst(int) [102]
                0.00    0.00     712/219788      fpuinsns::fxchst2(int, int) [80]
                0.00    0.00     432/1314341     fpuinsns::fstpst(int) [79]
                0.00    0.00      50/2672408     fpuinsns::faddpst(int) [43]
                0.00    0.00     188/30062       fpuinsns::fsubrpst(int) [438]
                0.00    0.00     163/163         fpuinsns::fmulst(int) [532]
                0.00    0.00     129/179439      fpuinsns::fmulpst(int) [432]
                0.00    0.00      78/78          fpuinsns::fdivp80(double&) [554]
                0.00    0.00      59/20263       sub_100caaf0() [448]
                0.00    0.00      42/100534      fpuinsns::fppop() [433]
                0.00    0.00      42/42          sub_100ce5e8() [572]
                0.00    0.00      42/42          fpuinsns::fdivrpst(int) [573]
                0.00    0.00      17/17          fpuinsns::fsqrt() [632]
                0.00    0.00       8/8           fpuinsns::fmulst2(int, int) [674]
-----------------------------------------------
                0.00    0.00       1/1           sub_1000c600() [12]
[219]    0.0    0.00    0.00       1         sub_10009760() [219]
                0.00    0.00       2/268         sub_100ca661() <cycle 3> [96]
                0.00    0.00       1/1           sub_10064380() [263]
                0.00    0.00       1/268         sub_10063e30() <cycle 3> [374]
                0.00    0.00       1/5           sub_10059860() [356]
                0.00    0.00       1/1           sub_1005a870() [417]
                0.00    0.00       1/1           sub_10062160() [777]
                0.00    0.00       1/19          sub_100574c0() [627]
-----------------------------------------------
                0.00    0.00     400/400         sub_10056b90() [2]
[220]    0.0    0.00    0.00     400         sub_100559b0() [220]
                0.00    0.00     800/53967       sub_100c8680() [100]
                0.00    0.00     400/400         sub_100499a0() [509]
                0.00    0.00     400/400         sub_10055570() [510]
                0.00    0.00     400/400         sub_100555d0() [511]
                0.00    0.00     400/402         sub_100dfd90() [504]
-----------------------------------------------
                0.00    0.00      10/10          sub_1000c600() [12]
[221]    0.0    0.00    0.00      10         sub_1001d460() [221]
                0.00    0.00      10/2935        sub_10026e60() [53]
-----------------------------------------------
                0.00    0.00      10/10          sub_1000c600() [12]
[222]    0.0    0.00    0.00      10         sub_1001d490() [222]
                0.00    0.00      10/2935        sub_10026e60() [53]
-----------------------------------------------
                0.00    0.00     400/400         sub_10056b90() [2]
[223]    0.0    0.00    0.00     400         sub_10067f10() [223]
                0.00    0.00     400/11550       indirectCall(int, int, int, int) [151]
-----------------------------------------------
                0.00    0.00     400/400         sub_10056b90() [2]
[224]    0.0    0.00    0.00     400         sub_10067f50() [224]
                0.00    0.00     400/11550       indirectCall(int, int, int, int) [151]
-----------------------------------------------
                0.00    0.00      20/38010       sub_10063e30() <cycle 3> [374]
                0.00    0.00      30/38010       sub_10062c60() [420]
                0.00    0.00   37960/38010       sub_10062c20() [226]
[225]    0.0    0.00    0.00   38010         sub_100629a0() [225]
                0.00    0.00     802/205602      sub_100685e0() [65]
                0.00    0.00   38010/41820       sub_10007230() [436]
                0.00    0.00    2005/4506        sub_100ca3c0() [470]
-----------------------------------------------
                0.00    0.00     400/18980       sub_10016ed0() [4]
                0.00    0.00   18580/18980       sub_100176d0() [20]
[226]    0.0    0.00    0.00   18980         sub_10062c20() [226]
                0.00    0.00   37960/38010       sub_100629a0() [225]
                0.00    0.00   18980/18980       sub_10058540() [452]
-----------------------------------------------
                0.00    0.00       2/618         sub_1001e0c0() [393]
                0.00    0.00       6/618         sub_1001d730() [371]
                0.00    0.00      20/618         sub_1001d5b0() [334]
                0.00    0.00      25/618         sub_1001d610() [329]
                0.00    0.00      33/618         sub_1001e180() [317]
                0.00    0.00     132/618         sub_1001e120() [280]
                0.00    0.00     135/618         sub_1001e240() [279]
                0.00    0.00     265/618         sub_1001e1e0() [260]
[227]    0.0    0.00    0.00     618         sub_10026cc0() [227]
                0.00    0.00     618/53967       sub_100c8680() [100]
-----------------------------------------------
                0.00    0.00       5/8125        sub_1000c600() [12]
                0.00    0.00      40/8125        sub_10007be0() [71]
                0.00    0.00      80/8125        sub_100016e0() [50]
                0.00    0.00    8000/8125        sub_10016ed0() [4]
[228]    0.0    0.00    0.00    8125         sub_1005a420() [228]
                0.00    0.00      87/137         sub_100599b0() [218]
                0.00    0.00      87/4506        sub_100ca3c0() [470]
-----------------------------------------------
                0.00    0.00     256/512         sub_10064040() [261]
                0.00    0.00     256/512         sub_10064380() [263]
[229]    0.0    0.00    0.00     512         sub_100640b0() [229]
                0.00    0.00     512/53967       sub_100c8680() [100]
                0.00    0.00     512/1801        sub_10058370() [476]
-----------------------------------------------
                0.00    0.00       1/2           sub_10007d90() [145]
                0.00    0.00       1/2           sub_1000c600() [12]
[230]    0.0    0.00    0.00       2         sub_1004aaa0() [230]
                0.00    0.00       2/2           sub_1004a270() [231]
                0.00    0.00       4/25          sub_10049db0() [363]
-----------------------------------------------
                0.00    0.00       2/2           sub_1004aaa0() [230]
[231]    0.0    0.00    0.00       2         sub_1004a270() [231]
                0.00    0.00     236/53967       sub_100c8680() [100]
                0.00    0.00    3074/3173        sub_1004a140() [273]
                0.00    0.00     236/29332       sub_100c8749() [440]
-----------------------------------------------
                0.00    0.00       5/5           sub_1000c600() [12]
[232]    0.0    0.00    0.00       5         sub_100074f0() [232]
                0.00    0.00       5/5           sub_1001d790() [237]
                0.00    0.00       5/69          sub_1001f0c0() [281]
                0.00    0.00       5/69          sub_1001f0d0() [282]
                0.00    0.00       5/5           sub_1001d760() [686]
-----------------------------------------------
                0.00    0.00       5/5           sub_1000c600() [12]
[233]    0.0    0.00    0.00       5         sub_1001d1c0() [233]
                0.00    0.00       5/2935        sub_10026e60() [53]
-----------------------------------------------
                0.00    0.00       5/5           sub_1000c600() [12]
[234]    0.0    0.00    0.00       5         sub_1001d220() [234]
                0.00    0.00       5/2935        sub_10026e60() [53]
-----------------------------------------------
                0.00    0.00       5/5           sub_1000c600() [12]
[235]    0.0    0.00    0.00       5         sub_1001d4c0() [235]
                0.00    0.00       5/2935        sub_10026e60() [53]
-----------------------------------------------
                0.00    0.00       5/5           sub_1000c600() [12]
[236]    0.0    0.00    0.00       5         sub_1001d4f0() [236]
                0.00    0.00       5/2935        sub_10026e60() [53]
-----------------------------------------------
                0.00    0.00       5/5           sub_100074f0() [232]
[237]    0.0    0.00    0.00       5         sub_1001d790() [237]
                0.00    0.00       5/2935        sub_10026e60() [53]
-----------------------------------------------
                0.00    0.00       5/5           sub_1000b9f0() [88]
[238]    0.0    0.00    0.00       5         sub_1001ddc0() [238]
                0.00    0.00       5/2935        sub_10026e60() [53]
-----------------------------------------------
                0.00    0.00       5/5           sub_1000b9f0() [88]
[239]    0.0    0.00    0.00       5         sub_1001ddf0() [239]
                0.00    0.00       5/2935        sub_10026e60() [53]
-----------------------------------------------
                0.00    0.00       5/5           sub_1000b9f0() [88]
[240]    0.0    0.00    0.00       5         sub_1001deb0() [240]
                0.00    0.00       5/2935        sub_10026e60() [53]
-----------------------------------------------
                0.00    0.00       5/5           sub_1000b9f0() [88]
[241]    0.0    0.00    0.00       5         sub_1001e000() [241]
                0.00    0.00       5/2935        sub_10026e60() [53]
-----------------------------------------------
                0.00    0.00       5/5           sub_100075b0() [212]
[242]    0.0    0.00    0.00       5         sub_1001e360() [242]
                0.00    0.00       5/2935        sub_10026e60() [53]
-----------------------------------------------
                0.00    0.00       5/5           sub_100075b0() [212]
[243]    0.0    0.00    0.00       5         sub_1001e390() [243]
                0.00    0.00       5/2935        sub_10026e60() [53]
-----------------------------------------------
                0.00    0.00       5/5           sub_100075b0() [212]
[244]    0.0    0.00    0.00       5         sub_1001e3c0() [244]
                0.00    0.00       5/2935        sub_10026e60() [53]
-----------------------------------------------
                0.00    0.00       5/5           sub_100075b0() [212]
[245]    0.0    0.00    0.00       5         sub_1001e3f0() [245]
                0.00    0.00       5/2935        sub_10026e60() [53]
-----------------------------------------------
                0.00    0.00       5/5           sub_100075b0() [212]
[246]    0.0    0.00    0.00       5         sub_1001e420() [246]
                0.00    0.00       5/2935        sub_10026e60() [53]
-----------------------------------------------
                                   5             sub_10058480() <cycle 6> [560]
[247]    0.0    0.00    0.00       5         sub_1005a390() <cycle 6> [247]
                0.00    0.00      50/137         sub_100599b0() [218]
                0.00    0.00      50/4506        sub_100ca3c0() [470]
                0.00    0.00       5/41820       sub_10007230() [436]
                                   5             sub_10058480() <cycle 6> [560]
-----------------------------------------------
                0.00    0.00       4/4           sub_1000c600() [12]
[248]    0.0    0.00    0.00       4         sub_1001d190() [248]
                0.00    0.00       4/2935        sub_10026e60() [53]
-----------------------------------------------
                0.00    0.00       4/4           sub_1000c600() [12]
[249]    0.0    0.00    0.00       4         sub_1001d1f0() [249]
                0.00    0.00       4/2935        sub_10026e60() [53]
-----------------------------------------------
                0.00    0.00       4/4           sub_1000a710() [5]
[250]    0.0    0.00    0.00       4         sub_1001d520() [250]
                0.00    0.00       4/2935        sub_10026e60() [53]
-----------------------------------------------
                0.00    0.00       4/4           sub_1000a710() [5]
[251]    0.0    0.00    0.00       4         sub_1001d550() [251]
                0.00    0.00       4/2935        sub_10026e60() [53]
-----------------------------------------------
                0.00    0.00       4/4           sub_10009310() [91]
[252]    0.0    0.00    0.00       4         sub_1001d8b0() [252]
                0.00    0.00       4/2935        sub_10026e60() [53]
-----------------------------------------------
                0.00    0.00       4/4           sub_10009310() [91]
[253]    0.0    0.00    0.00       4         sub_1001d8e0() [253]
                0.00    0.00       4/2935        sub_10026e60() [53]
-----------------------------------------------
                0.00    0.00       4/4           sub_10009310() [91]
[254]    0.0    0.00    0.00       4         sub_1001da30() [254]
                0.00    0.00       4/2935        sub_10026e60() [53]
-----------------------------------------------
                0.00    0.00       4/4           sub_10009310() [91]
[255]    0.0    0.00    0.00       4         sub_1001da60() [255]
                0.00    0.00       4/2935        sub_10026e60() [53]
-----------------------------------------------
                0.00    0.00       4/4           sub_10009310() [91]
[256]    0.0    0.00    0.00       4         sub_1001daf0() [256]
                0.00    0.00       4/2935        sub_10026e60() [53]
-----------------------------------------------
                0.00    0.00       4/4           sub_10009310() [91]
[257]    0.0    0.00    0.00       4         sub_1001db20() [257]
                0.00    0.00       4/2935        sub_10026e60() [53]
-----------------------------------------------
                                   3             sub_10077ad0() [258]
                0.00    0.00       1/1           sub_1007a4b0() [64]
[258]    0.0    0.00    0.00       1+3       sub_10077ad0() [258]
                0.00    0.00       3/3           sub_10076900() [259]
                0.00    0.00       1/53967       sub_100c8680() [100]
                0.00    0.00       7/21          sub_100ca480() [618]
                0.00    0.00       3/46          sub_100c9ce7() [568]
                0.00    0.00       2/76          sub_100c924a() [555]
                0.00    0.00       2/21339       sub_100c9890() [446]
                                   3             sub_10077ad0() [258]
-----------------------------------------------
                0.00    0.00       3/3           sub_10077ad0() [258]
[259]    0.0    0.00    0.00       3         sub_10076900() [259]
                0.00    0.00       6/8           sub_1004a850() [264]
                0.00    0.00       3/2121        sub_100c91a2() [119]
-----------------------------------------------
                0.00    0.00     265/265         sub_1000b9f0() [88]
[260]    0.0    0.00    0.00     265         sub_1001e1e0() [260]
                0.00    0.00     265/618         sub_10026cc0() [227]
-----------------------------------------------
                0.00    0.00       1/1           sub_10064090() <cycle 6> [262]
[261]    0.0    0.00    0.00       1         sub_10064040() [261]
                0.00    0.00     256/512         sub_100640b0() [229]
-----------------------------------------------
                                   1             sub_10058480() <cycle 6> [560]
[262]    0.0    0.00    0.00       1         sub_10064090() <cycle 6> [262]
                0.00    0.00       1/1           sub_10064040() [261]
                                   1             sub_10058480() <cycle 6> [560]
-----------------------------------------------
                0.00    0.00       1/1           sub_10009760() [219]
[263]    0.0    0.00    0.00       1         sub_10064380() [263]
                0.00    0.00     256/512         sub_100640b0() [229]
                0.00    0.00       1/246         sub_10058870() [524]
                0.00    0.00       1/246         sub_10007190() [522]
-----------------------------------------------
                0.00    0.00       1/8           sub_10007d90() [145]
                0.00    0.00       1/8           sub_1007a4b0() [64]
                0.00    0.00       6/8           sub_10076900() [259]
[264]    0.0    0.00    0.00       8         sub_1004a850() [264]
                0.00    0.00       8/2121        sub_100c91a2() [119]
                0.00    0.00     246/1083822     sub_100c90d2_native(char const*, char const*) [55]
                0.00    0.00       4/4           sub_1004a6d0() [386]
-----------------------------------------------
                0.00    0.00      18/18          sub_1006a4e0() [60]
[265]    0.0    0.00    0.00      18         sub_1006d5d0() [265]
                0.00    0.00      36/36          sub_10070550() [266]
                0.00    0.00      36/926         sub_100ca3f6() [486]
-----------------------------------------------
                0.00    0.00      36/36          sub_1006d5d0() [265]
[266]    0.0    0.00    0.00      36         sub_10070550() [266]
                0.00    0.00      36/67          sub_10070390() [268]
                0.00    0.00      36/467         sub_10070420() [213]
-----------------------------------------------
                0.00    0.00       1/3           sub_100370b0() [62]
                0.00    0.00       2/3           sub_1000a710() [5]
[267]    0.0    0.00    0.00       3         sub_1001d3d0() [267]
                0.00    0.00       3/2935        sub_10026e60() [53]
-----------------------------------------------
                0.00    0.00       1/67          sub_10068830() [369]
                0.00    0.00       1/67          sub_10068810() [128]
                0.00    0.00       1/67          sub_1006a370() [129]
                0.00    0.00       1/67          sub_1006c1c0() [89]
                0.00    0.00       3/67          sub_1006be50() [61]
                0.00    0.00       4/67          sub_1006c340() [327]
                0.00    0.00       8/67          sub_10070510() [307]
                0.00    0.00      12/67          sub_10070590() [287]
                0.00    0.00      36/67          sub_10070550() [266]
[268]    0.0    0.00    0.00      67         sub_10070390() [268]
                0.00    0.00     134/11550       indirectCall(int, int, int, int) [151]
-----------------------------------------------
                0.00    0.00     204/204         sub_10052440() [132]
[269]    0.0    0.00    0.00     204         sub_10051da0() [269]
                0.00    0.00     204/60604       sub_10052a50() [103]
-----------------------------------------------
                0.00    0.00       1/6           sub_10003dd0() [324]
                0.00    0.00       1/6           sub_1004aad0() [304]
                0.00    0.00       1/6           sub_10008670() [152]
                0.00    0.00       3/6           sub_10019620() [6]
[270]    0.0    0.00    0.00       6         sub_1004a030() [270]
                0.00    0.00       6/2121        sub_100c91a2() [119]
                0.00    0.00       6/11550       indirectCall(int, int, int, int) [151]
                0.00    0.00       6/25          sub_10049db0() [363]
-----------------------------------------------
                0.00    0.00       2/2           sub_1000a710() [5]
[271]    0.0    0.00    0.00       2         sub_10009270() [271]
                0.00    0.00       2/2           sub_1001e090() [275]
                0.00    0.00       2/69          sub_1001f0c0() [281]
                0.00    0.00       2/69          sub_1001f0d0() [282]
                0.00    0.00       2/2           sub_1001e0c0() [393]
                0.00    0.00       2/2           sub_1001d640() [735]
                0.00    0.00       2/21339       sub_100c9890() [446]
-----------------------------------------------
                0.00    0.00       1/1           indirectCall(int, int, int, int) [151]
[272]    0.0    0.00    0.00       1         kernel32::LoadLibraryA() [272]
                0.00    0.00       1/2434        kernel32::readString(unsigned int) [44]
-----------------------------------------------
                0.00    0.00       3/3173        sub_10003dd0() [324]
                0.00    0.00       4/3173        sub_1004a6d0() [386]
                0.00    0.00      92/3173        sub_10019620() [6]
                0.00    0.00    3074/3173        sub_1004a270() [231]
[273]    0.0    0.00    0.00    3173         sub_1004a140() [273]
                0.00    0.00      95/11550       indirectCall(int, int, int, int) [151]
                0.00    0.00    3173/3173        sub_10049f40() [474]
                0.00    0.00    3078/21339       sub_100c9890() [446]
-----------------------------------------------
                0.00    0.00       2/2           sub_1000a710() [5]
[274]    0.0    0.00    0.00       2         sub_1001d2b0() [274]
                0.00    0.00       2/2935        sub_10026e60() [53]
-----------------------------------------------
                0.00    0.00       2/2           sub_10009270() [271]
[275]    0.0    0.00    0.00       2         sub_1001e090() [275]
                0.00    0.00       2/2935        sub_10026e60() [53]
-----------------------------------------------
                0.00    0.00       2/2           sub_1000a710() [5]
[276]    0.0    0.00    0.00       2         sub_1001e2d0() [276]
                0.00    0.00       2/2935        sub_10026e60() [53]
-----------------------------------------------
                0.00    0.00       2/2           sub_1000a710() [5]
[277]    0.0    0.00    0.00       2         sub_1001e300() [277]
                0.00    0.00       2/2935        sub_10026e60() [53]
-----------------------------------------------
                0.00    0.00       2/2           sub_1000a710() [5]
[278]    0.0    0.00    0.00       2         sub_1001e330() [278]
                0.00    0.00       2/2935        sub_10026e60() [53]
-----------------------------------------------
                0.00    0.00     135/135         sub_1000b9f0() [88]
[279]    0.0    0.00    0.00     135         sub_1001e240() [279]
                0.00    0.00     135/618         sub_10026cc0() [227]
-----------------------------------------------
                0.00    0.00     132/132         sub_10009310() [91]
[280]    0.0    0.00    0.00     132         sub_1001e120() [280]
                0.00    0.00     132/618         sub_10026cc0() [227]
-----------------------------------------------
                0.00    0.00       1/69          sub_1000b990() [149]
                0.00    0.00       1/69          sub_10007550() [289]
                0.00    0.00       2/69          sub_10009270() [271]
                0.00    0.00       4/69          sub_1000b930() [90]
                0.00    0.00       5/69          sub_100074f0() [232]
                0.00    0.00       5/69          sub_1000c580() [87]
                0.00    0.00       6/69          sub_10007490() [328]
                0.00    0.00      20/69          sub_10005150() [286]
                0.00    0.00      25/69          sub_10007430() [285]
[281]    0.0    0.00    0.00      69         sub_1001f0c0() [281]
                0.00    0.00      69/11550       indirectCall(int, int, int, int) [151]
-----------------------------------------------
                0.00    0.00       1/69          sub_1000b990() [149]
                0.00    0.00       1/69          sub_10007550() [289]
                0.00    0.00       2/69          sub_10009270() [271]
                0.00    0.00       4/69          sub_1000b930() [90]
                0.00    0.00       5/69          sub_100074f0() [232]
                0.00    0.00       5/69          sub_1000c580() [87]
                0.00    0.00       6/69          sub_10007490() [328]
                0.00    0.00      20/69          sub_10005150() [286]
                0.00    0.00      25/69          sub_10007430() [285]
[282]    0.0    0.00    0.00      69         sub_1001f0d0() [282]
                0.00    0.00      69/11550       indirectCall(int, int, int, int) [151]
-----------------------------------------------
                0.00    0.00      68/68          sub_100ca661() <cycle 3> [96]
[283]    0.0    0.00    0.00      68         sub_10031d70() [283]
                0.00    0.00      68/11550       indirectCall(int, int, int, int) [151]
                0.00    0.00      68/29332       sub_100c8749() [440]
-----------------------------------------------
                                  10             sub_100ca661() <cycle 3> [96]
[284]    0.0    0.00    0.00      10         sub_100076c0() <cycle 3> [284]
                0.00    0.00      10/10          sub_1005c6c0() [312]
                0.00    0.00      10/10          sub_1005b640() [322]
                0.00    0.00      10/10          sub_1005c0e0() [336]
                0.00    0.00      10/10          sub_1005f0b0() [337]
                0.00    0.00      10/10          sub_10059060() [648]
                0.00    0.00      10/10          sub_100597a0() [649]
                0.00    0.00      10/10          sub_1005cae0() [654]
                0.00    0.00      10/10          sub_1005b750() [650]
                                  30             sub_1005d150() <cycle 3> [321]
-----------------------------------------------
                0.00    0.00      25/25          sub_1000c600() [12]
[285]    0.0    0.00    0.00      25         sub_10007430() [285]
                0.00    0.00      25/69          sub_1001f0c0() [281]
                0.00    0.00      25/69          sub_1001f0d0() [282]
                0.00    0.00      25/25          sub_1001d610() [329]
                0.00    0.00      25/25          sub_1001d5e0() [609]
-----------------------------------------------
                0.00    0.00       1/20          sub_10007d90() [145]
                0.00    0.00      19/20          sub_1000c600() [12]
[286]    0.0    0.00    0.00      20         sub_10005150() [286]
                0.00    0.00      20/69          sub_1001f0c0() [281]
                0.00    0.00      20/69          sub_1001f0d0() [282]
                0.00    0.00      20/20          sub_1001d5b0() [334]
                0.00    0.00      20/20          sub_1001d580() [619]
-----------------------------------------------
                0.00    0.00       4/4           sub_1006db10() [135]
[287]    0.0    0.00    0.00       4         sub_10070590() [287]
                0.00    0.00      12/67          sub_10070390() [268]
                0.00    0.00      12/467         sub_10070420() [213]
                0.00    0.00       4/11550       indirectCall(int, int, int, int) [151]
-----------------------------------------------
                0.00    0.00       4/40          sub_10064dc0() [360]
                0.00    0.00       4/40          sub_10066c80() [351]
                0.00    0.00       4/40          sub_10065e70() <cycle 3> [350]
                0.00    0.00       8/40          sub_10064c50() [342]
                0.00    0.00      10/40          sub_1005c0e0() [336]
                0.00    0.00      10/40          sub_1005f0b0() [337]
[288]    0.0    0.00    0.00      40         sub_10058160() [288]
                0.00    0.00      80/53967       sub_100c8680() [100]
                0.00    0.00      80/29332       sub_100c8749() [440]
-----------------------------------------------
                0.00    0.00       1/1           sub_1000c600() [12]
[289]    0.0    0.00    0.00       1         sub_10007550() [289]
                0.00    0.00       1/1           sub_1001d880() [292]
                0.00    0.00       1/69          sub_1001f0c0() [281]
                0.00    0.00       1/69          sub_1001f0d0() [282]
                0.00    0.00       1/1           sub_1001d850() [761]
-----------------------------------------------
                0.00    0.00       1/1           sub_1000c600() [12]
[290]    0.0    0.00    0.00       1         sub_1001d250() [290]
                0.00    0.00       1/2935        sub_10026e60() [53]
-----------------------------------------------
                0.00    0.00       1/1           sub_1000c600() [12]
[291]    0.0    0.00    0.00       1         sub_1001d280() [291]
                0.00    0.00       1/2935        sub_10026e60() [53]
-----------------------------------------------
                0.00    0.00       1/1           sub_10007550() [289]
[292]    0.0    0.00    0.00       1         sub_1001d880() [292]
                0.00    0.00       1/2935        sub_10026e60() [53]
-----------------------------------------------
                0.00    0.00       1/1           sub_100094c0() [150]
[293]    0.0    0.00    0.00       1         sub_1001db50() [293]
                0.00    0.00       1/2935        sub_10026e60() [53]
-----------------------------------------------
                0.00    0.00       1/1           sub_100094c0() [150]
[294]    0.0    0.00    0.00       1         sub_1001db80() [294]
                0.00    0.00       1/2935        sub_10026e60() [53]
-----------------------------------------------
                0.00    0.00       1/1           sub_100094c0() [150]
[295]    0.0    0.00    0.00       1         sub_1001dcd0() [295]
                0.00    0.00       1/2935        sub_10026e60() [53]
-----------------------------------------------
                0.00    0.00       1/1           sub_100094c0() [150]
[296]    0.0    0.00    0.00       1         sub_1001dd00() [296]
                0.00    0.00       1/2935        sub_10026e60() [53]
-----------------------------------------------
                0.00    0.00       1/1           sub_100094c0() [150]
[297]    0.0    0.00    0.00       1         sub_1001dd60() [297]
                0.00    0.00       1/2935        sub_10026e60() [53]
-----------------------------------------------
                0.00    0.00       1/1           sub_100094c0() [150]
[298]    0.0    0.00    0.00       1         sub_1001dd90() [298]
                0.00    0.00       1/2935        sub_10026e60() [53]
-----------------------------------------------
                0.00    0.00       1/1           sub_10050e70() [69]
[299]    0.0    0.00    0.00       1         sub_10051810() [299]
                0.00    0.00       1/4013        sub_100514d0() [73]
                0.00    0.00       5/27867       sub_10050330() [83]
                0.00    0.00       4/14221       sub_1004fda0() [108]
                0.00    0.00       3/20480       sub_100501e0() [447]
                0.00    0.00       1/1535        sub_1004d4e0() [478]
                0.00    0.00       1/4742        sub_1004fff0() [467]
                0.00    0.00       1/28350       sub_100ca01f() [441]
-----------------------------------------------
                0.00    0.00       2/2           sub_10050a50() <cycle 7> [179]
[300]    0.0    0.00    0.00       2         sub_10051670() [300]
                0.00    0.00       2/4014        sub_10050ca0() [76]
                0.00    0.00       2/14221       sub_1004fda0() [108]
                0.00    0.00       2/1535        sub_1004d4e0() [478]
                0.00    0.00       2/4742        sub_1004fff0() [467]
-----------------------------------------------
                0.00    0.00      16/16          sub_10056550() [210]
[301]    0.0    0.00    0.00      16         sub_100580e0() [301]
                0.00    0.00      64/53967       sub_100c8680() [100]
                0.00    0.00      16/80          sub_10057fa0() [551]
-----------------------------------------------
                0.00    0.00       1/35          sub_10032920() [309]
                0.00    0.00      34/35          sub_10022f40() [303]
[302]    0.0    0.00    0.00      35         sub_10025cb0() [302]
                0.00    0.00      35/11550       indirectCall(int, int, int, int) [151]
-----------------------------------------------
                                  16             sub_10022f40() [303]
                0.00    0.00       1/1           sub_10032d80() [191]
[303]    0.0    0.00    0.00       1+16      sub_10022f40() [303]
                0.00    0.00      34/35          sub_10025cb0() [302]
                                  16             sub_10022f40() [303]
-----------------------------------------------
                0.00    0.00       1/1           sub_1007a4b0() [64]
[304]    0.0    0.00    0.00       1         sub_1004aad0() [304]
                0.00    0.00       1/6           sub_1004a030() [270]
                0.00    0.00       1/2121        sub_100c91a2() [119]
                0.00    0.00       1/25          sub_10049db0() [363]
-----------------------------------------------
                                   4             sub_100ca661() <cycle 3> [96]
[305]    0.0    0.00    0.00       4         sub_1000bf80() <cycle 3> [305]
                0.00    0.00       8/8           sub_10064c50() [342]
                0.00    0.00       4/4           sub_10066c80() [351]
                0.00    0.00       4/4           sub_10064dc0() [360]
                0.00    0.00       4/5           sub_10059860() [356]
                0.00    0.00       4/20          sub_100655b0() [335]
                0.00    0.00       4/4           sub_100554b0() [379]
                0.00    0.00       8/40          sub_10065780() [581]
                0.00    0.00       4/4           sub_10064570() [703]
                                  16             sub_100ca661() <cycle 3> [96]
                                   4             sub_10065e70() <cycle 3> [350]
                                   4             sub_10063e30() <cycle 3> [374]
-----------------------------------------------
                0.00    0.00       1/1           sub_10032d80() [191]
[306]    0.0    0.00    0.00       1         sub_10032d20() [306]
                0.00    0.00       1/1           sub_10032920() [309]
                0.00    0.00       1/1           sub_1001fb70() [358]
                0.00    0.00       1/11550       indirectCall(int, int, int, int) [151]
                0.00    0.00       1/29332       sub_100c8749() [440]
-----------------------------------------------
                0.00    0.00       8/8           sub_1006d3e0() [97]
[307]    0.0    0.00    0.00       8         sub_10070510() [307]
                0.00    0.00       8/67          sub_10070390() [268]
                0.00    0.00       8/467         sub_10070420() [213]
-----------------------------------------------
                0.00    0.00       3/27          sub_1001fb70() [358]
                0.00    0.00       4/27          sub_1001f550() [346]
                0.00    0.00       4/27          sub_100217f0() [347]
                0.00    0.00       4/27          sub_100218d0() [348]
                0.00    0.00      12/27          sub_10022a80() [313]
[308]    0.0    0.00    0.00      27         sub_1001f190() [308]
                0.00    0.00      27/11550       indirectCall(int, int, int, int) [151]
-----------------------------------------------
                0.00    0.00       1/1           sub_10032d20() [306]
[309]    0.0    0.00    0.00       1         sub_10032920() [309]
                0.00    0.00       4/4           sub_10025c00() [314]
                0.00    0.00       1/35          sub_10025cb0() [302]
-----------------------------------------------
                0.00    0.00      20/20          sub_10068190() [311]
[310]    0.0    0.00    0.00      20         sub_10067fc0() [310]
                0.00    0.00      40/53967       sub_100c8680() [100]
-----------------------------------------------
                0.00    0.00      20/20          sub_1005c6c0() [312]
[311]    0.0    0.00    0.00      20         sub_10068190() [311]
                0.00    0.00      20/20          sub_10067fc0() [310]
-----------------------------------------------
                0.00    0.00      10/10          sub_100076c0() <cycle 3> [284]
[312]    0.0    0.00    0.00      10         sub_1005c6c0() [312]
                0.00    0.00      20/20          sub_10068190() [311]
                0.00    0.00      10/246         sub_10058870() [524]
                0.00    0.00      10/246         sub_10007190() [522]
                0.00    0.00      10/10          sub_1005c280() [651]
-----------------------------------------------
                0.00    0.00       4/4           sub_10025c00() [314]
[313]    0.0    0.00    0.00       4         sub_10022a80() [313]
                0.00    0.00      12/27          sub_1001f190() [308]
                0.00    0.00       8/10          sub_1001f1a0() [338]
                0.00    0.00       4/11550       indirectCall(int, int, int, int) [151]
-----------------------------------------------
                0.00    0.00       4/4           sub_10032920() [309]
[314]    0.0    0.00    0.00       4         sub_10025c00() [314]
                0.00    0.00       4/4           sub_10022a80() [313]
                0.00    0.00       4/4           sub_10022be0() [695]
-----------------------------------------------
                0.00    0.00       1/5           sub_10050e70() [69]
                0.00    0.00       4/5           sub_10050a50() <cycle 7> [179]
[315]    0.0    0.00    0.00       5         sub_10050520() [315]
                0.00    0.00      10/14221       sub_1004fda0() [108]
                0.00    0.00     447/25001       sub_1004fe50() [443]
                0.00    0.00       5/1535        sub_1004d4e0() [478]
                0.00    0.00       5/20480       sub_100501e0() [447]
                0.00    0.00       5/4742        sub_1004fff0() [467]
-----------------------------------------------
                0.00    0.00       1/27          sub_10007d90() [145]
                0.00    0.00       1/27          sub_10008670() [152]
                0.00    0.00       1/27          sub_1000c600() [12]
                0.00    0.00       2/27          sub_100078b0() [353]
                0.00    0.00      22/27          sub_10004520() [29]
[316]    0.0    0.00    0.00      27         sub_1004b660() [316]
                0.00    0.00      22/11550       indirectCall(int, int, int, int) [151]
-----------------------------------------------
                0.00    0.00      33/33          sub_100094c0() [150]
[317]    0.0    0.00    0.00      33         sub_1001e180() [317]
                0.00    0.00      33/618         sub_10026cc0() [227]
-----------------------------------------------
                                                 <spontaneous>
[318]    0.0    0.00    0.00                 _initterm() [318]
                0.00    0.00       1/1           sub_100e4f06() [375]
                0.00    0.00       1/1           sub_100e4f28() [376]
                0.00    0.00       1/1           sub_100e4c90() [398]
                0.00    0.00       1/1           sub_100e4cb0() [399]
                0.00    0.00       1/1           sub_100e4d20() [401]
                0.00    0.00       1/1           sub_100e4d00() [400]
                0.00    0.00       1/1           sub_100e4d70() [402]
                0.00    0.00       1/1           sub_100e4db0() [404]
                0.00    0.00       1/1           sub_100e4d90() [403]
                0.00    0.00       1/1           sub_100e4df0() [406]
                0.00    0.00       1/1           sub_100e4dd0() [405]
                0.00    0.00       1/1           sub_100e4e30() [408]
                0.00    0.00       1/1           sub_100e4e10() [407]
                0.00    0.00       1/1           sub_100e4e70() [410]
                0.00    0.00       1/1           sub_100e4e50() [409]
                0.00    0.00       1/1           sub_100e4e90() [411]
                0.00    0.00       1/1           sub_100e4f3e() [848]
                0.00    0.00       1/1           sub_100e4610() [795]
                0.00    0.00       1/1           sub_100e45f0() [794]
                0.00    0.00       1/1           sub_100e4650() [797]
                0.00    0.00       1/1           sub_100e4630() [796]
                0.00    0.00       1/1           sub_100e4690() [799]
                0.00    0.00       1/1           sub_100e4670() [798]
                0.00    0.00       1/1           sub_100e46d0() [801]
                0.00    0.00       1/1           sub_100e46b0() [800]
                0.00    0.00       1/1           sub_100e4710() [803]
                0.00    0.00       1/1           sub_100e46f0() [802]
                0.00    0.00       1/1           sub_100e4750() [805]
                0.00    0.00       1/1           sub_100e4730() [804]
                0.00    0.00       1/1           sub_100e4790() [807]
                0.00    0.00       1/1           sub_100e4770() [806]
                0.00    0.00       1/1           sub_100e47d0() [809]
                0.00    0.00       1/1           sub_100e47b0() [808]
                0.00    0.00       1/1           sub_100e4810() [811]
                0.00    0.00       1/1           sub_100e47f0() [810]
                0.00    0.00       1/1           sub_100e4850() [813]
                0.00    0.00       1/1           sub_100e4830() [812]
                0.00    0.00       1/1           sub_100e4890() [815]
                0.00    0.00       1/1           sub_100e4870() [814]
                0.00    0.00       1/1           sub_100e48e0() [817]
                0.00    0.00       1/1           sub_100e48b0() [816]
                0.00    0.00       1/1           sub_100e4920() [819]
                0.00    0.00       1/1           sub_100e4900() [818]
                0.00    0.00       1/1           sub_100e4960() [821]
                0.00    0.00       1/1           sub_100e4940() [820]
                0.00    0.00       1/1           sub_100e49a0() [823]
                0.00    0.00       1/1           sub_100e4980() [822]
                0.00    0.00       1/1           sub_100e49e0() [825]
                0.00    0.00       1/1           sub_100e49c0() [824]
                0.00    0.00       1/1           sub_100e4a20() [827]
                0.00    0.00       1/1           sub_100e4a00() [826]
                0.00    0.00       1/1           sub_100e4a60() [829]
                0.00    0.00       1/1           sub_100e4a40() [828]
                0.00    0.00       1/1           sub_100e4ab0() [831]
                0.00    0.00       1/1           sub_100e4a80() [830]
                0.00    0.00       1/1           sub_100e4b10() [833]
                0.00    0.00       1/1           sub_100e4ae0() [832]
                0.00    0.00       1/1           sub_100e4b70() [835]
                0.00    0.00       1/1           sub_100e4b40() [834]
                0.00    0.00       1/1           sub_100e4bb0() [837]
                0.00    0.00       1/1           sub_100e4b90() [836]
                0.00    0.00       1/1           sub_100e4bf0() [839]
                0.00    0.00       1/1           sub_100e4bd0() [838]
                0.00    0.00       1/1           sub_100e4c30() [841]
                0.00    0.00       1/1           sub_100e4c10() [840]
                0.00    0.00       1/1           sub_100e4c60() [842]
                0.00    0.00       1/1           sub_100e4cf0() [843]
                0.00    0.00       1/1           sub_100e4d60() [844]
                0.00    0.00       1/1           sub_100e4eb0() [845]
                0.00    0.00       1/1           sub_100e4f1c() [847]
                0.00    0.00       1/1           sub_100e4ef0() [846]
                0.00    0.00       1/1           sub_100e4f70() [850]
                0.00    0.00       1/1           sub_100e4f50() [849]
                0.00    0.00       1/1           sub_100e5000() [852]
                0.00    0.00       1/1           sub_100e4fe0() [851]
-----------------------------------------------
                0.00    0.00       8/16          sub_10019620() [6]
                0.00    0.00       8/16          sub_1000a710() [5]
[319]    0.0    0.00    0.00      16         sub_10019570() [319]
                0.00    0.00      32/53967       sub_100c8680() [100]
-----------------------------------------------
                0.00    0.00       1/3           sub_10025780() [354]
                0.00    0.00       2/3           sub_10025a00() [331]
[320]    0.0    0.00    0.00       3         sub_1001ef70() [320]
                0.00    0.00      19/11550       indirectCall(int, int, int, int) [151]
-----------------------------------------------
                                  30             sub_100076c0() <cycle 3> [284]
[321]    0.0    0.00    0.00      30         sub_1005d150() <cycle 3> [321]
                0.00    0.00      30/53967       sub_100c8680() [100]
                0.00    0.00      30/246         sub_10058870() [524]
                0.00    0.00      30/246         sub_10007190() [522]
                0.00    0.00      30/1092        sub_10058230() [481]
                0.00    0.00      30/396         sub_1005cf90() [516]
                                  30             sub_100ca661() <cycle 3> [96]
-----------------------------------------------
                0.00    0.00      10/10          sub_100076c0() <cycle 3> [284]
[322]    0.0    0.00    0.00      10         sub_1005b640() [322]
                0.00    0.00      30/53967       sub_100c8680() [100]
                0.00    0.00      10/246         sub_10058870() [524]
                0.00    0.00      10/246         sub_10007190() [522]
-----------------------------------------------
                0.00    0.00       1/7           sub_10007d90() [145]
                0.00    0.00       1/7           sub_10008670() [152]
                0.00    0.00       5/7           sub_10009970() [26]
[323]    0.0    0.00    0.00       7         sub_10004110() [323]
                0.00    0.00       1/1           sub_10003dd0() [324]
-----------------------------------------------
                0.00    0.00       1/1           sub_10004110() [323]
[324]    0.0    0.00    0.00       1         sub_10003dd0() [324]
                0.00    0.00       1/6           sub_1004a030() [270]
                0.00    0.00       2/25          sub_10049db0() [363]
                0.00    0.00       3/3173        sub_1004a140() [273]
                0.00    0.00       1/10          sub_10049d80() [643]
                0.00    0.00       1/29332       sub_100c8749() [440]
-----------------------------------------------
                0.00    0.00       1/27          sub_10007d90() [145]
                0.00    0.00       1/27          sub_10008670() [152]
                0.00    0.00       1/27          sub_1000c600() [12]
                0.00    0.00       2/27          sub_100078b0() [353]
                0.00    0.00      22/27          sub_10004520() [29]
[325]    0.0    0.00    0.00      27         sub_1004b0d0() [325]
                0.00    0.00      27/53967       sub_100c8680() [100]
-----------------------------------------------
                0.00    0.00       1/1           sub_10032d80() [191]
[326]    0.0    0.00    0.00       1         sub_10031870() [326]
                0.00    0.00       4/4           sub_100217f0() [347]
                0.00    0.00       4/4           sub_100218d0() [348]
-----------------------------------------------
                0.00    0.00       1/4           sub_10068810() [128]
                0.00    0.00       1/4           sub_1006a370() [129]
                0.00    0.00       1/4           sub_1006c1c0() [89]
                0.00    0.00       1/4           sub_10069b20() [40]
[327]    0.0    0.00    0.00       4         sub_1006c340() [327]
                0.00    0.00       4/67          sub_10070390() [268]
                0.00    0.00       4/467         sub_10070420() [213]
                0.00    0.00       4/926         sub_100ca3f6() [486]
-----------------------------------------------
                0.00    0.00       6/6           sub_1000a710() [5]
[328]    0.0    0.00    0.00       6         sub_10007490() [328]
                0.00    0.00       6/69          sub_1001f0c0() [281]
                0.00    0.00       6/69          sub_1001f0d0() [282]
                0.00    0.00       6/6           sub_1001d730() [371]
                0.00    0.00       6/6           sub_1001d700() [678]
-----------------------------------------------
                0.00    0.00      25/25          sub_10007430() [285]
[329]    0.0    0.00    0.00      25         sub_1001d610() [329]
                0.00    0.00      25/618         sub_10026cc0() [227]
-----------------------------------------------
                0.00    0.00       8/24          sub_10007be0() [71]
                0.00    0.00      16/24          sub_100016e0() [50]
[330]    0.0    0.00    0.00      24         sub_100015a0() [330]
                0.00    0.00      24/53967       sub_100c8680() [100]
-----------------------------------------------
                0.00    0.00       2/2           sub_10025fb0() [332]
[331]    0.0    0.00    0.00       2         sub_10025a00() [331]
                0.00    0.00       2/3           sub_1001ef70() [320]
                0.00    0.00       2/2           sub_110018d0() [385]
-----------------------------------------------
                0.00    0.00       2/2           sub_10026040() [333]
[332]    0.0    0.00    0.00       2         sub_10025fb0() [332]
                0.00    0.00       2/2           sub_10025a00() [331]
-----------------------------------------------
                0.00    0.00       2/2           sub_1000a710() [5]
[333]    0.0    0.00    0.00       2         sub_10026040() [333]
                0.00    0.00       2/2           sub_10025fb0() [332]
-----------------------------------------------
                0.00    0.00      20/20          sub_10005150() [286]
[334]    0.0    0.00    0.00      20         sub_1001d5b0() [334]
                0.00    0.00      20/618         sub_10026cc0() [227]
-----------------------------------------------
                0.00    0.00       4/20          sub_1000bf80() <cycle 3> [305]
                0.00    0.00       8/20          sub_100608b0() [340]
                0.00    0.00       8/20          sub_10061b60() [341]
[335]    0.0    0.00    0.00      20         sub_100655b0() [335]
                0.00    0.00      20/53967       sub_100c8680() [100]
                0.00    0.00      20/246         sub_10058870() [524]
                0.00    0.00      20/246         sub_10007190() [522]
-----------------------------------------------
                0.00    0.00      10/10          sub_100076c0() <cycle 3> [284]
[336]    0.0    0.00    0.00      10         sub_1005c0e0() [336]
                0.00    0.00      10/40          sub_10058160() [288]
                0.00    0.00      80/320         sub_1005bd60() [518]
                0.00    0.00      10/246         sub_10058870() [524]
                0.00    0.00      10/246         sub_10007190() [522]
-----------------------------------------------
                0.00    0.00      10/10          sub_100076c0() <cycle 3> [284]
[337]    0.0    0.00    0.00      10         sub_1005f0b0() [337]
                0.00    0.00      10/40          sub_10058160() [288]
                0.00    0.00      70/280         sub_1005eaa0() [519]
                0.00    0.00      10/246         sub_10058870() [524]
                0.00    0.00      10/246         sub_10007190() [522]
                0.00    0.00      10/10          sub_1005ea40() [655]
-----------------------------------------------
                0.00    0.00       2/10          sub_1001fb70() [358]
                0.00    0.00       8/10          sub_10022a80() [313]
[338]    0.0    0.00    0.00      10         sub_1001f1a0() [338]
                0.00    0.00      10/11550       indirectCall(int, int, int, int) [151]
-----------------------------------------------
                0.00    0.00       1/10          sub_100e4d70() [402]
                0.00    0.00       1/10          sub_100e4d90() [403]
                0.00    0.00       1/10          sub_100e4db0() [404]
                0.00    0.00       1/10          sub_100e4dd0() [405]
                0.00    0.00       1/10          sub_100e4df0() [406]
                0.00    0.00       1/10          sub_100e4e10() [407]
                0.00    0.00       1/10          sub_100e4e30() [408]
                0.00    0.00       1/10          sub_100e4e50() [409]
                0.00    0.00       1/10          sub_100e4e70() [410]
                0.00    0.00       1/10          sub_100e4e90() [411]
[339]    0.0    0.00    0.00      10         sub_10031d10() [339]
                0.00    0.00      10/11550       indirectCall(int, int, int, int) [151]
                0.00    0.00      10/29332       sub_100c8749() [440]
-----------------------------------------------
                0.00    0.00       8/8           sub_100ca661() <cycle 3> [96]
[340]    0.0    0.00    0.00       8         sub_100608b0() [340]
                0.00    0.00       8/20          sub_100655b0() [335]
                0.00    0.00       8/53967       sub_100c8680() [100]
                0.00    0.00      16/26435       sub_10065640() [442]
                0.00    0.00       8/246         sub_10058870() [524]
                0.00    0.00       8/246         sub_10007190() [522]
                0.00    0.00       8/9           sub_100071e0() [661]
-----------------------------------------------
                0.00    0.00       8/8           sub_100ca661() <cycle 3> [96]
[341]    0.0    0.00    0.00       8         sub_10061b60() [341]
                0.00    0.00       8/20          sub_100655b0() [335]
                0.00    0.00       8/53967       sub_100c8680() [100]
                0.00    0.00      16/26435       sub_10065640() [442]
                0.00    0.00       8/246         sub_10058870() [524]
                0.00    0.00       8/246         sub_10007190() [522]
-----------------------------------------------
                0.00    0.00       8/8           sub_1000bf80() <cycle 3> [305]
[342]    0.0    0.00    0.00       8         sub_10064c50() [342]
                0.00    0.00       8/40          sub_10058160() [288]
                0.00    0.00       8/246         sub_10058870() [524]
                0.00    0.00       8/246         sub_10007190() [522]
                0.00    0.00       8/8           sub_10064a10() [667]
                0.00    0.00       8/22          sub_100ca6c6() [616]
                0.00    0.00       8/24          sub_10064b20() [612]
-----------------------------------------------
                0.00    0.00       1/1           sub_10032ea0() [190]
[343]    0.0    0.00    0.00       1         sub_100318b0() [343]
                0.00    0.00       1/1           sub_10025ce0() [349]
                0.00    0.00       1/1           sub_10031080() [396]
-----------------------------------------------
                0.00    0.00       1/3           sub_10056300() [373]
                0.00    0.00       2/3           sub_1000c600() [12]
[344]    0.0    0.00    0.00       3         sub_1004b2c0() [344]
                0.00    0.00       9/11550       indirectCall(int, int, int, int) [151]
-----------------------------------------------
                0.00    0.00      14/14          sub_1000c600() [12]
[345]    0.0    0.00    0.00      14         sub_1004c2a0() [345]
                0.00    0.00      14/53967       sub_100c8680() [100]
                0.00    0.00      14/42          sub_1004c150() [571]
                0.00    0.00      14/14          sub_1004c1f0() [636]
-----------------------------------------------
                0.00    0.00       4/4           sub_10025ce0() [349]
[346]    0.0    0.00    0.00       4         sub_1001f550() [346]
                0.00    0.00       4/11550       indirectCall(int, int, int, int) [151]
                0.00    0.00       4/27          sub_1001f190() [308]
-----------------------------------------------
                0.00    0.00       4/4           sub_10031870() [326]
[347]    0.0    0.00    0.00       4         sub_100217f0() [347]
                0.00    0.00       4/11550       indirectCall(int, int, int, int) [151]
                0.00    0.00       4/27          sub_1001f190() [308]
-----------------------------------------------
                0.00    0.00       4/4           sub_10031870() [326]
[348]    0.0    0.00    0.00       4         sub_100218d0() [348]
                0.00    0.00       4/11550       indirectCall(int, int, int, int) [151]
                0.00    0.00       4/27          sub_1001f190() [308]
-----------------------------------------------
                0.00    0.00       1/1           sub_100318b0() [343]
[349]    0.0    0.00    0.00       1         sub_10025ce0() [349]
                0.00    0.00       4/4           sub_1001f550() [346]
-----------------------------------------------
                                   4             sub_1000bf80() <cycle 3> [305]
[350]    0.0    0.00    0.00       4         sub_10065e70() <cycle 3> [350]
                0.00    0.00       4/40          sub_10058160() [288]
                0.00    0.00       4/53967       sub_100c8680() [100]
                0.00    0.00       4/246         sub_10058870() [524]
                0.00    0.00       4/22          sub_100ca6c6() [616]
                0.00    0.00       4/246         sub_10007190() [522]
                                   4             sub_100ca661() <cycle 3> [96]
-----------------------------------------------
                0.00    0.00       4/4           sub_1000bf80() <cycle 3> [305]
[351]    0.0    0.00    0.00       4         sub_10066c80() [351]
                0.00    0.00       4/40          sub_10058160() [288]
                0.00    0.00       4/53967       sub_100c8680() [100]
                0.00    0.00      12/36          sub_10069a90() [591]
                0.00    0.00       4/246         sub_10058870() [524]
                0.00    0.00       4/246         sub_10007190() [522]
-----------------------------------------------
                0.00    0.00       1/1           sub_10015070() [11]
[352]    0.0    0.00    0.00       1         sub_10026080() [352]
                0.00    0.00       1/1           sub_10025ab0() [355]
                0.00    0.00       1/1           sub_10025b60() [395]
                0.00    0.00       2/21339       sub_100c9890() [446]
                0.00    0.00       1/29332       sub_100c8749() [440]
-----------------------------------------------
                0.00    0.00       2/2           sub_10009970() [26]
[353]    0.0    0.00    0.00       2         sub_100078b0() [353]
                0.00    0.00       2/1617        sub_1004b180() [199]
                0.00    0.00       2/5           sub_100ca62f() [359]
                0.00    0.00       2/27          sub_1004b660() [316]
                0.00    0.00       2/27          sub_1004b0d0() [325]
                0.00    0.00       2/25          sub_10049db0() [363]
                0.00    0.00       2/29332       sub_100c8749() [440]
                0.00    0.00       2/10          sub_10049d80() [643]
-----------------------------------------------
                0.00    0.00       1/1           sub_10025ab0() [355]
[354]    0.0    0.00    0.00       1         sub_10025780() [354]
                0.00    0.00       1/3           sub_1001ef70() [320]
                0.00    0.00       1/1           sub_11001531() [853]
-----------------------------------------------
                0.00    0.00       1/1           sub_10026080() [352]
[355]    0.0    0.00    0.00       1         sub_10025ab0() [355]
                0.00    0.00       1/1           sub_10025780() [354]
-----------------------------------------------
                0.00    0.00       1/5           sub_10009760() [219]
                0.00    0.00       4/5           sub_1000bf80() <cycle 3> [305]
[356]    0.0    0.00    0.00       5         sub_10059860() [356]
                0.00    0.00      10/53967       sub_100c8680() [100]
                0.00    0.00       5/246         sub_10058870() [524]
                0.00    0.00       5/246         sub_10007190() [522]
-----------------------------------------------
                0.00    0.00       1/2           sub_100e4f06() [375]
                0.00    0.00       1/2           sub_100e4f28() [376]
[357]    0.0    0.00    0.00       2         sub_100496ba() [357]
                0.00    0.00       4/4           sub_10049882() [365]
                0.00    0.00       2/11550       indirectCall(int, int, int, int) [151]
-----------------------------------------------
                0.00    0.00       1/1           sub_10032d20() [306]
[358]    0.0    0.00    0.00       1         sub_1001fb70() [358]
                0.00    0.00       3/27          sub_1001f190() [308]
                0.00    0.00       2/10          sub_1001f1a0() [338]
                0.00    0.00       1/11550       indirectCall(int, int, int, int) [151]
-----------------------------------------------
                0.00    0.00       2/5           sub_100078b0() [353]
                0.00    0.00       3/5           sub_10009970() [26]
[359]    0.0    0.00    0.00       5         sub_100ca62f() [359]
                0.00    0.00       5/11550       indirectCall(int, int, int, int) [151]
-----------------------------------------------
                0.00    0.00       4/4           sub_1000bf80() <cycle 3> [305]
[360]    0.0    0.00    0.00       4         sub_10064dc0() [360]
                0.00    0.00       4/40          sub_10058160() [288]
                0.00    0.00      12/36          sub_10069a90() [591]
                0.00    0.00       4/246         sub_10058870() [524]
                0.00    0.00       4/246         sub_10007190() [522]
-----------------------------------------------
                0.00    0.00       1/8           sub_10067920() [418]
                0.00    0.00       3/8           sub_1001a500() [390]
                0.00    0.00       4/8           sub_10055620() [380]
[361]    0.0    0.00    0.00       8         sub_100677c0() [361]
                0.00    0.00       8/53967       sub_100c8680() [100]
-----------------------------------------------
                0.00    0.00       4/4           sub_1001a530() [137]
[362]    0.0    0.00    0.00       4         sub_10061c80() [362]
                0.00    0.00       8/53967       sub_100c8680() [100]
                0.00    0.00       4/4           sub_10061120() [702]
-----------------------------------------------
                0.00    0.00       1/25          sub_1004aad0() [304]
                0.00    0.00       1/25          sub_10008670() [152]
                0.00    0.00       1/25          sub_1007a4b0() [64]
                0.00    0.00       2/25          sub_10003dd0() [324]
                0.00    0.00       2/25          sub_100078b0() [353]
                0.00    0.00       2/25          sub_10007d90() [145]
                0.00    0.00       4/25          sub_1004aaa0() [230]
                0.00    0.00       6/25          sub_1004a030() [270]
                0.00    0.00       6/25          sub_10019620() [6]
[363]    0.0    0.00    0.00      25         sub_10049db0() [363]
                0.00    0.00       4/11550       indirectCall(int, int, int, int) [151]
-----------------------------------------------
                0.00    0.00       4/4           sub_100ca661() <cycle 3> [96]
[364]    0.0    0.00    0.00       4         sub_10031b90() [364]
                0.00    0.00       4/11550       indirectCall(int, int, int, int) [151]
                0.00    0.00       4/29332       sub_100c8749() [440]
-----------------------------------------------
                0.00    0.00       4/4           sub_100496ba() [357]
[365]    0.0    0.00    0.00       4         sub_10049882() [365]
                0.00    0.00       4/11550       indirectCall(int, int, int, int) [151]
-----------------------------------------------
[366]    0.0    0.00    0.00       1+22      <cycle 5 as a whole> [366]
                0.00    0.00       1             sub_10062390() <cycle 5> [368]
                0.00    0.00      12+188         sub_100584c0() <cycle 5> [640]
                0.00    0.00      10             sub_1005c860() <cycle 5> [653]
-----------------------------------------------
                0.00    0.00       1/1           sub_1001b540() [15]
[367]    0.0    0.00    0.00       1         sub_1005f520() [367]
                0.00    0.00       1/1           sub_100584c0() <cycle 5> [640]
                0.00    0.00       1/29332       sub_100c8749() [440]
                0.00    0.00       1/1           sub_100585c0() [774]
-----------------------------------------------
                                   1             sub_100584c0() <cycle 5> [640]
[368]    0.0    0.00    0.00       1         sub_10062390() <cycle 5> [368]
                0.00    0.00       1/1           sub_10068830() [369]
                0.00    0.00       1/418         sub_100dfe70() [502]
                0.00    0.00       1/418         sub_100dfeb0() [503]
                0.00    0.00       1/41820       sub_10007230() [436]
                                   1             sub_100584c0() <cycle 5> [640]
-----------------------------------------------
                0.00    0.00       1/1           sub_10062390() <cycle 5> [368]
[369]    0.0    0.00    0.00       1         sub_10068830() [369]
                0.00    0.00       1/67          sub_10070390() [268]
                0.00    0.00       1/467         sub_10070420() [213]
                0.00    0.00      80/80          sub_10070260() [553]
                0.00    0.00      10/29332       sub_100c8749() [440]
                0.00    0.00       4/4           sub_1006d1a0() [711]
                0.00    0.00       4/12          sub_1006cc10() [642]
                0.00    0.00       2/926         sub_100ca3f6() [486]
                0.00    0.00       1/1           sub_1006baf0() [783]
                0.00    0.00       1/1           sub_1006dd70() [787]
-----------------------------------------------
                0.00    0.00       3/1283        sub_1001a530() [137]
                0.00    0.00    1280/1283        sub_100653c0() <cycle 4> [197]
[370]    0.0    0.00    0.00    1283         sub_10064ed0() [370]
                0.00    0.00       6/6           sub_100685c0() [372]
                0.00    0.00    1283/1801        sub_10058370() [476]
                0.00    0.00    1283/41820       sub_10007230() [436]
-----------------------------------------------
                0.00    0.00       6/6           sub_10007490() [328]
[371]    0.0    0.00    0.00       6         sub_1001d730() [371]
                0.00    0.00       6/618         sub_10026cc0() [227]
-----------------------------------------------
                0.00    0.00       6/6           sub_10064ed0() [370]
[372]    0.0    0.00    0.00       6         sub_100685c0() [372]
                0.00    0.00       6/53967       sub_100c8680() [100]
-----------------------------------------------
                0.00    0.00       1/1           sub_1000c600() [12]
[373]    0.0    0.00    0.00       1         sub_10056300() [373]
                0.00    0.00       1/3           sub_1004b2c0() [344]
                0.00    0.00       3/1083822     sub_100c90d2_native(char const*, char const*) [55]
-----------------------------------------------
                                   4             sub_1000bf80() <cycle 3> [305]
                0.00    0.00       1/268         sub_10009760() [219]
[374]    0.0    0.00    0.00       5         sub_10063e30() <cycle 3> [374]
                0.00    0.00       5/53967       sub_100c8680() [100]
                0.00    0.00      20/38010       sub_100629a0() [225]
                0.00    0.00       5/246         sub_10058870() [524]
                0.00    0.00       5/246         sub_10007190() [522]
                0.00    0.00       5/1092        sub_10058230() [481]
                0.00    0.00       5/41820       sub_10007230() [436]
                                  10             sub_100ca661() <cycle 3> [96]
-----------------------------------------------
                0.00    0.00       1/1           _initterm() [318]
[375]    0.0    0.00    0.00       1         sub_100e4f06() [375]
                0.00    0.00       1/2           sub_100496ba() [357]
-----------------------------------------------
                0.00    0.00       1/1           _initterm() [318]
[376]    0.0    0.00    0.00       1         sub_100e4f28() [376]
                0.00    0.00       1/2           sub_100496ba() [357]
-----------------------------------------------
                0.00    0.00       3/3           sub_10019620() [6]
[377]    0.0    0.00    0.00       3         sub_10049ea0() [377]
                0.00    0.00       3/11550       indirectCall(int, int, int, int) [151]
-----------------------------------------------
                0.00    0.00       1/2           sub_10062860() <cycle 6> [392]
                0.00    0.00       1/2           sub_10007ce0() [36]
[378]    0.0    0.00    0.00       2         sub_10062760() [378]
                0.00    0.00       8/2568        sub_10068620() [215]
                0.00    0.00       6/4506        sub_100ca3c0() [470]
                0.00    0.00       4/20263       sub_100caaf0() [448]
                0.00    0.00       2/41820       sub_10007230() [436]
-----------------------------------------------
                0.00    0.00       4/4           sub_1000bf80() <cycle 3> [305]
[379]    0.0    0.00    0.00       4         sub_100554b0() [379]
                0.00    0.00       4/53967       sub_100c8680() [100]
-----------------------------------------------
                0.00    0.00       1/4           sub_10056550() [210]
                0.00    0.00       3/4           sub_10001670() [389]
[380]    0.0    0.00    0.00       4         sub_10055620() [380]
                0.00    0.00       4/8           sub_100677c0() [361]
                0.00    0.00      64/80          sub_10057fa0() [551]
-----------------------------------------------
                0.00    0.00       1/4           sub_100514d0() [73]
                0.00    0.00       3/4           sub_10051120() <cycle 7> [72]
[381]    0.0    0.00    0.00       4         sub_100503e0() [381]
                0.00    0.00       1/14221       sub_1004fda0() [108]
                0.00    0.00       1/4742        sub_1004fff0() [467]
-----------------------------------------------
                0.00    0.00       1/1           sub_1007a4b0() [64]
[382]    0.0    0.00    0.00       1         sub_1004dcb0() [382]
                0.00    0.00       1/14221       sub_1004fda0() [108]
-----------------------------------------------
                0.00    0.00       1/4           sub_10007d40() [146]
                0.00    0.00       1/4           sub_10007ce0() [36]
                0.00    0.00       2/4           sub_1000a710() [5]
[383]    0.0    0.00    0.00       4         sub_10055700() [383]
                0.00    0.00       2/11550       indirectCall(int, int, int, int) [151]
                0.00    0.00       1/4506        sub_100ca3c0() [470]
-----------------------------------------------
                0.00    0.00       2/2           sub_10009970() [26]
[384]    0.0    0.00    0.00       2         sub_1004b690() [384]
                0.00    0.00       2/11550       indirectCall(int, int, int, int) [151]
                0.00    0.00       2/3           sub_1004c330() [719]
                0.00    0.00       2/17          sub_100c9860() [631]
-----------------------------------------------
                0.00    0.00       2/2           sub_10025a00() [331]
[385]    0.0    0.00    0.00       2         sub_110018d0() [385]
                0.00    0.00       2/11550       indirectCall(int, int, int, int) [151]
                0.00    0.00       2/3           sub_11005ea6() [732]
                0.00    0.00       2/6739        synsoemuIndirectCall(int, int, int, int) [465]
-----------------------------------------------
                0.00    0.00       4/4           sub_1004a850() [264]
[386]    0.0    0.00    0.00       4         sub_1004a6d0() [386]
                0.00    0.00       3/53967       sub_100c8680() [100]
                0.00    0.00       4/3173        sub_1004a140() [273]
                0.00    0.00       7/29332       sub_100c8749() [440]
                0.00    0.00       4/4           sub_10049e10() [696]
                0.00    0.00       3/3           sub_10052ce0() [721]
                0.00    0.00       3/3           sub_10052ec0() [722]
                0.00    0.00       3/3           sub_10054250() [723]
-----------------------------------------------
                0.00    0.00       3/3           sub_1001a530() [137]
[387]    0.0    0.00    0.00       3         sub_10065df0() [387]
                0.00    0.00       3/53967       sub_100c8680() [100]
                0.00    0.00       3/1801        sub_10058370() [476]
-----------------------------------------------
                0.00    0.00       3/3           sub_1001a530() [137]
[388]    0.0    0.00    0.00       3         sub_10066d70() [388]
                0.00    0.00       3/53967       sub_100c8680() [100]
                0.00    0.00       3/1801        sub_10058370() [476]
-----------------------------------------------
                0.00    0.00       1/3           sub_10007a70() [419]
                0.00    0.00       2/3           sub_1000a710() [5]
[389]    0.0    0.00    0.00       3         sub_10001670() [389]
                0.00    0.00       3/4           sub_10055620() [380]
                0.00    0.00      12/12          sub_10055480() [638]
-----------------------------------------------
                0.00    0.00       1/3           sub_10007be0() [71]
                0.00    0.00       2/3           sub_1000a710() [5]
[390]    0.0    0.00    0.00       3         sub_1001a500() [390]
                0.00    0.00       3/8           sub_100677c0() [361]
-----------------------------------------------
                0.00    0.00       3/3           sub_10019620() [6]
[391]    0.0    0.00    0.00       3         sub_10019530() [391]
                0.00    0.00      12/1083822     sub_100c90d2_native(char const*, char const*) [55]
-----------------------------------------------
                                   5             sub_10058480() <cycle 6> [560]
[392]    0.0    0.00    0.00       5         sub_10062860() <cycle 6> [392]
                0.00    0.00       1/2           sub_10062760() [378]
                0.00    0.00      10/41820       sub_10007230() [436]
                                   5             sub_10058480() <cycle 6> [560]
-----------------------------------------------
                0.00    0.00       2/2           sub_10009270() [271]
[393]    0.0    0.00    0.00       2         sub_1001e0c0() [393]
                0.00    0.00       2/618         sub_10026cc0() [227]
-----------------------------------------------
                0.00    0.00       1/1           sub_10025b60() [395]
[394]    0.0    0.00    0.00       1         sub_100257f0() [394]
                0.00    0.00       1/1           sub_11001582() [412]
-----------------------------------------------
                0.00    0.00       1/1           sub_10026080() [352]
[395]    0.0    0.00    0.00       1         sub_10025b60() [395]
                0.00    0.00       1/1           sub_100257f0() [394]
-----------------------------------------------
                0.00    0.00       1/1           sub_100318b0() [343]
[396]    0.0    0.00    0.00       1         sub_10031080() [396]
                0.00    0.00       1/1           sub_110015fc() [413]
-----------------------------------------------
                0.00    0.00       1/1           sub_10009970() [26]
[397]    0.0    0.00    0.00       1         sub_100ca5ff() [397]
                0.00    0.00       1/11550       indirectCall(int, int, int, int) [151]
-----------------------------------------------
                0.00    0.00       1/1           _initterm() [318]
[398]    0.0    0.00    0.00       1         sub_100e4c90() [398]
                0.00    0.00       1/11550       indirectCall(int, int, int, int) [151]
-----------------------------------------------
                0.00    0.00       1/1           _initterm() [318]
[399]    0.0    0.00    0.00       1         sub_100e4cb0() [399]
                0.00    0.00       1/11550       indirectCall(int, int, int, int) [151]
                0.00    0.00       1/29332       sub_100c8749() [440]
-----------------------------------------------
                0.00    0.00       1/1           _initterm() [318]
[400]    0.0    0.00    0.00       1         sub_100e4d00() [400]
                0.00    0.00       1/11550       indirectCall(int, int, int, int) [151]
-----------------------------------------------
                0.00    0.00       1/1           _initterm() [318]
[401]    0.0    0.00    0.00       1         sub_100e4d20() [401]
                0.00    0.00       1/11550       indirectCall(int, int, int, int) [151]
                0.00    0.00       1/29332       sub_100c8749() [440]
-----------------------------------------------
                0.00    0.00       1/1           _initterm() [318]
[402]    0.0    0.00    0.00       1         sub_100e4d70() [402]
                0.00    0.00       1/10          sub_10031d10() [339]
-----------------------------------------------
                0.00    0.00       1/1           _initterm() [318]
[403]    0.0    0.00    0.00       1         sub_100e4d90() [403]
                0.00    0.00       1/10          sub_10031d10() [339]
-----------------------------------------------
                0.00    0.00       1/1           _initterm() [318]
[404]    0.0    0.00    0.00       1         sub_100e4db0() [404]
                0.00    0.00       1/10          sub_10031d10() [339]
-----------------------------------------------
                0.00    0.00       1/1           _initterm() [318]
[405]    0.0    0.00    0.00       1         sub_100e4dd0() [405]
                0.00    0.00       1/10          sub_10031d10() [339]
-----------------------------------------------
                0.00    0.00       1/1           _initterm() [318]
[406]    0.0    0.00    0.00       1         sub_100e4df0() [406]
                0.00    0.00       1/10          sub_10031d10() [339]
-----------------------------------------------
                0.00    0.00       1/1           _initterm() [318]
[407]    0.0    0.00    0.00       1         sub_100e4e10() [407]
                0.00    0.00       1/10          sub_10031d10() [339]
-----------------------------------------------
                0.00    0.00       1/1           _initterm() [318]
[408]    0.0    0.00    0.00       1         sub_100e4e30() [408]
                0.00    0.00       1/10          sub_10031d10() [339]
-----------------------------------------------
                0.00    0.00       1/1           _initterm() [318]
[409]    0.0    0.00    0.00       1         sub_100e4e50() [409]
                0.00    0.00       1/10          sub_10031d10() [339]
-----------------------------------------------
                0.00    0.00       1/1           _initterm() [318]
[410]    0.0    0.00    0.00       1         sub_100e4e70() [410]
                0.00    0.00       1/10          sub_10031d10() [339]
-----------------------------------------------
                0.00    0.00       1/1           _initterm() [318]
[411]    0.0    0.00    0.00       1         sub_100e4e90() [411]
                0.00    0.00       1/10          sub_10031d10() [339]
-----------------------------------------------
                0.00    0.00       1/1           sub_100257f0() [394]
[412]    0.0    0.00    0.00       1         sub_11001582() [412]
                0.00    0.00       1/11550       indirectCall(int, int, int, int) [151]
                0.00    0.00       1/1           sub_110045d0() [854]
                0.00    0.00       1/6739        synsoemuIndirectCall(int, int, int, int) [465]
-----------------------------------------------
                0.00    0.00       1/1           sub_10031080() [396]
[413]    0.0    0.00    0.00       1         sub_110015fc() [413]
                0.00    0.00       1/11550       indirectCall(int, int, int, int) [151]
                0.00    0.00       8/278         sub_11001000() [520]
                0.00    0.00       1/3           sub_11005ea6() [732]
                0.00    0.00       1/6739        synsoemuIndirectCall(int, int, int, int) [465]
-----------------------------------------------
                0.00    0.00       1/1           sub_1001be20() [415]
[414]    0.0    0.00    0.00       1         sub_1001bd40() [414]
                0.00    0.00       1/53967       sub_100c8680() [100]
-----------------------------------------------
                0.00    0.00       1/1           sub_10056550() [210]
[415]    0.0    0.00    0.00       1         sub_1001be20() [415]
                0.00    0.00       1/1           sub_1001bd40() [414]
-----------------------------------------------
                0.00    0.00       1/1           sub_10056550() [210]
[416]    0.0    0.00    0.00       1         sub_10057bb0() [416]
                0.00    0.00       1/53967       sub_100c8680() [100]
                0.00    0.00       1/113         sub_1000c440() [538]
-----------------------------------------------
                0.00    0.00       1/1           sub_10009760() [219]
[417]    0.0    0.00    0.00       1         sub_1005a870() [417]
                0.00    0.00       1/53967       sub_100c8680() [100]
                0.00    0.00       1/246         sub_10058870() [524]
                0.00    0.00       1/246         sub_10007190() [522]
-----------------------------------------------
                0.00    0.00       1/1           sub_10056550() [210]
[418]    0.0    0.00    0.00       1         sub_10067920() [418]
                0.00    0.00       1/8           sub_100677c0() [361]
                0.00    0.00       3/29332       sub_100c8749() [440]
-----------------------------------------------
                0.00    0.00       1/1           sub_1001b540() [15]
[419]    0.0    0.00    0.00       1         sub_10007a70() [419]
                0.00    0.00       1/3           sub_10001670() [389]
                0.00    0.00       1/1           sub_10067770() [779]
                0.00    0.00       1/1           sub_1001beb0() [757]
-----------------------------------------------
                0.00    0.00      10/1630        sub_10007be0() [71]
                0.00    0.00      20/1630        sub_100016e0() [50]
                0.00    0.00    1600/1630        sub_10016ed0() [4]
[420]    0.0    0.00    0.00    1630         sub_10062c60() [420]
                0.00    0.00      30/38010       sub_100629a0() [225]
-----------------------------------------------
[421]    0.0    0.00    0.00       1+2176    <cycle 1 as a whole> [421]
                0.00    0.00     729             sub_1004d750() <cycle 1> [491]
                0.00    0.00     720             sub_1004e830() <cycle 1> [496]
                0.00    0.00     720             sub_1004d820() <cycle 1> [494]
                0.00    0.00       5             sub_1004e340() <cycle 1> [689]
                0.00    0.00       2             sub_1004e3d0() <cycle 1> [740]
                0.00    0.00       1             sub_1004e440() <cycle 1> [769]
-----------------------------------------------
[422]    0.0    0.00    0.00       1+16      <cycle 2 as a whole> [422]
                0.00    0.00       9+221         sub_10058500() <cycle 2> [663]
                0.00    0.00       8             sub_10064b00() <cycle 2> [670]
-----------------------------------------------
                0.00    0.00    9958/214758      sub_100176d0() [20]
                0.00    0.00  204800/214758      sub_10059ed0() [17]
[431]    0.0    0.00    0.00  214758         fpuinsns::faddst(int) [431]
-----------------------------------------------
                0.00    0.00     129/179439      sub_100599b0() [218]
                0.00    0.00  179310/179439      sub_100176d0() [20]
[432]    0.0    0.00    0.00  179439         fpuinsns::fmulpst(int) [432]
-----------------------------------------------
                0.00    0.00      42/100534      sub_100599b0() [218]
                0.00    0.00      46/100534      sub_10019620() [6]
                0.00    0.00     400/100534      sub_10059ed0() [17]
                0.00    0.00     400/100534      sub_10062f90() [18]
                0.00    0.00   99646/100534      sub_100176d0() [20]
[433]    0.0    0.00    0.00  100534         fpuinsns::fppop() [433]
-----------------------------------------------
                0.00    0.00   90998/90998       sub_10004000() [109]
[434]    0.0    0.00    0.00   90998         sub_100cb56d() [434]
-----------------------------------------------
                0.00    0.00      10/53912       sub_10007d90() [145]
                0.00    0.00     100/53912       sub_10049a60() [615]
                0.00    0.00     333/53912       sub_1000c600() [12]
                0.00    0.00    5929/53912       sub_100499c0() [484]
                0.00    0.00   47540/53912       sub_10004000() [109]
[435]    0.0    0.00    0.00   53912         sub_100c9f1a() [435]
-----------------------------------------------
                0.00    0.00       1/41820       sub_10062390() <cycle 5> [368]
                0.00    0.00       1/41820       sub_1005a550() <cycle 6> [775]
                0.00    0.00       2/41820       sub_10062760() [378]
                0.00    0.00       2/41820       sub_10062310() <cycle 6> [127]
                0.00    0.00       2/41820       sub_10062240() [37]
                0.00    0.00       5/41820       sub_10063e30() <cycle 3> [374]
                0.00    0.00       5/41820       sub_1005a390() <cycle 6> [247]
                0.00    0.00       8/41820       sub_10064f10() <cycle 6> [147]
                0.00    0.00      10/41820       sub_1005c860() <cycle 5> [653]
                0.00    0.00      10/41820       sub_10062860() <cycle 6> [392]
                0.00    0.00      16/41820       sub_100653c0() <cycle 4> [197]
                0.00    0.00      19/41820       sub_10062430() [192]
                0.00    0.00      20/41820       sub_1005c800() <cycle 6> [652]
                0.00    0.00      60/41820       sub_1005ce50() <cycle 6> [604]
                0.00    0.00      70/41820       sub_1005cae0() [654]
                0.00    0.00     108/41820       sub_10007ce0() [36]
                0.00    0.00     192/41820       sub_1005c930() [529]
                0.00    0.00     396/41820       sub_1005cf90() [516]
                0.00    0.00     400/41820       sub_10059ed0() [17]
                0.00    0.00     400/41820       sub_1005a700() [57]
                0.00    0.00     400/41820       sub_10062f90() [18]
                0.00    0.00     400/41820       sub_10062630() [8]
                0.00    0.00    1283/41820       sub_10064ed0() [370]
                0.00    0.00   38010/41820       sub_100629a0() [225]
[436]    0.0    0.00    0.00   41820         sub_10007230() [436]
-----------------------------------------------
                0.00    0.00      46/31520       sub_10019620() [6]
                0.00    0.00     400/31520       sub_10062f90() [18]
                0.00    0.00    1200/31520       sub_10059ed0() [17]
                0.00    0.00   29874/31520       sub_100176d0() [20]
[437]    0.0    0.00    0.00   31520         fpuinsns::fppush(double) [437]
-----------------------------------------------
                0.00    0.00     188/30062       sub_100599b0() [218]
                0.00    0.00   29874/30062       sub_100176d0() [20]
[438]    0.0    0.00    0.00   30062         fpuinsns::fsubrpst(int) [438]
-----------------------------------------------
                0.00    0.00   29367/29367       sub_100502a0() [126]
[439]    0.0    0.00    0.00   29367         sub_100ca122() [439]
-----------------------------------------------
                0.00    0.00       1/29332       sub_100230c0() [736]
                0.00    0.00       1/29332       sub_100e4eb0() [845]
                0.00    0.00       1/29332       sub_10003dd0() [324]
                0.00    0.00       1/29332       sub_10032d20() [306]
                0.00    0.00       1/29332       sub_1005f520() [367]
                0.00    0.00       1/29332       sub_10069b20() [40]
                0.00    0.00       1/29332       sub_10068e20() [39]
                0.00    0.00       1/29332       sub_10026080() [352]
                0.00    0.00       1/29332       sub_10007d90() [145]
                0.00    0.00       1/29332       sub_10008670() [152]
                0.00    0.00       1/29332       sub_1007a4b0() [64]
                0.00    0.00       1/29332       sub_10015070() [11]
                0.00    0.00       1/29332       sub_100e4cb0() [399]
                0.00    0.00       1/29332       sub_100e4d20() [401]
                0.00    0.00       2/29332       sub_10067350() [743]
                0.00    0.00       2/29332       sub_10067630() [744]
                0.00    0.00       2/29332       sub_1006f110() [117]
                0.00    0.00       2/29332       sub_100078b0() [353]
                0.00    0.00       2/29332       sub_10050a50() <cycle 7> [179]
                0.00    0.00       2/29332       sub_1000a710() [5]
                0.00    0.00       3/29332       sub_100542a0() [724]
                0.00    0.00       3/29332       sub_10067920() [418]
                0.00    0.00       3/29332       sub_10032d80() [191]
                0.00    0.00       4/29332       sub_1006d250() [712]
                0.00    0.00       4/29332       sub_100041b0() [30]
                0.00    0.00       4/29332       sub_10031b90() [364]
                0.00    0.00       4/29332       sub_10056550() [210]
                0.00    0.00       6/29332       sub_1006dd70() [787]
                0.00    0.00       6/29332       sub_10019620() [6]
                0.00    0.00       7/29332       sub_1006ee10() [789]
                0.00    0.00       7/29332       sub_1004a6d0() [386]
                0.00    0.00       8/29332       sub_1006d1a0() [711]
                0.00    0.00       8/29332       sub_100653c0() <cycle 4> [197]
                0.00    0.00       8/29332       sub_10064a70() <cycle 4> [668]
                0.00    0.00      10/29332       sub_100699a0() [660]
                0.00    0.00      10/29332       sub_100684e0() [658]
                0.00    0.00      10/29332       sub_10031d10() [339]
                0.00    0.00      10/29332       sub_10068830() [369]
                0.00    0.00      10/29332       sub_1004b6f0() [99]
                0.00    0.00      15/29332       sub_10032030() [195]
                0.00    0.00      20/29332       sub_1004b8b0() [98]
                0.00    0.00      22/29332       sub_10004520() [29]
                0.00    0.00      30/29332       sub_1005cdf0() [603]
                0.00    0.00      34/29332       sub_10031f60() [193]
                0.00    0.00      68/29332       sub_10031d70() [283]
                0.00    0.00      80/29332       sub_10058160() [288]
                0.00    0.00      80/29332       sub_10070180() [85]
                0.00    0.00     123/29332       sub_1000c600() [12]
                0.00    0.00     125/29332       sub_10077ca0() [536]
                0.00    0.00     173/29332       sub_1006c600() [45]
                0.00    0.00     236/29332       sub_1004a270() [231]
                0.00    0.00     246/29332       sub_10007190() [522]
                0.00    0.00     720/29332       sub_1004e210() [495]
                0.00    0.00     726/29332       sub_10050850() [180]
                0.00    0.00    1284/29332       sub_10068620() [215]
                0.00    0.00    4012/29332       sub_10051120() <cycle 7> [72]
                0.00    0.00    4734/29332       sub_1004fda0() [108]
                0.00    0.00    4737/29332       sub_10058690() <cycle 4> [125]
                0.00    0.00   11716/29332       sub_1004d0c0() [458]
[440]    0.0    0.00    0.00   29332         sub_100c8749() [440]
-----------------------------------------------
                0.00    0.00       1/28350       sub_10051810() [299]
                0.00    0.00       2/28350       sub_10050650() [741]
                0.00    0.00      50/28350       sub_10050ca0() [76]
                0.00    0.00   28297/28350       sub_100501e0() [447]
[441]    0.0    0.00    0.00   28350         sub_100ca01f() [441]
-----------------------------------------------
                0.00    0.00       4/26435       sub_10007be0() [71]
                0.00    0.00       8/26435       sub_100016e0() [50]
                0.00    0.00      16/26435       sub_100608b0() [340]
                0.00    0.00      16/26435       sub_10061b60() [341]
                0.00    0.00   12950/26435       sub_100609d0() [82]
                0.00    0.00   13441/26435       sub_1005f680() [106]
[442]    0.0    0.00    0.00   26435         sub_10065640() [442]
-----------------------------------------------
                0.00    0.00     447/25001       sub_10050520() [315]
                0.00    0.00     720/25001       sub_1004d090() [493]
                0.00    0.00     720/25001       sub_10051120() <cycle 7> [72]
                0.00    0.00   23114/25001       sub_10050ca0() [76]
[443]    0.0    0.00    0.00   25001         sub_1004fe50() [443]
                0.00    0.00   11716/11716       sub_1004fd40() [459]
-----------------------------------------------
                0.00    0.00   23225/23225       sub_100176d0() [20]
[444]    0.0    0.00    0.00   23225         sub_10019f10() [444]
-----------------------------------------------
                0.00    0.00   23108/23108       sub_10050ca0() [76]
[445]    0.0    0.00    0.00   23108         sub_10050c10() [445]
-----------------------------------------------
                0.00    0.00       1/21339       sub_100e46d0() [801]
                0.00    0.00       1/21339       sub_100e46f0() [802]
                0.00    0.00       1/21339       sub_100e4710() [803]
                0.00    0.00       1/21339       sub_100e4730() [804]
                0.00    0.00       1/21339       sub_100e4750() [805]
                0.00    0.00       1/21339       sub_100e4770() [806]
                0.00    0.00       1/21339       sub_100e4790() [807]
                0.00    0.00       1/21339       sub_100e47b0() [808]
                0.00    0.00       1/21339       sub_100e47d0() [809]
                0.00    0.00       1/21339       sub_100e47f0() [810]
                0.00    0.00       1/21339       sub_100e4810() [811]
                0.00    0.00       1/21339       sub_100e4830() [812]
                0.00    0.00       1/21339       sub_100e4850() [813]
                0.00    0.00       1/21339       sub_100e4870() [814]
                0.00    0.00       1/21339       sub_100e4890() [815]
                0.00    0.00       1/21339       sub_100e48e0() [817]
                0.00    0.00       1/21339       sub_100e4900() [818]
                0.00    0.00       1/21339       sub_100e4920() [819]
                0.00    0.00       1/21339       sub_100e4940() [820]
                0.00    0.00       1/21339       sub_100e4960() [821]
                0.00    0.00       1/21339       sub_100e4980() [822]
                0.00    0.00       1/21339       sub_100e49a0() [823]
                0.00    0.00       1/21339       sub_100e49c0() [824]
                0.00    0.00       1/21339       sub_100e49e0() [825]
                0.00    0.00       1/21339       sub_100e4a00() [826]
                0.00    0.00       1/21339       sub_100e4a20() [827]
                0.00    0.00       1/21339       sub_100e4a40() [828]
                0.00    0.00       1/21339       sub_100e4a60() [829]
                0.00    0.00       1/21339       sub_100e4b70() [835]
                0.00    0.00       1/21339       sub_100e4b90() [836]
                0.00    0.00       1/21339       sub_100e4bb0() [837]
                0.00    0.00       1/21339       sub_100e4bd0() [838]
                0.00    0.00       1/21339       sub_100e4bf0() [839]
                0.00    0.00       1/21339       sub_100e4c10() [840]
                0.00    0.00       2/21339       sub_10026080() [352]
                0.00    0.00       2/21339       sub_10009270() [271]
                0.00    0.00       2/21339       sub_10077ad0() [258]
                0.00    0.00       4/21339       sub_1000a710() [5]
                0.00    0.00      10/21339       sub_1004b6f0() [99]
                0.00    0.00      10/21339       sub_1000c600() [12]
                0.00    0.00      30/21339       sub_1004b8b0() [98]
                0.00    0.00      34/21339       sub_100094c0() [150]
                0.00    0.00      49/21339       sub_1004c150() [571]
                0.00    0.00     136/21339       sub_10009310() [91]
                0.00    0.00     378/21339       sub_100644c0() [111]
                0.00    0.00     400/21339       sub_1000b9f0() [88]
                0.00    0.00     720/21339       sub_1004e210() [495]
                0.00    0.00    3078/21339       sub_1004a140() [273]
                0.00    0.00    4734/21339       sub_1004fda0() [108]
                0.00    0.00   11716/21339       sub_1004fd40() [459]
[446]    0.0    0.00    0.00   21339         sub_100c9890() [446]
-----------------------------------------------
                0.00    0.00       2/20480       sub_10050ca0() [76]
                0.00    0.00       3/20480       sub_10051810() [299]
                0.00    0.00       4/20480       sub_10050e70() [69]
                0.00    0.00       5/20480       sub_10050520() [315]
                0.00    0.00     806/20480       sub_10050a50() <cycle 7> [179]
                0.00    0.00    1452/20480       sub_10050850() [180]
                0.00    0.00    6171/20480       sub_10051120() <cycle 7> [72]
                0.00    0.00   12037/20480       sub_100514d0() [73]
[447]    0.0    0.00    0.00   20480         sub_100501e0() [447]
                0.00    0.00   28297/28350       sub_100ca01f() [441]
-----------------------------------------------
                0.00    0.00       1/20263       sub_100e4f50() [849]
                0.00    0.00       1/20263       sub_10068970() [154]
                0.00    0.00       4/20263       sub_10062760() [378]
                0.00    0.00       6/20263       sub_10068960() [780]
                0.00    0.00       6/20263       sub_1006bc90() [784]
                0.00    0.00      48/20263       sub_10058620() [564]
                0.00    0.00      59/20263       sub_100599b0() [218]
                0.00    0.00      80/20263       sub_1006d7c0() [590]
                0.00    0.00     160/20263       sub_1005eaa0() [519]
                0.00    0.00     194/20263       sub_10070310() [68]
                0.00    0.00     228/20263       sub_1006e360() [606]
                0.00    0.00     240/20263       sub_1005bd60() [518]
                0.00    0.00     243/20263       sub_1006a4e0() [60]
                0.00    0.00     246/20263       sub_10058870() [524]
                0.00    0.00     566/20263       sub_1006fec0() [499]
                0.00    0.00     988/20263       sub_1006ff00() [483]
                0.00    0.00    1833/20263       sub_1005fc00() [75]
                0.00    0.00    2410/20263       sub_10059060() [648]
                0.00    0.00   12950/20263       sub_10060b80() [140]
[448]    0.0    0.00    0.00   20263         sub_100caaf0() [448]
-----------------------------------------------
                0.00    0.00   19916/19916       sub_100176d0() [20]
[449]    0.0    0.00    0.00   19916         sub_10064ba0() [449]
-----------------------------------------------
                0.00    0.00   19916/19916       sub_100176d0() [20]
[450]    0.0    0.00    0.00   19916         sub_10065a60() [450]
-----------------------------------------------
                0.00    0.00   19916/19916       sub_100176d0() [20]
[451]    0.0    0.00    0.00   19916         fpuinsns::fchs() [451]
-----------------------------------------------
                0.00    0.00   18980/18980       sub_10062c20() [226]
[452]    0.0    0.00    0.00   18980         sub_10058540() [452]
-----------------------------------------------
                0.00    0.00      88/18844       sub_10007be0() [71]
                0.00    0.00     176/18844       sub_100016e0() [50]
                0.00    0.00   18580/18844       sub_100176d0() [20]
[453]    0.0    0.00    0.00   18844         sub_10056df0() [453]
-----------------------------------------------
                0.00    0.00   14569/14569       sub_10015160() [13]
[454]    0.0    0.00    0.00   14569         subopt_1005f7e0() [454]
-----------------------------------------------
                0.00    0.00   14569/14569       subopt_10060640() [21]
[455]    0.0    0.00    0.00   14569         subopt_10060380() [455]
-----------------------------------------------
                0.00    0.00    5034/13843       subopt_100646d0() [32]
                0.00    0.00    8809/13843       subopt_10059ed0() [464]
[456]    0.0    0.00    0.00   13843         subopt_10007230() [456]
-----------------------------------------------
                0.00    0.00   13441/13441       sub_100176d0() [20]
[457]    0.0    0.00    0.00   13441         sub_1005f800() [457]
-----------------------------------------------
                0.00    0.00   11716/11716       sub_1004fd40() [459]
[458]    0.0    0.00    0.00   11716         sub_1004d0c0() [458]
                0.00    0.00   11716/29332       sub_100c8749() [440]
-----------------------------------------------
                0.00    0.00   11716/11716       sub_1004fe50() [443]
[459]    0.0    0.00    0.00   11716         sub_1004fd40() [459]
                0.00    0.00   11716/11716       sub_1004d0c0() [458]
                0.00    0.00   11716/21339       sub_100c9890() [446]
-----------------------------------------------
                0.00    0.00   10794/10794       sub_10015160() [13]
[460]    0.0    0.00    0.00   10794         subopt_10065830() [460]
-----------------------------------------------
                0.00    0.00    9958/9958        sub_100176d0() [20]
[461]    0.0    0.00    0.00    9958         fpuinsns::fsubst(int) [461]
-----------------------------------------------
                0.00    0.00    9958/9958        sub_100176d0() [20]
[462]    0.0    0.00    0.00    9958         fpuinsns::fsubrst(int) [462]
-----------------------------------------------
                0.00    0.00    9290/9290        sub_100176d0() [20]
[463]    0.0    0.00    0.00    9290         sub_10057220() [463]
-----------------------------------------------
                0.00    0.00    8809/8809        sub_10015160() [13]
[464]    0.0    0.00    0.00    8809         subopt_10059ed0() [464]
                0.00    0.00    8809/13843       subopt_10007230() [456]
-----------------------------------------------
                0.00    0.00       1/6739        sub_11001582() [412]
                0.00    0.00       1/6739        sub_110015fc() [413]
                0.00    0.00       2/6739        sub_110018d0() [385]
                0.00    0.00    1618/6739        sub_100c8c60() [156]
                0.00    0.00    5117/6739        sub_100c8cf0() [77]
[465]    0.0    0.00    0.00    6739         synsoemuIndirectCall(int, int, int, int) [465]
-----------------------------------------------
                0.00    0.00     720/5453        sub_1004ffd0() [497]
                0.00    0.00    4733/5453        sub_100502a0() [126]
[466]    0.0    0.00    0.00    5453         sub_100c9d9b() [466]
-----------------------------------------------
                0.00    0.00       1/4742        sub_100503e0() [381]
                0.00    0.00       1/4742        sub_10051810() [299]
                0.00    0.00       2/4742        sub_10051670() [300]
                0.00    0.00       5/4742        sub_10050520() [315]
                0.00    0.00     720/4742        sub_10051120() <cycle 7> [72]
                0.00    0.00    4013/4742        sub_100514d0() [73]
[467]    0.0    0.00    0.00    4742         sub_1004fff0() [467]
-----------------------------------------------
                0.00    0.00    4649/4649        sub_10055810() [136]
[468]    0.0    0.00    0.00    4649         sub_10067ed0() [468]
-----------------------------------------------
                0.00    0.00    4645/4645        sub_100176d0() [20]
[469]    0.0    0.00    0.00    4645         sub_10019e90() [469]
-----------------------------------------------
                0.00    0.00       1/4506        sub_10055700() [383]
                0.00    0.00       2/4506        sub_10062430() [192]
                0.00    0.00       4/4506        sub_10055f40() [698]
                0.00    0.00       6/4506        sub_10062760() [378]
                0.00    0.00      21/4506        sub_10057810() [545]
                0.00    0.00      24/4506        sub_1005f680() [106]
                0.00    0.00      24/4506        sub_100609d0() [82]
                0.00    0.00      30/4506        sub_10069750() [605]
                0.00    0.00      40/4506        sub_10069080() [586]
                0.00    0.00      50/4506        sub_1005a390() <cycle 6> [247]
                0.00    0.00      84/4506        sub_10057a00() [547]
                0.00    0.00      87/4506        sub_1005a420() [228]
                0.00    0.00     304/4506        sub_100574c0() [627]
                0.00    0.00     400/4506        sub_10016ed0() [4]
                0.00    0.00     560/4506        sub_1005cf90() [516]
                0.00    0.00     864/4506        sub_10056ef0() [563]
                0.00    0.00    2005/4506        sub_100629a0() [225]
[470]    0.0    0.00    0.00    4506         sub_100ca3c0() [470]
-----------------------------------------------
                0.00    0.00       1/4012        sub_10051120() <cycle 7> [72]
                0.00    0.00    4011/4012        sub_1004d820() <cycle 1> [494]
[471]    0.0    0.00    0.00    4012         sub_1004e2b0() [471]
-----------------------------------------------
                0.00    0.00    4011/4011        sub_10051120() <cycle 7> [72]
[472]    0.0    0.00    0.00    4011         sub_1004d450() [472]
-----------------------------------------------
                0.00    0.00    4011/4011        sub_10051120() <cycle 7> [72]
[473]    0.0    0.00    0.00    4011         sub_1004d470() [473]
-----------------------------------------------
                0.00    0.00    3173/3173        sub_1004a140() [273]
[474]    0.0    0.00    0.00    3173         sub_10049f40() [474]
-----------------------------------------------
                0.00    0.00     274/1864        sub_10008b60() [174]
                0.00    0.00    1590/1864        sub_1004b180() [199]
[475]    0.0    0.00    0.00    1864         sub_100ca290() [475]
-----------------------------------------------
                0.00    0.00       3/1801        sub_10065df0() [387]
                0.00    0.00       3/1801        sub_10066d70() [388]
                0.00    0.00     512/1801        sub_100640b0() [229]
                0.00    0.00    1283/1801        sub_10064ed0() [370]
[476]    0.0    0.00    0.00    1801         sub_10058370() [476]
-----------------------------------------------
                0.00    0.00    1590/1590        indirectCall(int, int, int, int) [151]
[477]    0.0    0.00    0.00    1590         kernel32::FindNextFileA() [477]
-----------------------------------------------
                0.00    0.00       1/1535        sub_10051810() [299]
                0.00    0.00       2/1535        sub_10051670() [300]
                0.00    0.00       5/1535        sub_10050520() [315]
                0.00    0.00      81/1535        sub_10050a50() <cycle 7> [179]
                0.00    0.00     720/1535        sub_10051120() <cycle 7> [72]
                0.00    0.00     726/1535        sub_10050850() [180]
[478]    0.0    0.00    0.00    1535         sub_1004d4e0() [478]
-----------------------------------------------
                                1280             sub_100ca661() <cycle 3> [96]
[479]    0.0    0.00    0.00    1280         sub_10064fd0() <cycle 3> [479]
                                1280             sub_100ca661() <cycle 3> [96]
-----------------------------------------------
                0.00    0.00    1155/1155        sub_10052440() [132]
[480]    0.0    0.00    0.00    1155         sub_10052ab0() [480]
-----------------------------------------------
                0.00    0.00       1/1092        sub_10062160() [777]
                0.00    0.00       5/1092        sub_10063e30() <cycle 3> [374]
                0.00    0.00      10/1092        sub_10059060() [648]
                0.00    0.00      30/1092        sub_1005d150() <cycle 3> [321]
                0.00    0.00     246/1092        sub_10058870() [524]
                0.00    0.00     800/1092        sub_10016ed0() [4]
[481]    0.0    0.00    0.00    1092         sub_10058230() [481]
-----------------------------------------------
                                1024             sub_100ca661() <cycle 3> [96]
[482]    0.0    0.00    0.00    1024         sub_10065d80() <cycle 3> [482]
                                1024             sub_100ca661() <cycle 3> [96]
-----------------------------------------------
                0.00    0.00      80/988         sub_10070260() [553]
                0.00    0.00     194/988         sub_10070310() [68]
                0.00    0.00     238/988         sub_100702a0() [525]
                0.00    0.00     238/988         sub_100702e0() [526]
                0.00    0.00     238/988         sub_100702f0() [527]
[483]    0.0    0.00    0.00     988         sub_1006ff00() [483]
                0.00    0.00     988/20263       sub_100caaf0() [448]
-----------------------------------------------
                0.00    0.00     952/952         sub_10004000() [109]
[484]    0.0    0.00    0.00     952         sub_100499c0() [484]
                0.00    0.00    5929/53912       sub_100c9f1a() [435]
-----------------------------------------------
                0.00    0.00     938/938         sub_11005ea6() [732]
[485]    0.0    0.00    0.00     938         sub_1100112d() [485]
-----------------------------------------------
                0.00    0.00       2/926         sub_10068830() [369]
                0.00    0.00       4/926         sub_100689f0() [142]
                0.00    0.00       4/926         sub_1006a190() [143]
                0.00    0.00       4/926         sub_1006d1a0() [711]
                0.00    0.00       4/926         sub_1006c340() [327]
                0.00    0.00       6/926         sub_1006ed10() [788]
                0.00    0.00      22/926         sub_1006d530() [122]
                0.00    0.00      24/926         sub_1006d3e0() [97]
                0.00    0.00      36/926         sub_1006d6f0() [629]
                0.00    0.00      36/926         sub_1006d5d0() [265]
                0.00    0.00     110/926         sub_1006e360() [606]
                0.00    0.00     674/926         sub_1006a4e0() [60]
[486]    0.0    0.00    0.00     926         sub_100ca3f6() [486]
-----------------------------------------------
                0.00    0.00     800/800         sub_10016ed0() [4]
[487]    0.0    0.00    0.00     800         sub_10056420() [487]
-----------------------------------------------
                0.00    0.00     800/800         sub_1006b050() [10]
[488]    0.0    0.00    0.00     800         sub_1006ccd0() [488]
-----------------------------------------------
                0.00    0.00     800/800         sub_1006b050() [10]
[489]    0.0    0.00    0.00     800         sub_1006ce60() [489]
-----------------------------------------------
                0.00    0.00     400/800         sub_10059ed0() [17]
                0.00    0.00     400/800         sub_10062f90() [18]
[490]    0.0    0.00    0.00     800         StackGuard::~StackGuard() [490]
-----------------------------------------------
                                   1             sub_1004e440() <cycle 1> [769]
                                   2             sub_1004e3d0() <cycle 1> [740]
                                   5             sub_1004e340() <cycle 1> [689]
                                 720             sub_1004e830() <cycle 1> [496]
                0.00    0.00       1/1           sub_1004e520() [771]
[491]    0.0    0.00    0.00     729         sub_1004d750() <cycle 1> [491]
                                   1             sub_1004e340() <cycle 1> [689]
                                   1             sub_1004e830() <cycle 1> [496]
                                   1             sub_1004e440() <cycle 1> [769]
-----------------------------------------------
                0.00    0.00       3/728         sub_10050e70() [69]
                0.00    0.00     725/728         sub_10050a50() <cycle 7> [179]
[492]    0.0    0.00    0.00     728         sub_1004d790() [492]
-----------------------------------------------
                0.00    0.00     720/720         sub_10051120() <cycle 7> [72]
[493]    0.0    0.00    0.00     720         sub_1004d090() [493]
                0.00    0.00     720/25001       sub_1004fe50() [443]
-----------------------------------------------
                                 720             sub_1004e830() <cycle 1> [496]
[494]    0.0    0.00    0.00     720         sub_1004d820() <cycle 1> [494]
                0.00    0.00    4011/4012        sub_1004e2b0() [471]
                                 719             sub_1004e830() <cycle 1> [496]
                                   4             sub_1004e340() <cycle 1> [689]
                                   2             sub_1004e3d0() <cycle 1> [740]
-----------------------------------------------
                0.00    0.00     720/720         sub_10051120() <cycle 7> [72]
[495]    0.0    0.00    0.00     720         sub_1004e210() [495]
                0.00    0.00     720/21339       sub_100c9890() [446]
                0.00    0.00     720/29332       sub_100c8749() [440]
-----------------------------------------------
                                   1             sub_1004d750() <cycle 1> [491]
                                 719             sub_1004d820() <cycle 1> [494]
[496]    0.0    0.00    0.00     720         sub_1004e830() <cycle 1> [496]
                                 720             sub_1004d820() <cycle 1> [494]
                                 720             sub_1004d750() <cycle 1> [491]
-----------------------------------------------
                0.00    0.00     720/720         sub_10050850() [180]
[497]    0.0    0.00    0.00     720         sub_1004ffd0() [497]
                0.00    0.00     720/5453        sub_100c9d9b() [466]
-----------------------------------------------
                0.00    0.00     682/682         subopt_10060f90() [47]
[498]    0.0    0.00    0.00     682         subopt_10060bf0() [498]
-----------------------------------------------
                0.00    0.00      28/566         sub_10068960() [780]
                0.00    0.00      28/566         sub_1006bc90() [784]
                0.00    0.00     510/566         sub_1006a4e0() [60]
[499]    0.0    0.00    0.00     566         sub_1006fec0() [499]
                0.00    0.00     566/20263       sub_100caaf0() [448]
-----------------------------------------------
                0.00    0.00       1/507         sub_1001beb0() [757]
                0.00    0.00       1/507         sub_1001c370() [758]
                0.00    0.00      21/507         sub_1001bf10() [617]
                0.00    0.00      84/507         sub_1001b850() [544]
                0.00    0.00     400/507         sub_1001cfb0() [506]
[500]    0.0    0.00    0.00     507         sub_77778888() [500]
                0.00    0.00       1/1           allocate(int) [858]
-----------------------------------------------
                0.00    0.00      12/462         sub_1000c600() [12]
                0.00    0.00     150/462         sub_10007be0() [71]
                0.00    0.00     300/462         sub_100016e0() [50]
[501]    0.0    0.00    0.00     462         sub_10058970() [501]
                0.00    0.00     240/320         sub_1005bd60() [518]
                0.00    0.00     210/280         sub_1005eaa0() [519]
                0.00    0.00      12/36          sub_10069a90() [591]
-----------------------------------------------
                0.00    0.00       1/418         sub_10062390() <cycle 5> [368]
                0.00    0.00       1/418         sub_10062310() <cycle 6> [127]
                0.00    0.00       1/418         sub_10062240() [37]
                0.00    0.00      15/418         sub_10062430() [192]
                0.00    0.00     400/418         sub_10062630() [8]
[502]    0.0    0.00    0.00     418         sub_100dfe70() [502]
-----------------------------------------------
                0.00    0.00       1/418         sub_10062390() <cycle 5> [368]
                0.00    0.00       1/418         sub_10062310() <cycle 6> [127]
                0.00    0.00       1/418         sub_10062240() [37]
                0.00    0.00      15/418         sub_10062430() [192]
                0.00    0.00     400/418         sub_10062630() [8]
[503]    0.0    0.00    0.00     418         sub_100dfeb0() [503]
-----------------------------------------------
                0.00    0.00       2/402         sub_10062430() [192]
                0.00    0.00     400/402         sub_100559b0() [220]
[504]    0.0    0.00    0.00     402         sub_100dfd90() [504]
-----------------------------------------------
                0.00    0.00     400/400         sub_10016ed0() [4]
[505]    0.0    0.00    0.00     400         sub_10007240() [505]
-----------------------------------------------
                0.00    0.00     400/400         sub_10056b90() [2]
[506]    0.0    0.00    0.00     400         sub_1001cfb0() [506]
                0.00    0.00     400/507         sub_77778888() [500]
-----------------------------------------------
                0.00    0.00     400/400         sub_10016ed0() [4]
[507]    0.0    0.00    0.00     400         sub_1003ae40() [507]
-----------------------------------------------
                0.00    0.00     400/400         sub_10055bd0() [51]
[508]    0.0    0.00    0.00     400         sub_10049980() [508]
-----------------------------------------------
                0.00    0.00     400/400         sub_100559b0() [220]
[509]    0.0    0.00    0.00     400         sub_100499a0() [509]
-----------------------------------------------
                0.00    0.00     400/400         sub_100559b0() [220]
[510]    0.0    0.00    0.00     400         sub_10055570() [510]
-----------------------------------------------
                0.00    0.00     400/400         sub_100559b0() [220]
[511]    0.0    0.00    0.00     400         sub_100555d0() [511]
-----------------------------------------------
                0.00    0.00     400/400         sub_10056b90() [2]
[512]    0.0    0.00    0.00     400         sub_10056aa0() [512]
-----------------------------------------------
                0.00    0.00     400/400         sub_10068890() [59]
[513]    0.0    0.00    0.00     400         sub_100688b0() [513]
-----------------------------------------------
                0.00    0.00     400/400         sub_10068890() [59]
[514]    0.0    0.00    0.00     400         sub_100688c0() [514]
-----------------------------------------------
                0.00    0.00     400/400         sub_10059ed0() [17]
[515]    0.0    0.00    0.00     400         fpuinsns::fistp32() [515]
-----------------------------------------------
                0.00    0.00      30/396         sub_1005d150() <cycle 3> [321]
                0.00    0.00      30/396         sub_1000c600() [12]
                0.00    0.00     112/396         sub_10007be0() [71]
                0.00    0.00     224/396         sub_100016e0() [50]
[516]    0.0    0.00    0.00     396         sub_1005cf90() [516]
                0.00    0.00     560/4506        sub_100ca3c0() [470]
                0.00    0.00     396/41820       sub_10007230() [436]
-----------------------------------------------
                0.00    0.00       6/332         sub_1006e360() [606]
                0.00    0.00       6/332         sub_1006ed10() [788]
                0.00    0.00     320/332         sub_1006a4e0() [60]
[517]    0.0    0.00    0.00     332         sub_1006fb40() [517]
-----------------------------------------------
                0.00    0.00      80/320         sub_1005c0e0() [336]
                0.00    0.00     240/320         sub_10058970() [501]
[518]    0.0    0.00    0.00     320         sub_1005bd60() [518]
                0.00    0.00     240/20263       sub_100caaf0() [448]
-----------------------------------------------
                0.00    0.00      70/280         sub_1005f0b0() [337]
                0.00    0.00     210/280         sub_10058970() [501]
[519]    0.0    0.00    0.00     280         sub_1005eaa0() [519]
                0.00    0.00     160/20263       sub_100caaf0() [448]
-----------------------------------------------
                0.00    0.00       8/278         sub_110015fc() [413]
                0.00    0.00      10/278         sub_11001531() [853]
                0.00    0.00     260/278         sub_11005e70() [749]
[520]    0.0    0.00    0.00     278         sub_11001000() [520]
-----------------------------------------------
                0.00    0.00      70/262         sub_1005cae0() [654]
                0.00    0.00     192/262         sub_1005c930() [529]
[521]    0.0    0.00    0.00     262         sub_10068250() [521]
                0.00    0.00      40/40          sub_10068380() [585]
                0.00    0.00      40/40          sub_100682e0() [582]
                0.00    0.00      40/40          sub_10068320() [583]
                0.00    0.00      40/40          sub_10068360() [584]
                0.00    0.00      34/34          sub_100682c0() [594]
                0.00    0.00      34/34          sub_10068340() [596]
                0.00    0.00      34/34          sub_10068300() [595]
-----------------------------------------------
                0.00    0.00       1/246         sub_1005a870() [417]
                0.00    0.00       1/246         sub_10062160() [777]
                0.00    0.00       1/246         sub_10064380() [263]
                0.00    0.00       1/246         sub_10056550() [210]
                0.00    0.00       3/246         sub_1000c600() [12]
                0.00    0.00       4/246         sub_10064570() [703]
                0.00    0.00       4/246         sub_10064dc0() [360]
                0.00    0.00       4/246         sub_10066c80() [351]
                0.00    0.00       4/246         sub_10065e70() <cycle 3> [350]
                0.00    0.00       5/246         sub_10059860() [356]
                0.00    0.00       5/246         sub_10063e30() <cycle 3> [374]
                0.00    0.00       8/246         sub_100608b0() [340]
                0.00    0.00       8/246         sub_10061b60() [341]
                0.00    0.00       8/246         sub_10064c50() [342]
                0.00    0.00      10/246         sub_10059060() [648]
                0.00    0.00      10/246         sub_100597a0() [649]
                0.00    0.00      10/246         sub_1005b640() [322]
                0.00    0.00      10/246         sub_1005b750() [650]
                0.00    0.00      10/246         sub_1005c0e0() [336]
                0.00    0.00      10/246         sub_1005c6c0() [312]
                0.00    0.00      10/246         sub_1005cae0() [654]
                0.00    0.00      10/246         sub_1005f0b0() [337]
                0.00    0.00      19/246         sub_100574c0() [627]
                0.00    0.00      20/246         sub_100655b0() [335]
                0.00    0.00      30/246         sub_1005d150() <cycle 3> [321]
                0.00    0.00      40/246         sub_10065780() [581]
[522]    0.0    0.00    0.00     246         sub_10007190() [522]
                0.00    0.00     246/29332       sub_100c8749() [440]
-----------------------------------------------
                0.00    0.00     246/246         sub_10058870() [524]
[523]    0.0    0.00    0.00     246         sub_1000b870() [523]
-----------------------------------------------
                0.00    0.00       1/246         sub_1005a870() [417]
                0.00    0.00       1/246         sub_10062160() [777]
                0.00    0.00       1/246         sub_10064380() [263]
                0.00    0.00       1/246         sub_10056550() [210]
                0.00    0.00       3/246         sub_1000c600() [12]
                0.00    0.00       4/246         sub_10064570() [703]
                0.00    0.00       4/246         sub_10064dc0() [360]
                0.00    0.00       4/246         sub_10066c80() [351]
                0.00    0.00       4/246         sub_10065e70() <cycle 3> [350]
                0.00    0.00       5/246         sub_10059860() [356]
                0.00    0.00       5/246         sub_10063e30() <cycle 3> [374]
                0.00    0.00       8/246         sub_100608b0() [340]
                0.00    0.00       8/246         sub_10061b60() [341]
                0.00    0.00       8/246         sub_10064c50() [342]
                0.00    0.00      10/246         sub_10059060() [648]
                0.00    0.00      10/246         sub_100597a0() [649]
                0.00    0.00      10/246         sub_1005b640() [322]
                0.00    0.00      10/246         sub_1005b750() [650]
                0.00    0.00      10/246         sub_1005c0e0() [336]
                0.00    0.00      10/246         sub_1005c6c0() [312]
                0.00    0.00      10/246         sub_1005cae0() [654]
                0.00    0.00      10/246         sub_1005f0b0() [337]
                0.00    0.00      19/246         sub_100574c0() [627]
                0.00    0.00      20/246         sub_100655b0() [335]
                0.00    0.00      30/246         sub_1005d150() <cycle 3> [321]
                0.00    0.00      40/246         sub_10065780() [581]
[524]    0.0    0.00    0.00     246         sub_10058870() [524]
                0.00    0.00     246/246         sub_1000b870() [523]
                0.00    0.00     246/20263       sub_100caaf0() [448]
                0.00    0.00     246/1092        sub_10058230() [481]
-----------------------------------------------
                0.00    0.00     238/238         sub_1006a4e0() [60]
[525]    0.0    0.00    0.00     238         sub_100702a0() [525]
                0.00    0.00     238/988         sub_1006ff00() [483]
-----------------------------------------------
                0.00    0.00     238/238         sub_1006a4e0() [60]
[526]    0.0    0.00    0.00     238         sub_100702e0() [526]
                0.00    0.00     238/988         sub_1006ff00() [483]
-----------------------------------------------
                0.00    0.00     238/238         sub_1006a4e0() [60]
[527]    0.0    0.00    0.00     238         sub_100702f0() [527]
                0.00    0.00     238/988         sub_1006ff00() [483]
-----------------------------------------------
                0.00    0.00     197/197         sub_100c8cf0() [77]
[528]    0.0    0.00    0.00     197         sub_100c8c30() [528]
-----------------------------------------------
                0.00    0.00      64/192         sub_10007be0() [71]
                0.00    0.00     128/192         sub_100016e0() [50]
[529]    0.0    0.00    0.00     192         sub_1005c930() [529]
                0.00    0.00     192/41820       sub_10007230() [436]
                0.00    0.00     192/262         sub_10068250() [521]
-----------------------------------------------
                0.00    0.00     167/167         sub_1006a4e0() [60]
[530]    0.0    0.00    0.00     167         sub_100cd51c() [530]
-----------------------------------------------
                0.00    0.00      10/166         sub_1000c600() [12]
                0.00    0.00      52/166         sub_10007be0() [71]
                0.00    0.00     104/166         sub_100016e0() [50]
[531]    0.0    0.00    0.00     166         sub_1005b7d0() [531]
-----------------------------------------------
                0.00    0.00     163/163         sub_100599b0() [218]
[532]    0.0    0.00    0.00     163         fpuinsns::fmulst(int) [532]
-----------------------------------------------
                0.00    0.00     146/146         kernel32::FindFirstFileA() [187]
[533]    0.0    0.00    0.00     146         void std::vector<std::pair<std::__cxx11::basic_string<char, std::char_traits<char>, std::allocator<char> >, bool>, std::allocator<std::pair<std::__cxx11::basic_string<char, std::char_traits<char>, std::allocator<char> >, bool> > >::_M_realloc_insert<std::pair<std::__cxx11::basic_string<char, std::char_traits<char>, std::allocator<char> >, bool> >(__gnu_cxx::__normal_iterator<std::pair<std::__cxx11::basic_string<char, std::char_traits<char>, std::allocator<char> >, bool>*, std::vector<std::pair<std::__cxx11::basic_string<char, std::char_traits<char>, std::allocator<char> >, bool>, std::allocator<std::pair<std::__cxx11::basic_string<char, std::char_traits<char>, std::allocator<char> >, bool> > > >, std::pair<std::__cxx11::basic_string<char, std::char_traits<char>, std::allocator<char> >, bool>&&) [533]
-----------------------------------------------
                0.00    0.00      12/144         sub_1006e360() [606]
                0.00    0.00      48/144         sub_1006e990() [714]
                0.00    0.00      84/144         sub_1006a220() [676]
[534]    0.0    0.00    0.00     144         sub_1006df10() [534]
-----------------------------------------------
                0.00    0.00      40/130         sub_10051bd0() [578]
                0.00    0.00      40/130         sub_1004fae0() [576]
                0.00    0.00      50/130         sub_10052760() [114]
[535]    0.0    0.00    0.00     130         sub_100ce243() [535]
-----------------------------------------------
                0.00    0.00     125/125         sub_1000c600() [12]
[536]    0.0    0.00    0.00     125         sub_10077ca0() [536]
                0.00    0.00     125/29332       sub_100c8749() [440]
-----------------------------------------------
                0.00    0.00      40/120         sub_10007be0() [71]
                0.00    0.00      80/120         sub_100016e0() [50]
[537]    0.0    0.00    0.00     120         sub_1005c2e0() [537]
-----------------------------------------------
                0.00    0.00       1/113         sub_10057bb0() [416]
                0.00    0.00      28/113         sub_10057810() [545]
                0.00    0.00      84/113         sub_10057c70() [550]
[538]    0.0    0.00    0.00     113         sub_1000c440() [538]
-----------------------------------------------
                0.00    0.00      95/95          indirectCall(int, int, int, int) [151]
[539]    0.0    0.00    0.00      95         kernel32::ReadFile() [539]
-----------------------------------------------
                0.00    0.00      10/94          sub_1000c600() [12]
                0.00    0.00      28/94          sub_10007be0() [71]
                0.00    0.00      56/94          sub_100016e0() [50]
[540]    0.0    0.00    0.00      94         sub_1005a960() [540]
-----------------------------------------------
                0.00    0.00      10/88          sub_1000c600() [12]
                0.00    0.00      26/88          sub_10007be0() [71]
                0.00    0.00      52/88          sub_100016e0() [50]
[541]    0.0    0.00    0.00      88         sub_10058ab0() [541]
-----------------------------------------------
                0.00    0.00       6/86          sub_1006ee10() [789]
                0.00    0.00      80/86          sub_1006c600() [45]
[542]    0.0    0.00    0.00      86         sub_1006fe50() [542]
-----------------------------------------------
                0.00    0.00      84/84          sub_1001b850() [544]
[543]    0.0    0.00    0.00      84         sub_10007620() [543]
                0.00    0.00      84/84          sub_10057c70() [550]
                0.00    0.00      28/28          sub_10037010() [607]
-----------------------------------------------
                0.00    0.00      84/84          sub_10057810() [545]
[544]    0.0    0.00    0.00      84         sub_1001b850() [544]
                0.00    0.00      84/84          sub_10007620() [543]
                0.00    0.00      84/507         sub_77778888() [500]
-----------------------------------------------
                0.00    0.00      84/84          sub_10057cc0() [185]
[545]    0.0    0.00    0.00      84         sub_10057810() [545]
                0.00    0.00      84/84          sub_1001b850() [544]
                0.00    0.00      28/113         sub_1000c440() [538]
                0.00    0.00      21/4506        sub_100ca3c0() [470]
                0.00    0.00      21/21          sub_1001bf10() [617]
-----------------------------------------------
                0.00    0.00      84/84          sub_10057a30() [548]
[546]    0.0    0.00    0.00      84         sub_100579d0() [546]
-----------------------------------------------
                0.00    0.00      84/84          sub_10057aa0() [549]
[547]    0.0    0.00    0.00      84         sub_10057a00() [547]
                0.00    0.00      84/4506        sub_100ca3c0() [470]
-----------------------------------------------
                0.00    0.00      84/84          sub_10057cc0() [185]
[548]    0.0    0.00    0.00      84         sub_10057a30() [548]
                0.00    0.00      84/84          sub_100579d0() [546]
-----------------------------------------------
                0.00    0.00      84/84          sub_10057c70() [550]
[549]    0.0    0.00    0.00      84         sub_10057aa0() [549]
                0.00    0.00      84/84          sub_10057a00() [547]
-----------------------------------------------
                0.00    0.00      84/84          sub_10007620() [543]
[550]    0.0    0.00    0.00      84         sub_10057c70() [550]
                0.00    0.00      84/84          sub_10057aa0() [549]
                0.00    0.00      84/113         sub_1000c440() [538]
-----------------------------------------------
                0.00    0.00      16/80          sub_100580e0() [301]
                0.00    0.00      64/80          sub_10055620() [380]
[551]    0.0    0.00    0.00      80         sub_10057fa0() [551]
-----------------------------------------------
                0.00    0.00      20/80          sub_10069e40() [624]
                0.00    0.00      60/80          sub_10069750() [605]
[552]    0.0    0.00    0.00      80         sub_10069c30() [552]
-----------------------------------------------
                0.00    0.00      80/80          sub_10068830() [369]
[553]    0.0    0.00    0.00      80         sub_10070260() [553]
                0.00    0.00      80/988         sub_1006ff00() [483]
-----------------------------------------------
                0.00    0.00      78/78          sub_100599b0() [218]
[554]    0.0    0.00    0.00      78         fpuinsns::fdivp80(double&) [554]
-----------------------------------------------
                0.00    0.00       1/76          sub_1000c600() [12]
                0.00    0.00       2/76          sub_10077ad0() [258]
                0.00    0.00      10/76          sub_1004b6f0() [99]
                0.00    0.00      23/76          sub_100041b0() [30]
                0.00    0.00      40/76          sub_1004fb80() [556]
[555]    0.0    0.00    0.00      76         sub_100c924a() [555]
-----------------------------------------------
                0.00    0.00      30/70          sub_1004fc00() [601]
                0.00    0.00      40/70          sub_1004fc90() [113]
[556]    0.0    0.00    0.00      70         sub_1004fb80() [556]
                0.00    0.00      40/76          sub_100c924a() [555]
-----------------------------------------------
                0.00    0.00      70/70          sub_10052440() [132]
[557]    0.0    0.00    0.00      70         sub_100520f0() [557]
-----------------------------------------------
                0.00    0.00      70/70          sub_10052440() [132]
[558]    0.0    0.00    0.00      70         sub_100521d0() [558]
-----------------------------------------------
                0.00    0.00       1/69          sub_1001d820() [760]
                0.00    0.00       1/69          sub_1001d850() [761]
                0.00    0.00       2/69          sub_1001d640() [735]
                0.00    0.00       4/69          sub_1001d7c0() [694]
                0.00    0.00       5/69          sub_1001d760() [686]
                0.00    0.00       5/69          sub_1001d7f0() [687]
                0.00    0.00       6/69          sub_1001d700() [678]
                0.00    0.00      20/69          sub_1001d580() [619]
                0.00    0.00      25/69          sub_1001d5e0() [609]
[559]    0.0    0.00    0.00      69         sub_10026fb0() [559]
-----------------------------------------------
                                 164             sub_10058480() <cycle 6> [560]
                                   1             sub_10062310() <cycle 6> [127]
                                   1             sub_1005a550() <cycle 6> [775]
                                   1             sub_10064090() <cycle 6> [262]
                                   4             sub_10064f10() <cycle 6> [147]
                                   5             sub_10062860() <cycle 6> [392]
                                   5             sub_1005a390() <cycle 6> [247]
                                   8             sub_10064ad0() <cycle 6> [669]
                                  10             sub_1005c800() <cycle 6> [652]
                                  30             sub_1005ce50() <cycle 6> [604]
                0.00    0.01       1/1           sub_1005f4c0() [93]
[560]    0.0    0.00    0.00      66+164     sub_10058480() <cycle 6> [560]
                                  30             sub_1005ce50() <cycle 6> [604]
                                  10             sub_1005c800() <cycle 6> [652]
                                   8             sub_10064ad0() <cycle 6> [669]
                                   5             sub_1005a390() <cycle 6> [247]
                                   5             sub_10062860() <cycle 6> [392]
                                   4             sub_10064f10() <cycle 6> [147]
                                   1             sub_10064090() <cycle 6> [262]
                                   1             sub_1005a550() <cycle 6> [775]
                                   1             sub_10062310() <cycle 6> [127]
                                 164             sub_10058480() <cycle 6> [560]
-----------------------------------------------
                0.00    0.00       6/66          sub_1006ee10() [789]
                0.00    0.00      24/66          sub_1006a010() [58]
                0.00    0.00      36/66          sub_1006dce0() [123]
[561]    0.0    0.00    0.00      66         sub_1006fab0() [561]
-----------------------------------------------
                0.00    0.00       4/56          sub_1006d250() [712]
                0.00    0.00       4/56          sub_1006d1a0() [711]
                0.00    0.00      24/56          sub_1006d140() [613]
                0.00    0.00      24/56          sub_1006a010() [58]
[562]    0.0    0.00    0.00      56         sub_1006f1a0() [562]
-----------------------------------------------
                0.00    0.00      18/54          sub_10007be0() [71]
                0.00    0.00      36/54          sub_100016e0() [50]
[563]    0.0    0.00    0.00      54         sub_10056ef0() [563]
                0.00    0.00     864/4506        sub_100ca3c0() [470]
-----------------------------------------------
                0.00    0.00      24/48          sub_1005fbc0() [610]
                0.00    0.00      24/48          sub_10060b40() [611]
[564]    0.0    0.00    0.00      48         sub_10058620() [564]
                0.00    0.00      48/20263       sub_100caaf0() [448]
-----------------------------------------------
                0.00    0.00      16/48          sub_10007be0() [71]
                0.00    0.00      32/48          sub_100016e0() [50]
[565]    0.0    0.00    0.00      48         sub_10064670() [565]
-----------------------------------------------
                0.00    0.00      16/48          sub_1006fa20() [634]
                0.00    0.00      32/48          sub_1006f980() [599]
[566]    0.0    0.00    0.00      48         sub_1006f1e0() [566]
-----------------------------------------------
                0.00    0.00      46/46          sub_10019620() [6]
[567]    0.0    0.00    0.00      46         sub_1003bd60() [567]
-----------------------------------------------
                0.00    0.00       1/46          sub_10007d90() [145]
                0.00    0.00       2/46          sub_10056550() [210]
                0.00    0.00       3/46          sub_10077ad0() [258]
                0.00    0.00       6/46          sub_10019620() [6]
                0.00    0.00       8/46          sub_1000a710() [5]
                0.00    0.00      26/46          sub_1000c600() [12]
[568]    0.0    0.00    0.00      46         sub_100c9ce7() [568]
-----------------------------------------------
                0.00    0.00      10/44          sub_10069830() [659]
                0.00    0.00      34/44          sub_100682c0() [594]
[569]    0.0    0.00    0.00      44         sub_10069030() [569]
-----------------------------------------------
                0.00    0.00       6/44          sub_1006e360() [606]
                0.00    0.00       6/44          sub_1006ed10() [788]
                0.00    0.00      32/44          sub_1006a4e0() [60]
[570]    0.0    0.00    0.00      44         sub_1006fad0() [570]
-----------------------------------------------
                0.00    0.00      14/42          sub_1004c2a0() [345]
                0.00    0.00      28/42          sub_1004c1f0() [636]
[571]    0.0    0.00    0.00      42         sub_1004c150() [571]
                0.00    0.00      49/21339       sub_100c9890() [446]
                0.00    0.00      35/35          sub_1004ba50() [593]
-----------------------------------------------
                0.00    0.00      42/42          sub_100599b0() [218]
[572]    0.0    0.00    0.00      42         sub_100ce5e8() [572]
-----------------------------------------------
                0.00    0.00      42/42          sub_100599b0() [218]
[573]    0.0    0.00    0.00      42         fpuinsns::fdivrpst(int) [573]
-----------------------------------------------
                0.00    0.00      40/40          sub_10055bd0() [51]
[574]    0.0    0.00    0.00      40         sub_10007b20() [574]
                0.00    0.00      40/40          sub_10036ac0() [575]
-----------------------------------------------
                0.00    0.00      40/40          sub_10007b20() [574]
[575]    0.0    0.00    0.00      40         sub_10036ac0() [575]
-----------------------------------------------
                0.00    0.00      40/40          sub_1004b6f0() [99]
[576]    0.0    0.00    0.00      40         sub_1004fae0() [576]
                0.00    0.00      40/130         sub_100ce243() [535]
                0.00    0.00      40/40          sub_10051bd0() [578]
-----------------------------------------------
                0.00    0.00      40/40          sub_1004b6f0() [99]
[577]    0.0    0.00    0.00      40         sub_1004fb30() [577]
                0.00    0.00      40/40          sub_10052090() [580]
-----------------------------------------------
                0.00    0.00      40/40          sub_1004fae0() [576]
[578]    0.0    0.00    0.00      40         sub_10051bd0() [578]
                0.00    0.00      40/130         sub_100ce243() [535]
-----------------------------------------------
                0.00    0.00      10/40          sub_1004fc90() [113]
                0.00    0.00      30/40          sub_1004fc00() [601]
[579]    0.0    0.00    0.00      40         sub_10051ff0() [579]
-----------------------------------------------
                0.00    0.00      40/40          sub_1004fb30() [577]
[580]    0.0    0.00    0.00      40         sub_10052090() [580]
-----------------------------------------------
                0.00    0.00       8/40          sub_1000bf80() <cycle 3> [305]
                0.00    0.00      32/40          sub_100ca661() <cycle 3> [96]
[581]    0.0    0.00    0.00      40         sub_10065780() [581]
                0.00    0.00      40/246         sub_10058870() [524]
                0.00    0.00      40/246         sub_10007190() [522]
-----------------------------------------------
                0.00    0.00      40/40          sub_10068250() [521]
[582]    0.0    0.00    0.00      40         sub_100682e0() [582]
                0.00    0.00      40/40          sub_10069080() [586]
-----------------------------------------------
                0.00    0.00      40/40          sub_10068250() [521]
[583]    0.0    0.00    0.00      40         sub_10068320() [583]
                0.00    0.00      40/40          sub_10069100() [587]
-----------------------------------------------
                0.00    0.00      40/40          sub_10068250() [521]
[584]    0.0    0.00    0.00      40         sub_10068360() [584]
                0.00    0.00      40/40          sub_10069170() [588]
-----------------------------------------------
                0.00    0.00      40/40          sub_10068250() [521]
[585]    0.0    0.00    0.00      40         sub_10068380() [585]
                0.00    0.00      40/40          sub_100691c0() [589]
-----------------------------------------------
                0.00    0.00      40/40          sub_100682e0() [582]
[586]    0.0    0.00    0.00      40         sub_10069080() [586]
                0.00    0.00      40/4506        sub_100ca3c0() [470]
-----------------------------------------------
                0.00    0.00      40/40          sub_10068320() [583]
[587]    0.0    0.00    0.00      40         sub_10069100() [587]
-----------------------------------------------
                0.00    0.00      40/40          sub_10068360() [584]
[588]    0.0    0.00    0.00      40         sub_10069170() [588]
-----------------------------------------------
                0.00    0.00      40/40          sub_10068380() [585]
[589]    0.0    0.00    0.00      40         sub_100691c0() [589]
-----------------------------------------------
                0.00    0.00       2/40          sub_10068960() [780]
                0.00    0.00       2/40          sub_1006bc90() [784]
                0.00    0.00      36/40          sub_1006a4e0() [60]
[590]    0.0    0.00    0.00      40         sub_1006d7c0() [590]
                0.00    0.00      80/20263       sub_100caaf0() [448]
-----------------------------------------------
                0.00    0.00      12/36          sub_10058970() [501]
                0.00    0.00      12/36          sub_10064dc0() [360]
                0.00    0.00      12/36          sub_10066c80() [351]
[591]    0.0    0.00    0.00      36         sub_10069a90() [591]
-----------------------------------------------
                0.00    0.00      35/35          sub_1004ba50() [593]
[592]    0.0    0.00    0.00      35         sub_1004ba00() [592]
-----------------------------------------------
                0.00    0.00      35/35          sub_1004c150() [571]
[593]    0.0    0.00    0.00      35         sub_1004ba50() [593]
                0.00    0.00      35/35          sub_1004ba00() [592]
-----------------------------------------------
                0.00    0.00      34/34          sub_10068250() [521]
[594]    0.0    0.00    0.00      34         sub_100682c0() [594]
                0.00    0.00      34/44          sub_10069030() [569]
-----------------------------------------------
                0.00    0.00      34/34          sub_10068250() [521]
[595]    0.0    0.00    0.00      34         sub_10068300() [595]
                0.00    0.00      34/34          sub_100690d0() [597]
-----------------------------------------------
                0.00    0.00      34/34          sub_10068250() [521]
[596]    0.0    0.00    0.00      34         sub_10068340() [596]
                0.00    0.00      34/34          sub_10069130() [598]
-----------------------------------------------
                0.00    0.00      34/34          sub_10068300() [595]
[597]    0.0    0.00    0.00      34         sub_100690d0() [597]
-----------------------------------------------
                0.00    0.00      34/34          sub_10068340() [596]
[598]    0.0    0.00    0.00      34         sub_10069130() [598]
-----------------------------------------------
                0.00    0.00      16/32          sub_1006cc20() [633]
                0.00    0.00      16/32          sub_1006a4e0() [60]
[599]    0.0    0.00    0.00      32         sub_1006f980() [599]
                0.00    0.00      32/48          sub_1006f1e0() [566]
-----------------------------------------------
                0.00    0.00       4/31          kernel32::CreateFileA() [217]
                0.00    0.00      27/31          kernel32::FindFirstFileA() [187]
[600]    0.0    0.00    0.00      31         kernel32::vfsTranslate(std::__cxx11::basic_string<char, std::char_traits<char>, std::allocator<char> > const&) [600]
-----------------------------------------------
                0.00    0.00      30/30          sub_1004b6f0() [99]
[601]    0.0    0.00    0.00      30         sub_1004fc00() [601]
                0.00    0.00      30/70          sub_1004fb80() [556]
                0.00    0.00      30/30          sub_10052350() [602]
                0.00    0.00      30/40          sub_10051ff0() [579]
-----------------------------------------------
                0.00    0.00      30/30          sub_1004fc00() [601]
[602]    0.0    0.00    0.00      30         sub_10052350() [602]
-----------------------------------------------
                0.00    0.00      30/30          sub_100584c0() <cycle 5> [640]
[603]    0.0    0.00    0.00      30         sub_1005cdf0() [603]
                0.00    0.00      30/29332       sub_100c8749() [440]
-----------------------------------------------
                                  30             sub_10058480() <cycle 6> [560]
[604]    0.0    0.00    0.00      30         sub_1005ce50() <cycle 6> [604]
                0.00    0.00      60/41820       sub_10007230() [436]
                                  30             sub_10058480() <cycle 6> [560]
-----------------------------------------------
                0.00    0.00      10/30          sub_10069830() [659]
                0.00    0.00      20/30          sub_10068200() [621]
[605]    0.0    0.00    0.00      30         sub_10069750() [605]
                0.00    0.00      60/80          sub_10069c30() [552]
                0.00    0.00      30/4506        sub_100ca3c0() [470]
-----------------------------------------------
                0.00    0.00       2/30          sub_1006ed10() [788]
                0.00    0.00       4/30          sub_1006e770() [713]
                0.00    0.00       4/30          sub_1006e820() [747]
                0.00    0.00       5/30          sub_1006ee10() [789]
                0.00    0.00       7/30          sub_1006e8f0() [677]
                0.00    0.00       8/30          sub_1006e990() [714]
[606]    0.0    0.00    0.00      30         sub_1006e360() [606]
                0.00    0.00     228/20263       sub_100caaf0() [448]
                0.00    0.00     110/926         sub_100ca3f6() [486]
                0.00    0.00      12/144         sub_1006df10() [534]
                0.00    0.00       6/332         sub_1006fb40() [517]
                0.00    0.00       6/44          sub_1006fad0() [570]
-----------------------------------------------
                0.00    0.00      28/28          sub_10007620() [543]
[607]    0.0    0.00    0.00      28         sub_10037010() [607]
                0.00    0.00      28/28          sub_10071e20() [608]
-----------------------------------------------
                0.00    0.00      28/28          sub_10037010() [607]
[608]    0.0    0.00    0.00      28         sub_10071e20() [608]
-----------------------------------------------
                0.00    0.00      25/25          sub_10007430() [285]
[609]    0.0    0.00    0.00      25         sub_1001d5e0() [609]
                0.00    0.00      25/69          sub_10026fb0() [559]
-----------------------------------------------
                0.00    0.00       8/24          sub_10007be0() [71]
                0.00    0.00      16/24          sub_100016e0() [50]
[610]    0.0    0.00    0.00      24         sub_1005fbc0() [610]
                0.00    0.00      24/48          sub_10058620() [564]
-----------------------------------------------
                0.00    0.00       8/24          sub_10007be0() [71]
                0.00    0.00      16/24          sub_100016e0() [50]
[611]    0.0    0.00    0.00      24         sub_10060b40() [611]
                0.00    0.00      24/48          sub_10058620() [564]
-----------------------------------------------
                0.00    0.00       8/24          sub_10064b00() <cycle 2> [670]
                0.00    0.00       8/24          sub_10064c50() [342]
                0.00    0.00       8/24          sub_10064ad0() <cycle 6> [669]
[612]    0.0    0.00    0.00      24         sub_10064b20() [612]
-----------------------------------------------
                0.00    0.00      24/24          sub_1006a010() [58]
[613]    0.0    0.00    0.00      24         sub_1006d140() [613]
                0.00    0.00      24/56          sub_1006f1a0() [562]
-----------------------------------------------
                0.00    0.00      24/24          frame_dummy [428]
[614]    0.0    0.00    0.00      24         push32(unsigned int) [614]
-----------------------------------------------
                0.00    0.00      22/22          sub_10004000() [109]
[615]    0.0    0.00    0.00      22         sub_10049a60() [615]
                0.00    0.00     100/53912       sub_100c9f1a() [435]
-----------------------------------------------
                0.00    0.00       1/22          sub_1004b200() [766]
                0.00    0.00       1/22          sub_10056550() [210]
                0.00    0.00       4/22          sub_10065e70() <cycle 3> [350]
                0.00    0.00       8/22          sub_10064c50() [342]
                0.00    0.00       8/22          sub_10009970() [26]
[616]    0.0    0.00    0.00      22         sub_100ca6c6() [616]
-----------------------------------------------
                0.00    0.00      21/21          sub_10057810() [545]
[617]    0.0    0.00    0.00      21         sub_1001bf10() [617]
                0.00    0.00      21/507         sub_77778888() [500]
-----------------------------------------------
                0.00    0.00       6/21          sub_10019620() [6]
                0.00    0.00       7/21          sub_10077ad0() [258]
                0.00    0.00       8/21          sub_1000a710() [5]
[618]    0.0    0.00    0.00      21         sub_100ca480() [618]
-----------------------------------------------
                0.00    0.00      20/20          sub_10005150() [286]
[619]    0.0    0.00    0.00      20         sub_1001d580() [619]
                0.00    0.00      20/69          sub_10026fb0() [559]
-----------------------------------------------
                0.00    0.00      10/20          sub_100523c0() [647]
                0.00    0.00      10/20          sub_1004fc40() [646]
[620]    0.0    0.00    0.00      20         sub_10052010() [620]
-----------------------------------------------
                0.00    0.00      10/20          sub_1005cae0() [654]
                0.00    0.00      10/20          sub_1005c800() <cycle 6> [652]
[621]    0.0    0.00    0.00      20         sub_10068200() [621]
                0.00    0.00      20/30          sub_10069750() [605]
-----------------------------------------------
                0.00    0.00      20/20          sub_10069e40() [624]
[622]    0.0    0.00    0.00      20         sub_10069cc0() [622]
-----------------------------------------------
                0.00    0.00      20/20          sub_10069830() [659]
[623]    0.0    0.00    0.00      20         sub_10069da0() [623]
-----------------------------------------------
                0.00    0.00      20/20          sub_10069830() [659]
[624]    0.0    0.00    0.00      20         sub_10069e40() [624]
                0.00    0.00      20/80          sub_10069c30() [552]
                0.00    0.00      20/20          sub_10069cc0() [622]
-----------------------------------------------
                0.00    0.00       4/20          sub_1006c1c0() [89]
                0.00    0.00      16/20          sub_1006cc20() [633]
[625]    0.0    0.00    0.00      20         sub_1006f1d0() [625]
-----------------------------------------------
                0.00    0.00      19/19          sub_100574c0() [627]
[626]    0.0    0.00    0.00      19         sub_10056db0() [626]
-----------------------------------------------
                0.00    0.00       1/19          sub_10009760() [219]
                0.00    0.00      18/19          sub_100ca661() <cycle 3> [96]
[627]    0.0    0.00    0.00      19         sub_100574c0() [627]
                0.00    0.00     304/4506        sub_100ca3c0() [470]
                0.00    0.00      19/246         sub_10058870() [524]
                0.00    0.00      19/246         sub_10007190() [522]
                0.00    0.00      19/19          sub_10056db0() [626]
-----------------------------------------------
                0.00    0.00      18/18          sub_1001a530() [137]
[628]    0.0    0.00    0.00      18         sub_10065870() [628]
-----------------------------------------------
                0.00    0.00      18/18          sub_1006a4e0() [60]
[629]    0.0    0.00    0.00      18         sub_1006d6f0() [629]
                0.00    0.00      36/926         sub_100ca3f6() [486]
-----------------------------------------------
                0.00    0.00      18/18          indirectCall(int, int, int, int) [151]
[630]    0.0    0.00    0.00      18         kernel32::GetProcAddress() [630]
-----------------------------------------------
                0.00    0.00       2/17          sub_1004b690() [384]
                0.00    0.00       3/17          sub_10007d90() [145]
                0.00    0.00       3/17          sub_1000c600() [12]
                0.00    0.00       9/17          sub_10019620() [6]
[631]    0.0    0.00    0.00      17         sub_100c9860() [631]
-----------------------------------------------
                0.00    0.00      17/17          sub_100599b0() [218]
[632]    0.0    0.00    0.00      17         fpuinsns::fsqrt() [632]
-----------------------------------------------
                0.00    0.00       4/16          sub_1006d250() [712]
                0.00    0.00       6/16          sub_1006d160() [683]
                0.00    0.00       6/16          sub_1006d180() [684]
[633]    0.0    0.00    0.00      16         sub_1006cc20() [633]
                0.00    0.00      16/20          sub_1006f1d0() [625]
                0.00    0.00      16/32          sub_1006f980() [599]
-----------------------------------------------
                0.00    0.00      16/16          sub_1006a4e0() [60]
[634]    0.0    0.00    0.00      16         sub_1006fa20() [634]
                0.00    0.00      16/48          sub_1006f1e0() [566]
-----------------------------------------------
                0.00    0.00      15/15          sub_1006a4e0() [60]
[635]    0.0    0.00    0.00      15         sub_100cd50a() [635]
-----------------------------------------------
                0.00    0.00      14/14          sub_1004c2a0() [345]
[636]    0.0    0.00    0.00      14         sub_1004c1f0() [636]
                0.00    0.00      28/42          sub_1004c150() [571]
-----------------------------------------------
                0.00    0.00       4/12          sub_10007be0() [71]
                0.00    0.00       8/12          sub_100016e0() [50]
[637]    0.0    0.00    0.00      12         sub_10055430() [637]
-----------------------------------------------
                0.00    0.00      12/12          sub_10001670() [389]
[638]    0.0    0.00    0.00      12         sub_10055480() [638]
-----------------------------------------------
                0.00    0.00      12/12          sub_10004bc0() [138]
[639]    0.0    0.00    0.00      12         sub_10058050() [639]
-----------------------------------------------
                                 188             sub_100584c0() <cycle 5> [640]
                                   1             sub_10062390() <cycle 5> [368]
                                  10             sub_1005c860() <cycle 5> [653]
                0.00    0.00       1/1           sub_1005f520() [367]
[640]    0.0    0.00    0.00      12+188     sub_100584c0() <cycle 5> [640]
                0.00    0.00      30/30          sub_1005cdf0() [603]
                                  10             sub_1005c860() <cycle 5> [653]
                                   1             sub_10062390() <cycle 5> [368]
                                 188             sub_100584c0() <cycle 5> [640]
-----------------------------------------------
                0.00    0.00       4/12          sub_10007be0() [71]
                0.00    0.00       8/12          sub_100016e0() [50]
[641]    0.0    0.00    0.00      12         sub_10066d40() [641]
-----------------------------------------------
                0.00    0.00       4/12          sub_10068830() [369]
                0.00    0.00       4/12          sub_10068810() [128]
                0.00    0.00       4/12          sub_1006a370() [129]
[642]    0.0    0.00    0.00      12         sub_1006cc10() [642]
-----------------------------------------------
                0.00    0.00       1/10          sub_10003dd0() [324]
                0.00    0.00       1/10          sub_10007d90() [145]
                0.00    0.00       1/10          sub_10008670() [152]
                0.00    0.00       1/10          sub_10073330() [63]
                0.00    0.00       1/10          sub_1000c600() [12]
                0.00    0.00       2/10          sub_100078b0() [353]
                0.00    0.00       3/10          sub_10019620() [6]
[643]    0.0    0.00    0.00      10         sub_10049d80() [643]
-----------------------------------------------
                0.00    0.00       1/10          sub_10007d90() [145]
                0.00    0.00       9/10          sub_1000c600() [12]
[644]    0.0    0.00    0.00      10         sub_1004b6d0() [644]
-----------------------------------------------
                0.00    0.00       1/10          sub_10007d90() [145]
                0.00    0.00       9/10          sub_1000c600() [12]
[645]    0.0    0.00    0.00      10         sub_1004b950() [645]
-----------------------------------------------
                0.00    0.00      10/10          sub_1004b6f0() [99]
[646]    0.0    0.00    0.00      10         sub_1004fc40() [646]
                0.00    0.00      10/20          sub_10052010() [620]
                0.00    0.00      10/10          sub_100523c0() [647]
-----------------------------------------------
                0.00    0.00      10/10          sub_1004fc40() [646]
[647]    0.0    0.00    0.00      10         sub_100523c0() [647]
                0.00    0.00      10/20          sub_10052010() [620]
-----------------------------------------------
                0.00    0.00      10/10          sub_100076c0() <cycle 3> [284]
[648]    0.0    0.00    0.00      10         sub_10059060() [648]
                0.00    0.00    2410/20263       sub_100caaf0() [448]
                0.00    0.00      10/246         sub_10058870() [524]
                0.00    0.00      10/246         sub_10007190() [522]
                0.00    0.00      10/1092        sub_10058230() [481]
-----------------------------------------------
                0.00    0.00      10/10          sub_100076c0() <cycle 3> [284]
[649]    0.0    0.00    0.00      10         sub_100597a0() [649]
                0.00    0.00      10/246         sub_10058870() [524]
                0.00    0.00      10/246         sub_10007190() [522]
-----------------------------------------------
                0.00    0.00      10/10          sub_100076c0() <cycle 3> [284]
[650]    0.0    0.00    0.00      10         sub_1005b750() [650]
                0.00    0.00      10/246         sub_10058870() [524]
                0.00    0.00      10/246         sub_10007190() [522]
-----------------------------------------------
                0.00    0.00      10/10          sub_1005c6c0() [312]
[651]    0.0    0.00    0.00      10         sub_1005c280() [651]
-----------------------------------------------
                                  10             sub_10058480() <cycle 6> [560]
[652]    0.0    0.00    0.00      10         sub_1005c800() <cycle 6> [652]
                0.00    0.00      20/41820       sub_10007230() [436]
                0.00    0.00      10/20          sub_10068200() [621]
                                  10             sub_10058480() <cycle 6> [560]
-----------------------------------------------
                                  10             sub_100584c0() <cycle 5> [640]
[653]    0.0    0.00    0.00      10         sub_1005c860() <cycle 5> [653]
                0.00    0.00      10/41820       sub_10007230() [436]
                                  10             sub_100584c0() <cycle 5> [640]
-----------------------------------------------
                0.00    0.00      10/10          sub_100076c0() <cycle 3> [284]
[654]    0.0    0.00    0.00      10         sub_1005cae0() [654]
                0.00    0.00      70/262         sub_10068250() [521]
                0.00    0.00      70/41820       sub_10007230() [436]
                0.00    0.00      10/246         sub_10058870() [524]
                0.00    0.00      10/246         sub_10007190() [522]
                0.00    0.00      10/10          sub_100684e0() [658]
                0.00    0.00      10/10          sub_10068230() [656]
                0.00    0.00      10/20          sub_10068200() [621]
-----------------------------------------------
                0.00    0.00      10/10          sub_1005f0b0() [337]
[655]    0.0    0.00    0.00      10         sub_1005ea40() [655]
-----------------------------------------------
                0.00    0.00      10/10          sub_1005cae0() [654]
[656]    0.0    0.00    0.00      10         sub_10068230() [656]
-----------------------------------------------
                0.00    0.00      10/10          sub_100684e0() [658]
[657]    0.0    0.00    0.00      10         sub_10068430() [657]
                0.00    0.00      10/10          sub_100699a0() [660]
-----------------------------------------------
                0.00    0.00      10/10          sub_1005cae0() [654]
[658]    0.0    0.00    0.00      10         sub_100684e0() [658]
                0.00    0.00      10/29332       sub_100c8749() [440]
                0.00    0.00      10/10          sub_10068430() [657]
-----------------------------------------------
                0.00    0.00      10/10          sub_100699a0() [660]
[659]    0.0    0.00    0.00      10         sub_10069830() [659]
                0.00    0.00      20/20          sub_10069e40() [624]
                0.00    0.00      20/20          sub_10069da0() [623]
                0.00    0.00      10/30          sub_10069750() [605]
                0.00    0.00      10/44          sub_10069030() [569]
-----------------------------------------------
                0.00    0.00      10/10          sub_10068430() [657]
[660]    0.0    0.00    0.00      10         sub_100699a0() [660]
                0.00    0.00      10/29332       sub_100c8749() [440]
                0.00    0.00      10/10          sub_10069830() [659]
-----------------------------------------------
                0.00    0.00       1/9           sub_10007be0() [71]
                0.00    0.00       8/9           sub_100608b0() [340]
[661]    0.0    0.00    0.00       9         sub_100071e0() [661]
-----------------------------------------------
                0.00    0.00       4/9           sub_10004fe0() [752]
                0.00    0.00       5/9           sub_10004bc0() [138]
[662]    0.0    0.00    0.00       9         sub_1001b220() [662]
                0.00    0.00       2/2           sub_10065910() [742]
-----------------------------------------------
                                 221             sub_10058500() <cycle 2> [663]
                                   8             sub_10064b00() <cycle 2> [670]
                0.00    0.00       1/1           sub_10056390() [772]
[663]    0.0    0.00    0.00       9+221     sub_10058500() <cycle 2> [663]
                                   8             sub_10064b00() <cycle 2> [670]
                                 221             sub_10058500() <cycle 2> [663]
-----------------------------------------------
                0.00    0.00       1/8           sub_100e45f0() [794]
                0.00    0.00       1/8           sub_100e4610() [795]
                0.00    0.00       1/8           sub_100e4630() [796]
                0.00    0.00       1/8           sub_100e4650() [797]
                0.00    0.00       1/8           sub_100e4670() [798]
                0.00    0.00       1/8           sub_100e4690() [799]
                0.00    0.00       1/8           sub_100e46b0() [800]
                0.00    0.00       1/8           sub_100e4ef0() [846]
[664]    0.0    0.00    0.00       8         sub_100044e0() [664]
-----------------------------------------------
                0.00    0.00       8/8           sub_1000c600() [12]
[665]    0.0    0.00    0.00       8         sub_1004c430() [665]
-----------------------------------------------
                0.00    0.00       8/8           sub_10064a10() [667]
[666]    0.0    0.00    0.00       8         sub_10058340() [666]
-----------------------------------------------
                0.00    0.00       8/8           sub_10064c50() [342]
[667]    0.0    0.00    0.00       8         sub_10064a10() [667]
                0.00    0.00       8/8           sub_10058340() [666]
-----------------------------------------------
                                   8             sub_10058690() <cycle 4> [125]
[668]    0.0    0.00    0.00       8         sub_10064a70() <cycle 4> [668]
                0.00    0.00       8/29332       sub_100c8749() [440]
                                   8             sub_10058690() <cycle 4> [125]
-----------------------------------------------
                                   8             sub_10058480() <cycle 6> [560]
[669]    0.0    0.00    0.00       8         sub_10064ad0() <cycle 6> [669]
                0.00    0.00       8/24          sub_10064b20() [612]
                                   8             sub_10058480() <cycle 6> [560]
-----------------------------------------------
                                   8             sub_10058500() <cycle 2> [663]
[670]    0.0    0.00    0.00       8         sub_10064b00() <cycle 2> [670]
                0.00    0.00       8/24          sub_10064b20() [612]
                                   8             sub_10058500() <cycle 2> [663]
-----------------------------------------------
                0.00    0.00       4/8           sub_1006d250() [712]
                0.00    0.00       4/8           sub_1006d1a0() [711]
[671]    0.0    0.00    0.00       8         sub_1006cc80() [671]
-----------------------------------------------
                0.00    0.00       4/8           sub_1006d250() [712]
                0.00    0.00       4/8           sub_1006c600() [45]
[672]    0.0    0.00    0.00       8         sub_1006f930() [672]
-----------------------------------------------
                0.00    0.00       8/8           sub_10019620() [6]
[673]    0.0    0.00    0.00       8         sub_100ca881() [673]
-----------------------------------------------
                0.00    0.00       8/8           sub_100599b0() [218]
[674]    0.0    0.00    0.00       8         fpuinsns::fmulst2(int, int) [674]
-----------------------------------------------
                0.00    0.00       3/7           sub_1001d3a0() [717]
                0.00    0.00       4/7           sub_1001d160() [693]
[675]    0.0    0.00    0.00       7         sub_10026b60() [675]
-----------------------------------------------
                0.00    0.00       1/7           sub_1006bf90() [176]
                0.00    0.00       1/7           sub_1006c600() [45]
                0.00    0.00       2/7           sub_100689e0() [181]
                0.00    0.00       3/7           sub_1006be50() [61]
[676]    0.0    0.00    0.00       7         sub_1006a220() [676]
                0.00    0.00      84/144         sub_1006df10() [534]
-----------------------------------------------
                0.00    0.00       1/7           sub_1006c600() [45]
                0.00    0.00       6/7           sub_1006bc30() [153]
[677]    0.0    0.00    0.00       7         sub_1006e8f0() [677]
                0.00    0.00       7/30          sub_1006e360() [606]
-----------------------------------------------
                0.00    0.00       6/6           sub_10007490() [328]
[678]    0.0    0.00    0.00       6         sub_1001d700() [678]
                0.00    0.00       6/69          sub_10026fb0() [559]
-----------------------------------------------
                0.00    0.00       6/6           sub_10052ec0() [722]
[679]    0.0    0.00    0.00       6         sub_10054730() [679]
-----------------------------------------------
                0.00    0.00       6/6           sub_1001a530() [137]
[680]    0.0    0.00    0.00       6         sub_10057150() [680]
-----------------------------------------------
                0.00    0.00       6/6           sub_1001a530() [137]
[681]    0.0    0.00    0.00       6         sub_10064b80() [681]
-----------------------------------------------
                0.00    0.00       6/6           sub_1006a010() [58]
[682]    0.0    0.00    0.00       6         sub_10069ee0() [682]
-----------------------------------------------
                0.00    0.00       2/6           sub_10068810() [128]
                0.00    0.00       2/6           sub_1006a370() [129]
                0.00    0.00       2/6           sub_1006c1c0() [89]
[683]    0.0    0.00    0.00       6         sub_1006d160() [683]
                0.00    0.00       6/16          sub_1006cc20() [633]
-----------------------------------------------
                0.00    0.00       2/6           sub_10068810() [128]
                0.00    0.00       2/6           sub_1006a370() [129]
                0.00    0.00       2/6           sub_1006c1c0() [89]
[684]    0.0    0.00    0.00       6         sub_1006d180() [684]
                0.00    0.00       6/16          sub_1006cc20() [633]
-----------------------------------------------
                0.00    0.00       5/5           sub_1001a530() [137]
[685]    0.0    0.00    0.00       5         sub_10019e80() [685]
-----------------------------------------------
                0.00    0.00       5/5           sub_100074f0() [232]
[686]    0.0    0.00    0.00       5         sub_1001d760() [686]
                0.00    0.00       5/69          sub_10026fb0() [559]
-----------------------------------------------
                0.00    0.00       5/5           sub_1000c580() [87]
[687]    0.0    0.00    0.00       5         sub_1001d7f0() [687]
                0.00    0.00       5/69          sub_10026fb0() [559]
-----------------------------------------------
                0.00    0.00       5/5           sub_10050850() [180]
[688]    0.0    0.00    0.00       5         sub_1004e300() [688]
-----------------------------------------------
                                   1             sub_1004d750() <cycle 1> [491]
                                   4             sub_1004d820() <cycle 1> [494]
[689]    0.0    0.00    0.00       5         sub_1004e340() <cycle 1> [689]
                                   5             sub_1004d750() <cycle 1> [491]
-----------------------------------------------
                0.00    0.00       5/5           loadOverlay(char const*, int) [48]
[690]    0.0    0.00    0.00       5         GetFileContents(std::__cxx11::basic_string<char, std::char_traits<char>, std::allocator<char> >) [690]
-----------------------------------------------
                                   4             sub_100ca661() <cycle 3> [96]
[691]    0.0    0.00    0.00       4         sub_10009670() <cycle 3> [691]
                                   8             sub_100ca661() <cycle 3> [96]
-----------------------------------------------
                0.00    0.00       1/4           sub_10015070() [11]
                0.00    0.00       3/4           sub_10019620() [6]
[692]    0.0    0.00    0.00       4         sub_1000c430() [692]
-----------------------------------------------
                0.00    0.00       4/4           sub_1000c600() [12]
[693]    0.0    0.00    0.00       4         sub_1001d160() [693]
                0.00    0.00       4/7           sub_10026b60() [675]
-----------------------------------------------
                0.00    0.00       4/4           sub_1000b930() [90]
[694]    0.0    0.00    0.00       4         sub_1001d7c0() [694]
                0.00    0.00       4/69          sub_10026fb0() [559]
-----------------------------------------------
                0.00    0.00       4/4           sub_10025c00() [314]
[695]    0.0    0.00    0.00       4         sub_10022be0() [695]
-----------------------------------------------
                0.00    0.00       4/4           sub_1004a6d0() [386]
[696]    0.0    0.00    0.00       4         sub_10049e10() [696]
-----------------------------------------------
                0.00    0.00       1/4           sub_100016e0() [50]
                0.00    0.00       1/4           sub_10007be0() [71]
                0.00    0.00       2/4           sub_1000a710() [5]
[697]    0.0    0.00    0.00       4         sub_100557c0() [697]
-----------------------------------------------
                0.00    0.00       4/4           sub_1001c7f0() [14]
[698]    0.0    0.00    0.00       4         sub_10055f40() [698]
                0.00    0.00       4/4           sub_10067eb0() [705]
                0.00    0.00       4/4           sub_10067e60() [704]
                0.00    0.00       4/4506        sub_100ca3c0() [470]
-----------------------------------------------
                0.00    0.00       4/4           sub_10004fe0() [752]
[699]    0.0    0.00    0.00       4         sub_10057ea0() [699]
-----------------------------------------------
                0.00    0.00       4/4           sub_1001a530() [137]
[700]    0.0    0.00    0.00       4         sub_1005f790() [700]
-----------------------------------------------
                0.00    0.00       4/4           sub_1001a530() [137]
[701]    0.0    0.00    0.00       4         sub_10060af0() [701]
-----------------------------------------------
                0.00    0.00       4/4           sub_10061c80() [362]
[702]    0.0    0.00    0.00       4         sub_10061120() [702]
-----------------------------------------------
                0.00    0.00       4/4           sub_1000bf80() <cycle 3> [305]
[703]    0.0    0.00    0.00       4         sub_10064570() [703]
                0.00    0.00       4/246         sub_10058870() [524]
                0.00    0.00       4/246         sub_10007190() [522]
-----------------------------------------------
                0.00    0.00       4/4           sub_10055f40() [698]
[704]    0.0    0.00    0.00       4         sub_10067e60() [704]
-----------------------------------------------
                0.00    0.00       4/4           sub_10055f40() [698]
[705]    0.0    0.00    0.00       4         sub_10067eb0() [705]
-----------------------------------------------
                0.00    0.00       4/4           sub_10055810() [136]
[706]    0.0    0.00    0.00       4         sub_10067ef0() [706]
-----------------------------------------------
                0.00    0.00       2/4           sub_10068a30() [182]
                0.00    0.00       2/4           sub_10068ac0() [183]
[707]    0.0    0.00    0.00       4         sub_1006a2f0() [707]
-----------------------------------------------
                0.00    0.00       2/4           sub_10068a30() [182]
                0.00    0.00       2/4           sub_10068ac0() [183]
[708]    0.0    0.00    0.00       4         sub_1006a320() [708]
-----------------------------------------------
                0.00    0.00       4/4           sub_100686f0() [159]
[709]    0.0    0.00    0.00       4         sub_1006a450() [709]
-----------------------------------------------
                0.00    0.00       4/4           sub_100686f0() [159]
[710]    0.0    0.00    0.00       4         sub_1006a490() [710]
-----------------------------------------------
                0.00    0.00       4/4           sub_10068830() [369]
[711]    0.0    0.00    0.00       4         sub_1006d1a0() [711]
                0.00    0.00       8/29332       sub_100c8749() [440]
                0.00    0.00       4/926         sub_100ca3f6() [486]
                0.00    0.00       4/8           sub_1006cc80() [671]
                0.00    0.00       4/56          sub_1006f1a0() [562]
-----------------------------------------------
                0.00    0.00       4/4           sub_1006c600() [45]
[712]    0.0    0.00    0.00       4         sub_1006d250() [712]
                0.00    0.00       4/29332       sub_100c8749() [440]
                0.00    0.00       4/8           sub_1006f930() [672]
                0.00    0.00       4/56          sub_1006f1a0() [562]
                0.00    0.00       4/8           sub_1006cc80() [671]
                0.00    0.00       4/16          sub_1006cc20() [633]
-----------------------------------------------
                0.00    0.00       1/4           sub_1006c600() [45]
                0.00    0.00       3/4           sub_1006a130() [731]
[713]    0.0    0.00    0.00       4         sub_1006e770() [713]
                0.00    0.00       4/30          sub_1006e360() [606]
-----------------------------------------------
                0.00    0.00       1/4           sub_1006ee10() [789]
                0.00    0.00       3/4           sub_1006be50() [61]
[714]    0.0    0.00    0.00       4         sub_1006e990() [714]
                0.00    0.00      48/144         sub_1006df10() [534]
                0.00    0.00       8/30          sub_1006e360() [606]
-----------------------------------------------
                0.00    0.00       4/4           indirectCall(int, int, int, int) [151]
[715]    0.0    0.00    0.00       4         kernel32::CloseHandle() [715]
-----------------------------------------------
                0.00    0.00       3/3           sub_10004bc0() [138]
[716]    0.0    0.00    0.00       3         sub_10019eb0() [716]
-----------------------------------------------
                0.00    0.00       1/3           sub_100370b0() [62]
                0.00    0.00       2/3           sub_1000a710() [5]
[717]    0.0    0.00    0.00       3         sub_1001d3a0() [717]
                0.00    0.00       3/7           sub_10026b60() [675]
-----------------------------------------------
                0.00    0.00       1/3           sub_10007d90() [145]
                0.00    0.00       1/3           sub_1007a4b0() [64]
                0.00    0.00       1/3           sub_1000c600() [12]
[718]    0.0    0.00    0.00       3         sub_10049ed0() [718]
-----------------------------------------------
                0.00    0.00       1/3           sub_10009970() [26]
                0.00    0.00       2/3           sub_1004b690() [384]
[719]    0.0    0.00    0.00       3         sub_1004c330() [719]
-----------------------------------------------
                0.00    0.00       3/3           sub_10052ce0() [721]
[720]    0.0    0.00    0.00       3         sub_10052c90() [720]
-----------------------------------------------
                0.00    0.00       3/3           sub_1004a6d0() [386]
[721]    0.0    0.00    0.00       3         sub_10052ce0() [721]
                0.00    0.00       3/3           sub_10052c90() [720]
                0.00    0.00       3/3           sub_100542a0() [724]
-----------------------------------------------
                0.00    0.00       3/3           sub_1004a6d0() [386]
[722]    0.0    0.00    0.00       3         sub_10052ec0() [722]
                0.00    0.00       6/6           sub_10054730() [679]
                0.00    0.00       3/3           sub_100542d0() [726]
-----------------------------------------------
                0.00    0.00       3/3           sub_1004a6d0() [386]
[723]    0.0    0.00    0.00       3         sub_10054250() [723]
                0.00    0.00       3/3           sub_100542c0() [725]
-----------------------------------------------
                0.00    0.00       3/3           sub_10052ce0() [721]
[724]    0.0    0.00    0.00       3         sub_100542a0() [724]
                0.00    0.00       3/29332       sub_100c8749() [440]
-----------------------------------------------
                0.00    0.00       3/3           sub_10054250() [723]
[725]    0.0    0.00    0.00       3         sub_100542c0() [725]
-----------------------------------------------
                0.00    0.00       3/3           sub_10052ec0() [722]
[726]    0.0    0.00    0.00       3         sub_100542d0() [726]
-----------------------------------------------
                0.00    0.00       3/3           sub_10019620() [6]
[727]    0.0    0.00    0.00       3         sub_1005f300() [727]
-----------------------------------------------
                0.00    0.00       1/3           sub_10007be0() [71]
                0.00    0.00       2/3           sub_100016e0() [50]
[728]    0.0    0.00    0.00       3         sub_10064410() [728]
-----------------------------------------------
                0.00    0.00       3/3           sub_1001a530() [137]
[729]    0.0    0.00    0.00       3         sub_10065680() [729]
-----------------------------------------------
                0.00    0.00       3/3           sub_1001a530() [137]
[730]    0.0    0.00    0.00       3         sub_10067860() [730]
-----------------------------------------------
                0.00    0.00       3/3           sub_1006be50() [61]
[731]    0.0    0.00    0.00       3         sub_1006a130() [731]
                0.00    0.00       3/4           sub_1006e770() [713]
-----------------------------------------------
                0.00    0.00       1/3           sub_110015fc() [413]
                0.00    0.00       2/3           sub_110018d0() [385]
[732]    0.0    0.00    0.00       3         sub_11005ea6() [732]
                0.00    0.00     938/938         sub_1100112d() [485]
                0.00    0.00       2/2           sub_11005e70() [749]
-----------------------------------------------
                0.00    0.00       3/3           indirectCall(int, int, int, int) [151]
[733]    0.0    0.00    0.00       3         kernel32::GetFileSize() [733]
-----------------------------------------------
                0.00    0.00       2/2           sub_1000a710() [5]
[734]    0.0    0.00    0.00       2         sub_10007b40() [734]
-----------------------------------------------
                0.00    0.00       2/2           sub_10009270() [271]
[735]    0.0    0.00    0.00       2         sub_1001d640() [735]
                0.00    0.00       2/69          sub_10026fb0() [559]
-----------------------------------------------
                0.00    0.00       2/2           sub_1000a710() [5]
[736]    0.0    0.00    0.00       2         sub_100230c0() [736]
                0.00    0.00       1/29332       sub_100c8749() [440]
-----------------------------------------------
                0.00    0.00       1/2           sub_1004e1e0() [739]
                0.00    0.00       1/2           sub_1004d1e0() [767]
[737]    0.0    0.00    0.00       2         sub_1004d140() [737]
-----------------------------------------------
                0.00    0.00       2/2           sub_10050a50() <cycle 7> [179]
[738]    0.0    0.00    0.00       2         sub_1004d710() [738]
-----------------------------------------------
                0.00    0.00       2/2           sub_100799e0() [791]
[739]    0.0    0.00    0.00       2         sub_1004e1e0() [739]
                0.00    0.00       1/2           sub_1004d140() [737]
-----------------------------------------------
                                   2             sub_1004d820() <cycle 1> [494]
[740]    0.0    0.00    0.00       2         sub_1004e3d0() <cycle 1> [740]
                                   2             sub_1004d750() <cycle 1> [491]
-----------------------------------------------
                0.00    0.00       2/2           sub_10050a50() <cycle 7> [179]
[741]    0.0    0.00    0.00       2         sub_10050650() [741]
                0.00    0.00       2/28350       sub_100ca01f() [441]
-----------------------------------------------
                0.00    0.00       2/2           sub_1001b220() [662]
[742]    0.0    0.00    0.00       2         sub_10065910() [742]
-----------------------------------------------
                0.00    0.00       2/2           sub_10067630() [744]
[743]    0.0    0.00    0.00       2         sub_10067350() [743]
                0.00    0.00       2/29332       sub_100c8749() [440]
-----------------------------------------------
                0.00    0.00       1/2           sub_100e4fe0() [851]
                0.00    0.00       1/2           sub_100e5000() [852]
[744]    0.0    0.00    0.00       2         sub_10067630() [744]
                0.00    0.00       2/29332       sub_100c8749() [440]
                0.00    0.00       2/2           sub_10067350() [743]
-----------------------------------------------
                0.00    0.00       2/2           sub_10062430() [192]
[745]    0.0    0.00    0.00       2         sub_100688a0() [745]
                0.00    0.00       2/2           sub_10068b80() [746]
-----------------------------------------------
                0.00    0.00       2/2           sub_100688a0() [745]
[746]    0.0    0.00    0.00       2         sub_10068b80() [746]
-----------------------------------------------
                0.00    0.00       2/2           sub_1006bd90() [131]
[747]    0.0    0.00    0.00       2         sub_1006e820() [747]
                0.00    0.00       4/30          sub_1006e360() [606]
-----------------------------------------------
                0.00    0.00       1/2           sub_10062160() [777]
                0.00    0.00       1/2           sub_10056550() [210]
[748]    0.0    0.00    0.00       2         sub_100dfe20() [748]
-----------------------------------------------
                0.00    0.00       2/2           sub_11005ea6() [732]
[749]    0.0    0.00    0.00       2         sub_11005e70() [749]
                0.00    0.00     260/278         sub_11001000() [520]
-----------------------------------------------
                0.00    0.00       2/2           indirectCall(int, int, int, int) [151]
[750]    0.0    0.00    0.00       2         kernel32::GetModuleFileNameA() [750]
-----------------------------------------------
                0.00    0.00       1/1           __libc_csu_init [2232]
[751]    0.0    0.00    0.00       1         _GLOBAL__sub_I_allocatorPtr [751]
-----------------------------------------------
                0.00    0.00       1/1           sub_10055810() [136]
[752]    0.0    0.00    0.00       1         sub_10004fe0() [752]
                0.00    0.00       4/9           sub_1001b220() [662]
                0.00    0.00       4/4           sub_10057ea0() [699]
-----------------------------------------------
                0.00    0.00       1/1           sub_10040930() [764]
[753]    0.0    0.00    0.00       1         sub_10019ea0() [753]
-----------------------------------------------
                0.00    0.00       1/1           sub_10073330() [63]
[754]    0.0    0.00    0.00       1         sub_1001b520() [754]
-----------------------------------------------
                0.00    0.00       1/1           sub_10056550() [210]
[755]    0.0    0.00    0.00       1         sub_1001b8f0() [755]
-----------------------------------------------
                0.00    0.00       1/1           sub_10056550() [210]
[756]    0.0    0.00    0.00       1         sub_1001b930() [756]
-----------------------------------------------
                0.00    0.00       1/1           sub_10007a70() [419]
[757]    0.0    0.00    0.00       1         sub_1001beb0() [757]
                0.00    0.00       1/507         sub_77778888() [500]
-----------------------------------------------
                0.00    0.00       1/1           sub_10056550() [210]
[758]    0.0    0.00    0.00       1         sub_1001c370() [758]
                0.00    0.00       1/507         sub_77778888() [500]
-----------------------------------------------
                0.00    0.00       1/1           sub_10056550() [210]
[759]    0.0    0.00    0.00       1         sub_1001c440() [759]
-----------------------------------------------
                0.00    0.00       1/1           sub_1000b990() [149]
[760]    0.0    0.00    0.00       1         sub_1001d820() [760]
                0.00    0.00       1/69          sub_10026fb0() [559]
-----------------------------------------------
                0.00    0.00       1/1           sub_10007550() [289]
[761]    0.0    0.00    0.00       1         sub_1001d850() [761]
                0.00    0.00       1/69          sub_10026fb0() [559]
-----------------------------------------------
                0.00    0.00       1/1           sub_10032d80() [191]
[762]    0.0    0.00    0.00       1         sub_10022ff0() [762]
-----------------------------------------------
                0.00    0.00       1/1           sub_10032ea0() [190]
[763]    0.0    0.00    0.00       1         sub_10023050() [763]
-----------------------------------------------
                0.00    0.00       1/1           sub_10003a90() [186]
[764]    0.0    0.00    0.00       1         sub_10040930() [764]
                0.00    0.00       1/1           sub_10019ea0() [753]
-----------------------------------------------
                0.00    0.00       1/1           sub_10056550() [210]
[765]    0.0    0.00    0.00       1         sub_100498f0() [765]
-----------------------------------------------
                0.00    0.00       1/1           sub_10056550() [210]
[766]    0.0    0.00    0.00       1         sub_1004b200() [766]
                0.00    0.00       1/22          sub_100ca6c6() [616]
-----------------------------------------------
                0.00    0.00       1/1           sub_1007a4b0() [64]
[767]    0.0    0.00    0.00       1         sub_1004d1e0() [767]
                0.00    0.00       1/2           sub_1004d140() [737]
                0.00    0.00       1/1           sub_1004e4e0() [770]
-----------------------------------------------
                0.00    0.00       1/1           sub_10050850() [180]
[768]    0.0    0.00    0.00       1         sub_1004e400() [768]
-----------------------------------------------
                                   1             sub_1004d750() <cycle 1> [491]
[769]    0.0    0.00    0.00       1         sub_1004e440() <cycle 1> [769]
                                   1             sub_1004d750() <cycle 1> [491]
-----------------------------------------------
                0.00    0.00       1/1           sub_1004d1e0() [767]
[770]    0.0    0.00    0.00       1         sub_1004e4e0() [770]
-----------------------------------------------
                0.00    0.00       1/1           sub_1007a4b0() [64]
[771]    0.0    0.00    0.00       1         sub_1004e520() [771]
                0.00    0.00       1/1           sub_1004d750() <cycle 1> [491]
-----------------------------------------------
                0.00    0.00       1/1           sub_1000c600() [12]
[772]    0.0    0.00    0.00       1         sub_10056390() [772]
                0.00    0.00       1/1           sub_10058580() [773]
                0.00    0.00       1/1           sub_10058500() <cycle 2> [663]
-----------------------------------------------
                                 229             sub_10058580() [773]
                0.00    0.00       1/1           sub_10056390() [772]
[773]    0.0    0.00    0.00       1+229     sub_10058580() [773]
                                 229             sub_10058580() [773]
-----------------------------------------------
                                 229             sub_100585c0() [774]
                0.00    0.00       1/1           sub_1005f520() [367]
[774]    0.0    0.00    0.00       1+229     sub_100585c0() [774]
                                 229             sub_100585c0() [774]
-----------------------------------------------
                                   1             sub_10058480() <cycle 6> [560]
[775]    0.0    0.00    0.00       1         sub_1005a550() <cycle 6> [775]
                0.00    0.00       1/41820       sub_10007230() [436]
                                   1             sub_10058480() <cycle 6> [560]
-----------------------------------------------
                0.00    0.00       1/1           sub_1000c600() [12]
[776]    0.0    0.00    0.00       1         sub_1005f1f0() [776]
-----------------------------------------------
                0.00    0.00       1/1           sub_10009760() [219]
[777]    0.0    0.00    0.00       1         sub_10062160() [777]
                0.00    0.00       1/246         sub_10058870() [524]
                0.00    0.00       1/2           sub_100dfe20() [748]
                0.00    0.00       1/246         sub_10007190() [522]
                0.00    0.00       1/1092        sub_10058230() [481]
-----------------------------------------------
                0.00    0.00       1/1           sub_10056550() [210]
[778]    0.0    0.00    0.00       1         sub_10067280() [778]
-----------------------------------------------
                0.00    0.00       1/1           sub_10007a70() [419]
[779]    0.0    0.00    0.00       1         sub_10067770() [779]
-----------------------------------------------
                0.00    0.00       1/1           sub_10068890() [59]
[780]    0.0    0.00    0.00       1         sub_10068960() [780]
                0.00    0.00      28/566         sub_1006fec0() [499]
                0.00    0.00       6/20263       sub_100caaf0() [448]
                0.00    0.00       2/40          sub_1006d7c0() [590]
-----------------------------------------------
                0.00    0.00       1/1           sub_10068890() [59]
[781]    0.0    0.00    0.00       1         sub_10068a00() [781]
-----------------------------------------------
                0.00    0.00       1/1           sub_1006c600() [45]
[782]    0.0    0.00    0.00       1         sub_10069e70() [782]
-----------------------------------------------
                0.00    0.00       1/1           sub_10068830() [369]
[783]    0.0    0.00    0.00       1         sub_1006baf0() [783]
-----------------------------------------------
                0.00    0.00       1/1           sub_1006c600() [45]
[784]    0.0    0.00    0.00       1         sub_1006bc90() [784]
                0.00    0.00      28/566         sub_1006fec0() [499]
                0.00    0.00       6/20263       sub_100caaf0() [448]
                0.00    0.00       2/40          sub_1006d7c0() [590]
-----------------------------------------------
                0.00    0.00       1/1           sub_1006c600() [45]
[785]    0.0    0.00    0.00       1         sub_1006dd10() [785]
-----------------------------------------------
                0.00    0.00       1/1           sub_1006c600() [45]
[786]    0.0    0.00    0.00       1         sub_1006dd60() [786]
-----------------------------------------------
                0.00    0.00       1/1           sub_10068830() [369]
[787]    0.0    0.00    0.00       1         sub_1006dd70() [787]
                0.00    0.00       6/29332       sub_100c8749() [440]
-----------------------------------------------
                0.00    0.00       1/1           sub_1006c1c0() [89]
[788]    0.0    0.00    0.00       1         sub_1006ed10() [788]
                0.00    0.00       6/332         sub_1006fb40() [517]
                0.00    0.00       6/926         sub_100ca3f6() [486]
                0.00    0.00       6/44          sub_1006fad0() [570]
                0.00    0.00       2/30          sub_1006e360() [606]
-----------------------------------------------
                0.00    0.00       1/1           sub_1006c600() [45]
[789]    0.0    0.00    0.00       1         sub_1006ee10() [789]
                0.00    0.00       7/29332       sub_100c8749() [440]
                0.00    0.00       6/86          sub_1006fe50() [542]
                0.00    0.00       6/66          sub_1006fab0() [561]
                0.00    0.00       5/30          sub_1006e360() [606]
                0.00    0.00       1/1           sub_10070680() [790]
                0.00    0.00       1/4           sub_1006e990() [714]
-----------------------------------------------
                0.00    0.00       1/1           sub_1006ee10() [789]
[790]    0.0    0.00    0.00       1         sub_10070680() [790]
-----------------------------------------------
                0.00    0.00       1/1           sub_1007a420() [792]
[791]    0.0    0.00    0.00       1         sub_100799e0() [791]
                0.00    0.00       2/2           sub_1004e1e0() [739]
-----------------------------------------------
                0.00    0.00       1/1           sub_1007a4b0() [64]
[792]    0.0    0.00    0.00       1         sub_1007a420() [792]
                0.00    0.00       1/1           sub_100799e0() [791]
-----------------------------------------------
                0.00    0.00       1/1           sub_10056550() [210]
[793]    0.0    0.00    0.00       1         sub_100dfd80() [793]
-----------------------------------------------
                0.00    0.00       1/1           _initterm() [318]
[794]    0.0    0.00    0.00       1         sub_100e45f0() [794]
                0.00    0.00       1/8           sub_100044e0() [664]
-----------------------------------------------
                0.00    0.00       1/1           _initterm() [318]
[795]    0.0    0.00    0.00       1         sub_100e4610() [795]
                0.00    0.00       1/8           sub_100044e0() [664]
-----------------------------------------------
                0.00    0.00       1/1           _initterm() [318]
[796]    0.0    0.00    0.00       1         sub_100e4630() [796]
                0.00    0.00       1/8           sub_100044e0() [664]
-----------------------------------------------
                0.00    0.00       1/1           _initterm() [318]
[797]    0.0    0.00    0.00       1         sub_100e4650() [797]
                0.00    0.00       1/8           sub_100044e0() [664]
-----------------------------------------------
                0.00    0.00       1/1           _initterm() [318]
[798]    0.0    0.00    0.00       1         sub_100e4670() [798]
                0.00    0.00       1/8           sub_100044e0() [664]
-----------------------------------------------
                0.00    0.00       1/1           _initterm() [318]
[799]    0.0    0.00    0.00       1         sub_100e4690() [799]
                0.00    0.00       1/8           sub_100044e0() [664]
-----------------------------------------------
                0.00    0.00       1/1           _initterm() [318]
[800]    0.0    0.00    0.00       1         sub_100e46b0() [800]
                0.00    0.00       1/8           sub_100044e0() [664]
-----------------------------------------------
                0.00    0.00       1/1           _initterm() [318]
[801]    0.0    0.00    0.00       1         sub_100e46d0() [801]
                0.00    0.00       1/21339       sub_100c9890() [446]
-----------------------------------------------
                0.00    0.00       1/1           _initterm() [318]
[802]    0.0    0.00    0.00       1         sub_100e46f0() [802]
                0.00    0.00       1/21339       sub_100c9890() [446]
-----------------------------------------------
                0.00    0.00       1/1           _initterm() [318]
[803]    0.0    0.00    0.00       1         sub_100e4710() [803]
                0.00    0.00       1/21339       sub_100c9890() [446]
-----------------------------------------------
                0.00    0.00       1/1           _initterm() [318]
[804]    0.0    0.00    0.00       1         sub_100e4730() [804]
                0.00    0.00       1/21339       sub_100c9890() [446]
-----------------------------------------------
                0.00    0.00       1/1           _initterm() [318]
[805]    0.0    0.00    0.00       1         sub_100e4750() [805]
                0.00    0.00       1/21339       sub_100c9890() [446]
-----------------------------------------------
                0.00    0.00       1/1           _initterm() [318]
[806]    0.0    0.00    0.00       1         sub_100e4770() [806]
                0.00    0.00       1/21339       sub_100c9890() [446]
-----------------------------------------------
                0.00    0.00       1/1           _initterm() [318]
[807]    0.0    0.00    0.00       1         sub_100e4790() [807]
                0.00    0.00       1/21339       sub_100c9890() [446]
-----------------------------------------------
                0.00    0.00       1/1           _initterm() [318]
[808]    0.0    0.00    0.00       1         sub_100e47b0() [808]
                0.00    0.00       1/21339       sub_100c9890() [446]
-----------------------------------------------
                0.00    0.00       1/1           _initterm() [318]
[809]    0.0    0.00    0.00       1         sub_100e47d0() [809]
                0.00    0.00       1/21339       sub_100c9890() [446]
-----------------------------------------------
                0.00    0.00       1/1           _initterm() [318]
[810]    0.0    0.00    0.00       1         sub_100e47f0() [810]
                0.00    0.00       1/21339       sub_100c9890() [446]
-----------------------------------------------
                0.00    0.00       1/1           _initterm() [318]
[811]    0.0    0.00    0.00       1         sub_100e4810() [811]
                0.00    0.00       1/21339       sub_100c9890() [446]
-----------------------------------------------
                0.00    0.00       1/1           _initterm() [318]
[812]    0.0    0.00    0.00       1         sub_100e4830() [812]
                0.00    0.00       1/21339       sub_100c9890() [446]
-----------------------------------------------
                0.00    0.00       1/1           _initterm() [318]
[813]    0.0    0.00    0.00       1         sub_100e4850() [813]
                0.00    0.00       1/21339       sub_100c9890() [446]
-----------------------------------------------
                0.00    0.00       1/1           _initterm() [318]
[814]    0.0    0.00    0.00       1         sub_100e4870() [814]
                0.00    0.00       1/21339       sub_100c9890() [446]
-----------------------------------------------
                0.00    0.00       1/1           _initterm() [318]
[815]    0.0    0.00    0.00       1         sub_100e4890() [815]
                0.00    0.00       1/21339       sub_100c9890() [446]
-----------------------------------------------
                0.00    0.00       1/1           _initterm() [318]
[816]    0.0    0.00    0.00       1         sub_100e48b0() [816]
-----------------------------------------------
                0.00    0.00       1/1           _initterm() [318]
[817]    0.0    0.00    0.00       1         sub_100e48e0() [817]
                0.00    0.00       1/21339       sub_100c9890() [446]
-----------------------------------------------
                0.00    0.00       1/1           _initterm() [318]
[818]    0.0    0.00    0.00       1         sub_100e4900() [818]
                0.00    0.00       1/21339       sub_100c9890() [446]
-----------------------------------------------
                0.00    0.00       1/1           _initterm() [318]
[819]    0.0    0.00    0.00       1         sub_100e4920() [819]
                0.00    0.00       1/21339       sub_100c9890() [446]
-----------------------------------------------
                0.00    0.00       1/1           _initterm() [318]
[820]    0.0    0.00    0.00       1         sub_100e4940() [820]
                0.00    0.00       1/21339       sub_100c9890() [446]
-----------------------------------------------
                0.00    0.00       1/1           _initterm() [318]
[821]    0.0    0.00    0.00       1         sub_100e4960() [821]
                0.00    0.00       1/21339       sub_100c9890() [446]
-----------------------------------------------
                0.00    0.00       1/1           _initterm() [318]
[822]    0.0    0.00    0.00       1         sub_100e4980() [822]
                0.00    0.00       1/21339       sub_100c9890() [446]
-----------------------------------------------
                0.00    0.00       1/1           _initterm() [318]
[823]    0.0    0.00    0.00       1         sub_100e49a0() [823]
                0.00    0.00       1/21339       sub_100c9890() [446]
-----------------------------------------------
                0.00    0.00       1/1           _initterm() [318]
[824]    0.0    0.00    0.00       1         sub_100e49c0() [824]
                0.00    0.00       1/21339       sub_100c9890() [446]
-----------------------------------------------
                0.00    0.00       1/1           _initterm() [318]
[825]    0.0    0.00    0.00       1         sub_100e49e0() [825]
                0.00    0.00       1/21339       sub_100c9890() [446]
-----------------------------------------------
                0.00    0.00       1/1           _initterm() [318]
[826]    0.0    0.00    0.00       1         sub_100e4a00() [826]
                0.00    0.00       1/21339       sub_100c9890() [446]
-----------------------------------------------
                0.00    0.00       1/1           _initterm() [318]
[827]    0.0    0.00    0.00       1         sub_100e4a20() [827]
                0.00    0.00       1/21339       sub_100c9890() [446]
-----------------------------------------------
                0.00    0.00       1/1           _initterm() [318]
[828]    0.0    0.00    0.00       1         sub_100e4a40() [828]
                0.00    0.00       1/21339       sub_100c9890() [446]
-----------------------------------------------
                0.00    0.00       1/1           _initterm() [318]
[829]    0.0    0.00    0.00       1         sub_100e4a60() [829]
                0.00    0.00       1/21339       sub_100c9890() [446]
-----------------------------------------------
                0.00    0.00       1/1           _initterm() [318]
[830]    0.0    0.00    0.00       1         sub_100e4a80() [830]
-----------------------------------------------
                0.00    0.00       1/1           _initterm() [318]
[831]    0.0    0.00    0.00       1         sub_100e4ab0() [831]
-----------------------------------------------
                0.00    0.00       1/1           _initterm() [318]
[832]    0.0    0.00    0.00       1         sub_100e4ae0() [832]
-----------------------------------------------
                0.00    0.00       1/1           _initterm() [318]
[833]    0.0    0.00    0.00       1         sub_100e4b10() [833]
-----------------------------------------------
                0.00    0.00       1/1           _initterm() [318]
[834]    0.0    0.00    0.00       1         sub_100e4b40() [834]
-----------------------------------------------
                0.00    0.00       1/1           _initterm() [318]
[835]    0.0    0.00    0.00       1         sub_100e4b70() [835]
                0.00    0.00       1/21339       sub_100c9890() [446]
-----------------------------------------------
                0.00    0.00       1/1           _initterm() [318]
[836]    0.0    0.00    0.00       1         sub_100e4b90() [836]
                0.00    0.00       1/21339       sub_100c9890() [446]
-----------------------------------------------
                0.00    0.00       1/1           _initterm() [318]
[837]    0.0    0.00    0.00       1         sub_100e4bb0() [837]
                0.00    0.00       1/21339       sub_100c9890() [446]
-----------------------------------------------
                0.00    0.00       1/1           _initterm() [318]
[838]    0.0    0.00    0.00       1         sub_100e4bd0() [838]
                0.00    0.00       1/21339       sub_100c9890() [446]
-----------------------------------------------
                0.00    0.00       1/1           _initterm() [318]
[839]    0.0    0.00    0.00       1         sub_100e4bf0() [839]
                0.00    0.00       1/21339       sub_100c9890() [446]
-----------------------------------------------
                0.00    0.00       1/1           _initterm() [318]
[840]    0.0    0.00    0.00       1         sub_100e4c10() [840]
                0.00    0.00       1/21339       sub_100c9890() [446]
-----------------------------------------------
                0.00    0.00       1/1           _initterm() [318]
[841]    0.0    0.00    0.00       1         sub_100e4c30() [841]
-----------------------------------------------
                0.00    0.00       1/1           _initterm() [318]
[842]    0.0    0.00    0.00       1         sub_100e4c60() [842]
-----------------------------------------------
                0.00    0.00       1/1           _initterm() [318]
[843]    0.0    0.00    0.00       1         sub_100e4cf0() [843]
-----------------------------------------------
                0.00    0.00       1/1           _initterm() [318]
[844]    0.0    0.00    0.00       1         sub_100e4d60() [844]
-----------------------------------------------
                0.00    0.00       1/1           _initterm() [318]
[845]    0.0    0.00    0.00       1         sub_100e4eb0() [845]
                0.00    0.00       1/29332       sub_100c8749() [440]
-----------------------------------------------
                0.00    0.00       1/1           _initterm() [318]
[846]    0.0    0.00    0.00       1         sub_100e4ef0() [846]
                0.00    0.00       1/8           sub_100044e0() [664]
-----------------------------------------------
                0.00    0.00       1/1           _initterm() [318]
[847]    0.0    0.00    0.00       1         sub_100e4f1c() [847]
-----------------------------------------------
                0.00    0.00       1/1           _initterm() [318]
[848]    0.0    0.00    0.00       1         sub_100e4f3e() [848]
-----------------------------------------------
                0.00    0.00       1/1           _initterm() [318]
[849]    0.0    0.00    0.00       1         sub_100e4f50() [849]
                0.00    0.00       1/20263       sub_100caaf0() [448]
-----------------------------------------------
                0.00    0.00       1/1           _initterm() [318]
[850]    0.0    0.00    0.00       1         sub_100e4f70() [850]
-----------------------------------------------
                0.00    0.00       1/1           _initterm() [318]
[851]    0.0    0.00    0.00       1         sub_100e4fe0() [851]
                0.00    0.00       1/2           sub_10067630() [744]
-----------------------------------------------
                0.00    0.00       1/1           _initterm() [318]
[852]    0.0    0.00    0.00       1         sub_100e5000() [852]
                0.00    0.00       1/2           sub_10067630() [744]
-----------------------------------------------
                0.00    0.00       1/1           sub_10025780() [354]
[853]    0.0    0.00    0.00       1         sub_11001531() [853]
                0.00    0.00      10/278         sub_11001000() [520]
                0.00    0.00       1/1           sub_11006054() [855]
-----------------------------------------------
                0.00    0.00       1/1           sub_11001582() [412]
[854]    0.0    0.00    0.00       1         sub_110045d0() [854]
                0.00    0.00       1/1           sub_11006066() [856]
-----------------------------------------------
                0.00    0.00       1/1           sub_11001531() [853]
[855]    0.0    0.00    0.00       1         sub_11006054() [855]
-----------------------------------------------
                0.00    0.00       1/1           sub_110045d0() [854]
[856]    0.0    0.00    0.00       1         sub_11006066() [856]
-----------------------------------------------
                0.00    0.00       1/1           sub_10015160() [13]
[857]    0.0    0.00    0.00       1         subopt_100678c0() [857]
-----------------------------------------------
                0.00    0.00       1/1           sub_77778888() [500]
[858]    0.0    0.00    0.00       1         allocate(int) [858]
-----------------------------------------------

 This table describes the call tree of the program, and was sorted by
 the total amount of time spent in each function and its children.

 Each entry in this table consists of several lines.  The line with the
 index number at the left hand margin lists the current function.
 The lines above it list the functions that called this function,
 and the lines below it list the functions this one called.
 This line lists:
     index	A unique number given to each element of the table.
		Index numbers are sorted numerically.
		The index number is printed next to every function name so
		it is easier to look up where the function is in the table.

     % time	This is the percentage of the `total' time that was spent
		in this function and its children.  Note that due to
		different viewpoints, functions excluded by options, etc,
		these numbers will NOT add up to 100%.

     self	This is the total amount of time spent in this function.

     children	This is the total amount of time propagated into this
		function by its children.

     called	This is the number of times the function was called.
		If the function called itself recursively, the number
		only includes non-recursive calls, and is followed by
		a `+' and the number of recursive calls.

     name	The name of the current function.  The index number is
		printed after it.  If the function is a member of a
		cycle, the cycle number is printed between the
		function's name and the index number.


 For the function's parents, the fields have the following meanings:

     self	This is the amount of time that was propagated directly
		from the function into this parent.

     children	This is the amount of time that was propagated from
		the function's children into this parent.

     called	This is the number of times this parent called the
		function `/' the total number of times the function
		was called.  Recursive calls to the function are not
		included in the number after the `/'.

     name	This is the name of the parent.  The parent's index
		number is printed after it.  If the parent is a
		member of a cycle, the cycle number is printed between
		the name and the index number.

 If the parents of the function cannot be determined, the word
 `<spontaneous>' is printed in the `name' field, and all the other
 fields are blank.

 For the function's children, the fields have the following meanings:

     self	This is the amount of time that was propagated directly
		from the child into the function.

     children	This is the amount of time that was propagated from the
		child's children to the function.

     called	This is the number of times the function called
		this child `/' the total number of times the child
		was called.  Recursive calls by the child are not
		listed in the number after the `/'.

     name	This is the name of the child.  The child's index
		number is printed after it.  If the child is a
		member of a cycle, the cycle number is printed
		between the name and the index number.

 If there are any cycles (circles) in the call graph, there is an
 entry for the cycle-as-a-whole.  This entry shows who called the
 cycle (as parents) and the members of the cycle (as children.)
 The `+' recursive calls entry shows the number of function calls that
 were internal to the cycle, and the calls entry for each member shows,
 for that member, how many times it was called from other members of
 the cycle.

Copyright (C) 2012-2018 Free Software Foundation, Inc.

Copying and distribution of this file, with or without modification,
are permitted in any medium without royalty provided the copyright
notice and this notice are preserved.

Index by function name

 [751] _GLOBAL__sub_I_allocatorPtr [771] sub_1004e520()  [731] sub_1006a130()
  [48] loadOverlay(char const*, int) [198] sub_1004e580() [143] sub_1006a190()
 [151] indirectCall(int, int, int, int) [496] sub_1004e830() [676] sub_1006a220()
 [330] sub_100015a0()        [576] sub_1004fae0()        [707] sub_1006a2f0()
 [389] sub_10001670()        [577] sub_1004fb30()        [708] sub_1006a320()
  [50] sub_100016e0()        [556] sub_1004fb80()        [129] sub_1006a370()
 [186] sub_10003a90()        [601] sub_1004fc00()        [709] sub_1006a450()
 [324] sub_10003dd0()        [646] sub_1004fc40()        [710] sub_1006a490()
 [109] sub_10004000()        [113] sub_1004fc90()         [60] sub_1006a4e0()
 [130] sub_10004020()        [459] sub_1004fd40()         [10] sub_1006b050()
  [31] sub_10004040()        [108] sub_1004fda0()        [783] sub_1006baf0()
 [323] sub_10004110()        [443] sub_1004fe50()        [153] sub_1006bc30()
  [30] sub_100041b0()        [497] sub_1004ffd0()        [784] sub_1006bc90()
 [664] sub_100044e0()        [467] sub_1004fff0()        [131] sub_1006bd90()
  [29] sub_10004520()        [447] sub_100501e0()         [61] sub_1006be50()
  [27] sub_10004740()        [126] sub_100502a0()        [176] sub_1006bf90()
 [138] sub_10004bc0()         [83] sub_10050330()        [144] sub_1006c0b0()
 [752] sub_10004fe0()        [381] sub_100503e0()        [160] sub_1006c130()
 [286] sub_10005150()        [315] sub_10050520()         [89] sub_1006c1c0()
 [522] sub_10007190()        [741] sub_10050650()        [327] sub_1006c340()
 [661] sub_100071e0()        [180] sub_10050850()         [45] sub_1006c600()
 [436] sub_10007230()        [179] sub_10050a50()        [642] sub_1006cc10()
 [505] sub_10007240()        [445] sub_10050c10()        [633] sub_1006cc20()
 [200] sub_100073c0()         [76] sub_10050ca0()        [671] sub_1006cc80()
 [285] sub_10007430()         [69] sub_10050e70()        [488] sub_1006ccd0()
 [328] sub_10007490()         [72] sub_10051120()        [489] sub_1006ce60()
 [232] sub_100074f0()         [73] sub_100514d0()        [613] sub_1006d140()
 [289] sub_10007550()        [300] sub_10051670()        [683] sub_1006d160()
 [212] sub_100075b0()        [299] sub_10051810()        [684] sub_1006d180()
 [543] sub_10007620()        [578] sub_10051bd0()        [711] sub_1006d1a0()
 [284] sub_100076c0()        [173] sub_10051c50()        [712] sub_1006d250()
 [353] sub_100078b0()        [133] sub_10051d20()        [112] sub_1006d3a0()
 [419] sub_10007a70()        [269] sub_10051da0()         [97] sub_1006d3e0()
 [574] sub_10007b20()        [158] sub_10051de0()        [122] sub_1006d530()
 [734] sub_10007b40()        [579] sub_10051ff0()        [265] sub_1006d5d0()
  [71] sub_10007be0()        [620] sub_10052010()        [629] sub_1006d6f0()
  [36] sub_10007ce0()        [580] sub_10052090()        [590] sub_1006d7c0()
 [146] sub_10007d40()        [557] sub_100520f0()         [34] sub_1006d830()
 [145] sub_10007d90()        [558] sub_100521d0()        [135] sub_1006db10()
 [152] sub_10008670()        [602] sub_10052350()        [123] sub_1006dce0()
 [174] sub_10008b60()        [647] sub_100523c0()        [785] sub_1006dd10()
 [175] sub_10008bc0()        [132] sub_10052440()        [786] sub_1006dd60()
 [271] sub_10009270()        [114] sub_10052760()        [787] sub_1006dd70()
  [91] sub_10009310()        [103] sub_10052a50()        [534] sub_1006df10()
 [150] sub_100094c0()        [480] sub_10052ab0()         [24] sub_1006df90()
 [691] sub_10009670()        [720] sub_10052c90()        [606] sub_1006e360()
 [219] sub_10009760()        [721] sub_10052ce0()        [713] sub_1006e770()
  [26] sub_10009970()        [722] sub_10052ec0()        [747] sub_1006e820()
   [5] sub_1000a710()        [723] sub_10054250()        [677] sub_1006e8f0()
 [523] sub_1000b870()        [724] sub_100542a0()        [714] sub_1006e990()
  [90] sub_1000b930()        [725] sub_100542c0()        [788] sub_1006ed10()
 [149] sub_1000b990()        [726] sub_100542d0()        [789] sub_1006ee10()
  [88] sub_1000b9f0()        [679] sub_10054730()        [121] sub_1006ef80()
 [305] sub_1000bf80()        [637] sub_10055430()        [115] sub_1006efa0()
 [692] sub_1000c430()        [638] sub_10055480()         [84] sub_1006efe0()
 [538] sub_1000c440()        [379] sub_100554b0()        [117] sub_1006f110()
  [87] sub_1000c580()        [510] sub_10055570()        [562] sub_1006f1a0()
  [12] sub_1000c600()        [511] sub_100555d0()        [625] sub_1006f1d0()
  [13] sub_10015160()        [380] sub_10055620()        [566] sub_1006f1e0()
   [4] sub_10016ed0()        [383] sub_10055700()         [42] sub_1006f230()
 [184] sub_100175b0()        [697] sub_100557c0()        [672] sub_1006f930()
  [20] sub_100176d0()          [1] sub_100557e0()        [599] sub_1006f980()
  [78] sub_100194d0()        [136] sub_10055810()        [634] sub_1006fa20()
 [391] sub_10019530()        [220] sub_100559b0()        [561] sub_1006fab0()
 [319] sub_10019570()         [51] sub_10055bd0()        [570] sub_1006fad0()
   [6] sub_10019620()        [698] sub_10055f40()        [517] sub_1006fb40()
 [685] sub_10019e80()        [373] sub_10056300()         [56] sub_1006fb80()
 [469] sub_10019e90()        [772] sub_10056390()        [542] sub_1006fe50()
 [753] sub_10019ea0()        [487] sub_10056420()        [120] sub_1006fe90()
 [716] sub_10019eb0()         [41] sub_10056490()        [499] sub_1006fec0()
 [444] sub_10019f10()        [210] sub_10056550()        [483] sub_1006ff00()
 [390] sub_1001a500()        [512] sub_10056aa0()         [85] sub_10070180()
 [137] sub_1001a530()          [2] sub_10056b90()        [553] sub_10070260()
 [662] sub_1001b220()        [626] sub_10056db0()        [525] sub_100702a0()
 [754] sub_1001b520()        [453] sub_10056df0()        [526] sub_100702e0()
  [15] sub_1001b540()        [563] sub_10056ef0()        [527] sub_100702f0()
 [544] sub_1001b850()        [680] sub_10057150()         [68] sub_10070310()
 [755] sub_1001b8f0()        [463] sub_10057220()        [268] sub_10070390()
 [756] sub_1001b930()        [627] sub_100574c0()        [213] sub_10070420()
 [414] sub_1001bd40()        [545] sub_10057810()        [214] sub_10070470()
 [415] sub_1001be20()        [194] sub_100578f0()        [307] sub_10070510()
 [757] sub_1001beb0()        [211] sub_10057970()        [266] sub_10070550()
 [617] sub_1001bf10()        [546] sub_100579d0()        [287] sub_10070590()
 [758] sub_1001c370()        [547] sub_10057a00()        [790] sub_10070680()
 [759] sub_1001c440()        [548] sub_10057a30()        [608] sub_10071e20()
  [14] sub_1001c7f0()        [549] sub_10057aa0()         [63] sub_10073330()
 [506] sub_1001cfb0()        [416] sub_10057bb0()        [259] sub_10076900()
 [693] sub_1001d160()        [550] sub_10057c70()        [258] sub_10077ad0()
 [248] sub_1001d190()        [185] sub_10057cc0()        [536] sub_10077ca0()
 [233] sub_1001d1c0()        [699] sub_10057ea0()        [791] sub_100799e0()
 [249] sub_1001d1f0()        [551] sub_10057fa0()        [792] sub_1007a420()
 [234] sub_1001d220()        [639] sub_10058050()         [64] sub_1007a4b0()
 [290] sub_1001d250()        [301] sub_100580e0()        [100] sub_100c8680()
 [291] sub_1001d280()        [288] sub_10058160()        [440] sub_100c8749()
 [274] sub_1001d2b0()        [481] sub_10058230()        [528] sub_100c8c30()
 [717] sub_1001d3a0()        [666] sub_10058340()        [156] sub_100c8c60()
 [267] sub_1001d3d0()        [476] sub_10058370()         [77] sub_100c8cf0()
 [221] sub_1001d460()        [560] sub_10058480()        [119] sub_100c91a2()
 [222] sub_1001d490()        [640] sub_100584c0()        [555] sub_100c924a()
 [235] sub_1001d4c0()        [663] sub_10058500()        [631] sub_100c9860()
 [236] sub_1001d4f0()        [452] sub_10058540()        [446] sub_100c9890()
 [250] sub_1001d520()        [773] sub_10058580()        [568] sub_100c9ce7()
 [251] sub_1001d550()        [774] sub_100585c0()        [466] sub_100c9d9b()
 [619] sub_1001d580()        [564] sub_10058620()        [435] sub_100c9f1a()
 [334] sub_1001d5b0()        [125] sub_10058690()        [441] sub_100ca01f()
 [609] sub_1001d5e0()        [524] sub_10058870()        [439] sub_100ca122()
 [329] sub_1001d610()        [501] sub_10058970()        [475] sub_100ca290()
 [735] sub_1001d640()        [541] sub_10058ab0()        [470] sub_100ca3c0()
 [678] sub_1001d700()        [648] sub_10059060()        [486] sub_100ca3f6()
 [371] sub_1001d730()        [649] sub_100597a0()        [618] sub_100ca480()
 [686] sub_1001d760()        [356] sub_10059860()        [397] sub_100ca5ff()
 [237] sub_1001d790()        [218] sub_100599b0()        [359] sub_100ca62f()
 [694] sub_1001d7c0()         [17] sub_10059ed0()         [96] sub_100ca661()
 [687] sub_1001d7f0()        [247] sub_1005a390()        [616] sub_100ca6c6()
 [760] sub_1001d820()        [228] sub_1005a420()        [673] sub_100ca881()
 [761] sub_1001d850()        [775] sub_1005a550()        [448] sub_100caaf0()
 [292] sub_1001d880()         [57] sub_1005a700()        [434] sub_100cb56d()
 [252] sub_1001d8b0()        [417] sub_1005a870()        [105] sub_100cb766()
 [253] sub_1001d8e0()        [540] sub_1005a960()        [104] sub_100cd430()
 [165] sub_1001d910()        [322] sub_1005b640()        [635] sub_100cd50a()
 [166] sub_1001d940()        [650] sub_1005b750()        [530] sub_100cd51c()
 [167] sub_1001d970()        [531] sub_1005b7d0()        [535] sub_100ce243()
 [168] sub_1001d9a0()        [518] sub_1005bd60()        [572] sub_100ce5e8()
 [169] sub_1001d9d0()        [336] sub_1005c0e0()        [793] sub_100dfd80()
 [170] sub_1001da00()        [651] sub_1005c280()        [504] sub_100dfd90()
 [254] sub_1001da30()        [537] sub_1005c2e0()        [748] sub_100dfe20()
 [255] sub_1001da60()        [312] sub_1005c6c0()        [502] sub_100dfe70()
 [171] sub_1001da90()        [652] sub_1005c800()        [503] sub_100dfeb0()
 [172] sub_1001dac0()        [653] sub_1005c860()        [794] sub_100e45f0()
 [256] sub_1001daf0()        [529] sub_1005c930()        [795] sub_100e4610()
 [257] sub_1001db20()        [654] sub_1005cae0()        [796] sub_100e4630()
 [293] sub_1001db50()        [603] sub_1005cdf0()        [797] sub_100e4650()
 [294] sub_1001db80()        [604] sub_1005ce50()        [798] sub_100e4670()
 [202] sub_1001dbb0()        [516] sub_1005cf90()        [799] sub_100e4690()
 [203] sub_1001dbe0()        [321] sub_1005d150()        [800] sub_100e46b0()
 [204] sub_1001dc10()        [655] sub_1005ea40()        [801] sub_100e46d0()
 [205] sub_1001dc40()        [519] sub_1005eaa0()        [802] sub_100e46f0()
 [206] sub_1001dc70()        [337] sub_1005f0b0()        [803] sub_100e4710()
 [207] sub_1001dca0()        [776] sub_1005f1f0()        [804] sub_100e4730()
 [295] sub_1001dcd0()        [727] sub_1005f300()        [805] sub_100e4750()
 [296] sub_1001dd00()         [93] sub_1005f4c0()        [806] sub_100e4770()
 [208] sub_1001dd30()        [367] sub_1005f520()        [807] sub_100e4790()
 [297] sub_1001dd60()        [106] sub_1005f680()        [808] sub_100e47b0()
 [298] sub_1001dd90()        [700] sub_1005f790()        [809] sub_100e47d0()
 [238] sub_1001ddc0()        [457] sub_1005f800()        [810] sub_100e47f0()
 [239] sub_1001ddf0()        [141] sub_1005f820()        [811] sub_100e4810()
 [216] sub_1001de20()        [610] sub_1005fbc0()        [812] sub_100e4830()
 [162] sub_1001de50()         [75] sub_1005fc00()        [813] sub_100e4850()
 [155] sub_1001de80()         [22] sub_1005fc90()        [814] sub_100e4870()
 [240] sub_1001deb0()        [340] sub_100608b0()        [815] sub_100e4890()
 [157] sub_1001df10()         [82] sub_100609d0()        [816] sub_100e48b0()
 [209] sub_1001df40()        [701] sub_10060af0()        [817] sub_100e48e0()
 [134] sub_1001dfa0()        [139] sub_10060b20()        [818] sub_100e4900()
 [196] sub_1001dfd0()        [611] sub_10060b40()        [819] sub_100e4920()
 [241] sub_1001e000()        [140] sub_10060b80()        [820] sub_100e4940()
 [275] sub_1001e090()        [702] sub_10061120()        [821] sub_100e4960()
 [393] sub_1001e0c0()         [81] sub_10061250()        [822] sub_100e4980()
 [164] sub_1001e0f0()        [341] sub_10061b60()        [823] sub_100e49a0()
 [280] sub_1001e120()        [362] sub_10061c80()        [824] sub_100e49c0()
 [201] sub_1001e150()         [86] sub_10062040()        [825] sub_100e49e0()
 [317] sub_1001e180()        [777] sub_10062160()        [826] sub_100e4a00()
 [148] sub_1001e1b0()         [37] sub_10062240()        [827] sub_100e4a20()
 [260] sub_1001e1e0()        [127] sub_10062310()        [828] sub_100e4a40()
 [163] sub_1001e210()        [368] sub_10062390()        [829] sub_100e4a60()
 [279] sub_1001e240()        [192] sub_10062430()        [830] sub_100e4a80()
 [276] sub_1001e2d0()          [8] sub_10062630()        [831] sub_100e4ab0()
 [277] sub_1001e300()        [124] sub_10062750()        [832] sub_100e4ae0()
 [278] sub_1001e330()        [378] sub_10062760()        [833] sub_100e4b10()
 [242] sub_1001e360()        [392] sub_10062860()        [834] sub_100e4b40()
 [243] sub_1001e390()        [225] sub_100629a0()        [835] sub_100e4b70()
 [244] sub_1001e3c0()        [226] sub_10062c20()        [836] sub_100e4b90()
 [245] sub_1001e3f0()        [420] sub_10062c60()        [837] sub_100e4bb0()
 [246] sub_1001e420()         [25] sub_10062e20()        [838] sub_100e4bd0()
 [320] sub_1001ef70()         [18] sub_10062f90()        [839] sub_100e4bf0()
 [281] sub_1001f0c0()        [374] sub_10063e30()        [840] sub_100e4c10()
 [282] sub_1001f0d0()        [261] sub_10064040()        [841] sub_100e4c30()
 [308] sub_1001f190()        [262] sub_10064090()        [842] sub_100e4c60()
 [338] sub_1001f1a0()        [229] sub_100640b0()        [398] sub_100e4c90()
 [346] sub_1001f550()        [263] sub_10064380()        [399] sub_100e4cb0()
 [358] sub_1001fb70()        [728] sub_10064410()        [843] sub_100e4cf0()
 [347] sub_100217f0()        [111] sub_100644c0()        [400] sub_100e4d00()
 [348] sub_100218d0()        [116] sub_10064530()        [401] sub_100e4d20()
 [313] sub_10022a80()        [703] sub_10064570()        [844] sub_100e4d60()
 [695] sub_10022be0()        [565] sub_10064670()        [402] sub_100e4d70()
 [303] sub_10022f40()        [667] sub_10064a10()        [403] sub_100e4d90()
 [762] sub_10022ff0()        [668] sub_10064a70()        [404] sub_100e4db0()
 [763] sub_10023050()        [669] sub_10064ad0()        [405] sub_100e4dd0()
 [736] sub_100230c0()        [670] sub_10064b00()        [406] sub_100e4df0()
 [354] sub_10025780()        [612] sub_10064b20()        [407] sub_100e4e10()
 [394] sub_100257f0()        [681] sub_10064b80()        [408] sub_100e4e30()
 [331] sub_10025a00()        [449] sub_10064ba0()        [409] sub_100e4e50()
 [355] sub_10025ab0()        [342] sub_10064c50()        [410] sub_100e4e70()
 [395] sub_10025b60()        [360] sub_10064dc0()        [411] sub_100e4e90()
 [314] sub_10025c00()        [370] sub_10064ed0()        [845] sub_100e4eb0()
 [302] sub_10025cb0()        [147] sub_10064f10()        [846] sub_100e4ef0()
 [349] sub_10025ce0()        [479] sub_10064fd0()        [375] sub_100e4f06()
 [332] sub_10025fb0()        [197] sub_100653c0()        [847] sub_100e4f1c()
 [333] sub_10026040()        [335] sub_100655b0()        [376] sub_100e4f28()
 [352] sub_10026080()        [442] sub_10065640()        [848] sub_100e4f3e()
 [675] sub_10026b60()        [729] sub_10065680()        [849] sub_100e4f50()
 [227] sub_10026cc0()        [581] sub_10065780()        [850] sub_100e4f70()
  [53] sub_10026e60()        [628] sub_10065870()        [851] sub_100e4fe0()
 [559] sub_10026fb0()        [742] sub_10065910()        [852] sub_100e5000()
 [396] sub_10031080()        [101] sub_10065960()        [520] sub_11001000()
 [326] sub_10031870()        [450] sub_10065a60()        [485] sub_1100112d()
 [343] sub_100318b0()        [482] sub_10065d80()        [853] sub_11001531()
 [364] sub_10031b90()        [387] sub_10065df0()        [412] sub_11001582()
 [339] sub_10031d10()        [350] sub_10065e70()        [413] sub_110015fc()
 [283] sub_10031d70()        [351] sub_10066c80()        [385] sub_110018d0()
 [193] sub_10031f60()        [641] sub_10066d40()        [854] sub_110045d0()
 [195] sub_10032030()        [388] sub_10066d70()        [749] sub_11005e70()
 [309] sub_10032920()         [33] sub_10066dc0()        [732] sub_11005ea6()
 [306] sub_10032d20()        [778] sub_10067280()        [855] sub_11006054()
 [191] sub_10032d80()        [743] sub_10067350()        [856] sub_11006066()
 [190] sub_10032ea0()        [744] sub_10067630()        [500] sub_77778888()
 [188] sub_10032f40()        [779] sub_10067770()        [690] GetFileContents(std::__cxx11::basic_string<char, std::char_traits<char>, std::allocator<char> >)
 [189] sub_10032fa0()        [361] sub_100677c0()        [456] subopt_10007230()
 [575] sub_10036ac0()        [730] sub_10067860()        [464] subopt_10059ed0()
 [607] sub_10037010()        [418] sub_10067920()        [454] subopt_1005f7e0()
  [62] sub_100370b0()        [704] sub_10067e60()        [455] subopt_10060380()
 [507] sub_1003ae40()        [705] sub_10067eb0()         [21] subopt_10060640()
 [567] sub_1003bd60()        [468] sub_10067ed0()        [498] subopt_10060bf0()
 [764] sub_10040930()        [706] sub_10067ef0()         [47] subopt_10060f90()
 [357] sub_100496ba()        [223] sub_10067f10()         [46] subopt_10061330()
 [365] sub_10049882()        [224] sub_10067f50()         [52] subopt_100614d0()
 [765] sub_100498f0()        [310] sub_10067fc0()         [28] subopt_100617c0()
 [508] sub_10049980()        [311] sub_10068190()         [32] subopt_100646d0()
 [509] sub_100499a0()        [621] sub_10068200()        [107] subopt_100656a0()
 [484] sub_100499c0()        [656] sub_10068230()        [460] subopt_10065830()
 [615] sub_10049a60()        [521] sub_10068250()        [857] subopt_100678c0()
 [643] sub_10049d80()        [594] sub_100682c0()         [19] sub_1006ff60_native(char*, float*, int)
 [363] sub_10049db0()        [582] sub_100682e0()         [35] sub_100704c0_native(unsigned char*)
 [696] sub_10049e10()        [595] sub_10068300()         [55] sub_100c90d2_native(char const*, char const*)
 [377] sub_10049ea0()        [583] sub_10068320()        [465] synsoemuIndirectCall(int, int, int, int)
 [718] sub_10049ed0()        [596] sub_10068340()        [614] push32(unsigned int)
 [474] sub_10049f40()        [584] sub_10068360()        [858] allocate(int)
 [270] sub_1004a030()        [585] sub_10068380()         [67] writeWav(char const*, float const*, float const*, int, int)
 [273] sub_1004a140()        [657] sub_10068430()         [66] update_pair_linear(unsigned int, unsigned int&, unsigned int, unsigned int, float, int&, float, float)
 [231] sub_1004a270()        [658] sub_100684e0()        [490] StackGuard::~StackGuard()
 [386] sub_1004a6d0()        [110] sub_10068560()        [177] advapi32::RegOpenKeyExA()
 [264] sub_1004a850()        [372] sub_100685c0()        [178] advapi32::RegQueryValueExA()
 [230] sub_1004aaa0()         [65] sub_100685e0()         [23] advapi32::readStr(unsigned int)
 [304] sub_1004aad0()        [215] sub_10068620()        [451] fpuinsns::fchs()
 [325] sub_1004b0d0()        [159] sub_100686f0()        [102] fpuinsns::fldst(int)
 [199] sub_1004b180()        [128] sub_10068810()        [433] fpuinsns::fppop()
 [766] sub_1004b200()        [369] sub_10068830()        [632] fpuinsns::fsqrt()
 [344] sub_1004b2c0()          [9] sub_10068870()        [431] fpuinsns::faddst(int)
 [316] sub_1004b660()         [59] sub_10068890()        [532] fpuinsns::fmulst(int)
 [384] sub_1004b690()        [745] sub_100688a0()        [437] fpuinsns::fppush(double)
 [644] sub_1004b6d0()        [513] sub_100688b0()         [79] fpuinsns::fstpst(int)
  [99] sub_1004b6f0()        [514] sub_100688c0()        [461] fpuinsns::fsubst(int)
  [98] sub_1004b8b0()        [161] sub_100688d0()         [43] fpuinsns::faddpst(int)
 [645] sub_1004b950()         [74] sub_100688f0()        [554] fpuinsns::fdivp80(double&)
 [592] sub_1004ba00()        [780] sub_10068960()        [515] fpuinsns::fistp32()
 [593] sub_1004ba50()        [154] sub_10068970()        [432] fpuinsns::fmulpst(int)
 [571] sub_1004c150()        [181] sub_100689e0()        [674] fpuinsns::fmulst2(int, int)
 [636] sub_1004c1f0()        [142] sub_100689f0()         [54] fpuinsns::fsubpst(int)
 [345] sub_1004c2a0()        [781] sub_10068a00()        [462] fpuinsns::fsubrst(int)
 [719] sub_1004c330()        [182] sub_10068a30()        [118] fpuinsns::fsubst2(int, int)
 [665] sub_1004c430()        [183] sub_10068ac0()         [80] fpuinsns::fxchst2(int, int)
   [7] sub_1004c750()        [746] sub_10068b80()        [573] fpuinsns::fdivrpst(int)
 [493] sub_1004d090()         [38] sub_10068d00()        [438] fpuinsns::fsubrpst(int)
 [458] sub_1004d0c0()         [39] sub_10068e20()        [715] kernel32::CloseHandle()
 [737] sub_1004d140()        [569] sub_10069030()        [217] kernel32::CreateFileA()
 [767] sub_1004d1e0()        [586] sub_10069080()        [733] kernel32::GetFileSize()
 [472] sub_1004d450()        [597] sub_100690d0()        [272] kernel32::LoadLibraryA()
 [473] sub_1004d470()        [587] sub_10069100()        [477] kernel32::FindNextFileA()
 [478] sub_1004d4e0()        [598] sub_10069130()        [187] kernel32::FindFirstFileA()
 [738] sub_1004d710()        [588] sub_10069170()        [630] kernel32::GetProcAddress()
 [491] sub_1004d750()        [589] sub_100691c0()        [750] kernel32::GetModuleFileNameA()
 [492] sub_1004d790()        [605] sub_10069750()        [539] kernel32::ReadFile()
 [494] sub_1004d820()        [659] sub_10069830()         [44] kernel32::readString(unsigned int)
 [382] sub_1004dcb0()        [660] sub_100699a0()        [600] kernel32::vfsTranslate(std::__cxx11::basic_string<char, std::char_traits<char>, std::allocator<char> > const&)
 [739] sub_1004e1e0()        [591] sub_10069a90()        [533] void std::vector<std::pair<std::__cxx11::basic_string<char, std::char_traits<char>, std::allocator<char> >, bool>, std::allocator<std::pair<std::__cxx11::basic_string<char, std::char_traits<char>, std::allocator<char> >, bool> > >::_M_realloc_insert<std::pair<std::__cxx11::basic_string<char, std::char_traits<char>, std::allocator<char> >, bool> >(__gnu_cxx::__normal_iterator<std::pair<std::__cxx11::basic_string<char, std::char_traits<char>, std::allocator<char> >, bool>*, std::vector<std::pair<std::__cxx11::basic_string<char, std::char_traits<char>, std::allocator<char> >, bool>, std::allocator<std::pair<std::__cxx11::basic_string<char, std::char_traits<char>, std::allocator<char> >, bool> > > >, std::pair<std::__cxx11::basic_string<char, std::char_traits<char>, std::allocator<char> >, bool>&&)
 [495] sub_1004e210()         [40] sub_10069b20()        [421] <cycle 1>
 [471] sub_1004e2b0()        [552] sub_10069c30()        [422] <cycle 2>
 [688] sub_1004e300()        [622] sub_10069cc0()         [95] <cycle 3>
 [689] sub_1004e340()        [623] sub_10069da0()         [94] <cycle 4>
 [740] sub_1004e3d0()        [624] sub_10069e40()        [366] <cycle 5>
 [768] sub_1004e400()        [782] sub_10069e70()         [92] <cycle 6>
 [769] sub_1004e440()        [682] sub_10069ee0()         [70] <cycle 7>
 [770] sub_1004e4e0()         [58] sub_1006a010()
