#include <stdint.h>
const uint16_t image[240*320] PROGMEM = {
0x0000,0x0000,0x0000,0x0000,0x0000,0x0000,0x0000,0x7b4a,0x8b8b,0x8b8b,0x8b8b,0x8b8b,
0x836b,0x834a,0x7b29,0x6aa8,0x4a26,0x31a4,0x2964,0x39a4,0x5a25,0x72c7,0x7ae8,0x8b48,
0x8b69,0x8b69,0x8b69,0x7b49,0x7b29,0x8329,0x8b49,0x8b69,0x8b69,0x7b29,0x72e8,0x6ac8,
0x6aa7,0x6aa7,0x72c8,0x7309,0x7ae8,0x7309,0x72e9,0x72e8,0x6ac8,0x6288,0x5267,0x4a26,
0x5267,0x62c8,0x7309,0x7309,0x72e9,0x6ac8,0x6ac8,0x72e9,0x72e9,0x6ac8,0x6ac8,0x6ac8,
0x72e9,0x7309,0x7309,0x72e9,0x6ac8,0x7309,0x7309,0x7b4a,0x8b8b,0x8b8b,0x8b8b,0x8bac,
0x8bac,0x8bab,0x8b8b,0x8b8b,0x8b8b,0x8bac,0x8b8b,0x7b4a,0x7b09,0x7b2a,0x836b,0x8b8b,
0x8b8b,0x8b8b,0x8bac,0x8bac,0x8b8b,0x7b2a,0x62c8,0x5226,0x49e5,0x39a4,0x39a4,0x39a4,
0x39a4,0x39a3,0x3983,0x3163,0x3963,0x39a3,0x41a4,0x41c4,0x41e4,0x49e5,0x41e5,0x39e5,
0x31a4,0x3184,0x2943,0x2122,0x2122,0x2122,0x2923,0x3123,0x2922,0x2922,0x2102,0x2902,
0x2122,0x2122,0x2122,0x2122,0x2922,0x2922,0x2122,0x2102,0x20e2,0x20e2,0x20e2,0x2922,
0x3983,0x41a4,0x49c4,0x41a4,0x3983,0x3163,0x3163,0x3163,0x3983,0x41a4,0x41c4,0x41c4,
0x41c4,0x41e4,0x49e5,0x4a26,0x4a25,0x41e5,0x41e5,0x41e5,0x41e5,0x41e5,0x4a25,0x41e5,
0x41e5,0x39a4,0x39a4,0x41c4,0x41e4,0x41e4,0x41e4,0x39a4,0x39a4,0x39a4,0x39a4,0x39a4,
0x41c5,0x41e4,0x39a4,0x39a4,0x39a4,0x39a4,0x39a4,0x41e4,0x41e5,0x4a05,0x41e5,0x41e5,
0x41e5,0x39e5,0x39a4,0x39a4,0x39a4,0x39a4,0x39a4,0x39a4,0x39a4,0x4205,0x4a26,0x5266,
0x5266,0x4a46,0x5246,0x5266,0x5245,0x5225,0x49e4,0x41e4,0x41e4,0x41e5,0x4a25,0x5225,
0x4a05,0x49e4,0x41a4,0x41a4,0x49c4,0x49c4,0x4a05,0x5a46,0x62a7,0x6aa8,0x6aa8,0x5a47,
0x4a06,0x31a4,0x41c4,0x5a45,0x7ac8,0x8b69,0x8ba9,0x9baa,0x93ca,0x93ca,0x8b69,0x8b69,
0x8b69,0x8b69,0x8329,0x7ac8,0x6286,0x0000,0x0000,0x0000,0x0000,0x0000,0x0000,0x0000,
0x0000,0x0000,0x0000,0x0000,0x0000,0x0000,0x0000,0x8b6a,0x93cb,0x93cb,0x93cb,0x93cc,
0x93cc,0x93ab,0x836a,0x72e9,0x5a47,0x39c5,0x3184,0x41c4,0x6286,0x8308,0x8b49,0x8b89,
0x9ba9,0x93c9,0x9b8a,0x8bab,0x836a,0x8349,0x8b49,0x8b49,0x8b49,0x8b49,0x8329,0x7ac8,
0x72c8,0x7b06,0x7ac7,0x8329,0x8329,0x8329,0x8349,0x8349,0x7b29,0x72e9,0x5a87,0x5267,
0x62a8,0x7b29,0x836a,0x836a,0x8349,0x7b29,0x7b29,0x7b29,0x7b29,0x7b29,0x7b29,0x7b29,
0x834a,0x8349,0x836a,0x834a,0x8329,0x834a,0x836a,0x8b8b,0x8bab,0x93cb,0x93ec,0x93cb,
0x93ec,0x93ec,0x93ec,0x93ec,0x93cb,0x93cb,0x93cc,0x836b,0x836a,0x836b,0x93cc,0x93ec,
0x93ec,0x93ec,0x8bab,0x8bab,0x834a,0x72e9,0x6287,0x5226,0x41e5,0x41c4,0x39a4,0x41c4,
0x41e4,0x49e4,0x49c4,0x41a4,0x41a4,0x49e4,0x4a05,0x4a25,0x5225,0x5225,0x5246,0x41e5,
0x39c5,0x31a4,0x3143,0x2923,0x2122,0x2923,0x3142,0x3123,0x3142,0x3143,0x3123,0x2922,
0x2922,0x2922,0x2923,0x2922,0x2922,0x2923,0x2922,0x2122,0x18e2,0x2922,0x2922,0x3983,
0x41e4,0x5205,0x49e4,0x49e4,0x41a4,0x41a4,0x4184,0x41a4,0x41c4,0x5205,0x5225,0x5225,
0x5225,0x5206,0x5246,0x5266,0x5266,0x5226,0x4a25,0x4a25,0x4a26,0x4a26,0x5246,0x4a05,
0x41e5,0x39c4,0x39c4,0x41c4,0x41e4,0x41e5,0x41a4,0x39a4,0x39a4,0x39a4,0x39c4,0x41e5,
0x4a05,0x4a26,0x4a05,0x41e5,0x41e5,0x39a4,0x39a4,0x39a4,0x41e5,0x4a25,0x4a26,0x5246,
0x4a26,0x41e5,0x41e5,0x41e5,0x41e5,0x4a06,0x4a06,0x41e5,0x41e5,0x4a25,0x5246,0x5266,
0x5266,0x5266,0x52a7,0x5aa7,0x5a86,0x5a66,0x5225,0x49e4,0x4a05,0x4205,0x4a25,0x4a25,
0x4a25,0x49e4,0x5205,0x5205,0x5225,0x5a46,0x5a66,0x5a66,0x62a6,0x62a7,0x6aa8,0x5a67,
0x4a06,0x39a5,0x41c5,0x5266,0x72a7,0x8b49,0x93a9,0xa3aa,0xa44b,0x9bcb,0x9c2b,0x93cb,
0x93aa,0x836a,0x8b49,0x7ac7,0x62a6,0x0000,0x0000,0x0000,0x0000,0x0000,0x0000,0x0000,
0x0000,0x0000,0x0000,0x0000,0x0000,0x0000,0x0000,0x8b8b,0x93cb,0x9c0c,0x93ec,0x93cc,
0x93cb,0x8bab,0x836a,0x72e8,0x5a47,0x39c5,0x3184,0x41e5,0x6287,0x8308,0x8b69,0x9ba9,
0x9baa,0x93cb,0x93cb,0x93cb,0x938a,0x8b89,0x8b4a,0x8b49,0x8b49,0x8309,0x7b08,0x8308,
0x8328,0x82e8,0x8329,0x8329,0x8329,0x8349,0x838a,0x836b,0x836a,0x72e9,0x5a87,0x5247,
0x62a8,0x7b29,0x8b8b,0x8b8a,0x834a,0x8329,0x7b29,0x7b29,0x7b29,0x7b29,0x7b29,0x7b29,
0x834a,0x836a,0x836a,0x834a,0x834a,0x834a,0x834a,0x8b6b,0x93ab,0x93cc,0x93cc,0x93cc,
0x93cc,0x93cc,0x93ec,0x93cb,0x93cc,0x93cc,0x93ab,0x8bab,0x836b,0x8bab,0x93cc,0x93ec,
0x93ec,0x8bab,0x836b,0x7309,0x72e9,0x62a8,0x5a46,0x4a05,0x41c4,0x39a4,0x39a4,0x41e4,
0x41e5,0x4a05,0x49e4,0x49e4,0x4a04,0x4a25,0x5225,0x5a45,0x5a66,0x5a86,0x5a66,0x4a25,
0x41e5,0x39c4,0x3163,0x2943,0x2922,0x3123,0x3143,0x3983,0x4183,0x3983,0x3983,0x3983,
0x3163,0x3143,0x2923,0x2923,0x2922,0x2922,0x2923,0x2922,0x2922,0x2923,0x3983,0x49c4,
0x5a05,0x5a45,0x5205,0x49c4,0x49c4,0x49c4,0x49c4,0x49e4,0x5205,0x5a46,0x6286,0x62a7,
0x6286,0x5a66,0x5266,0x5246,0x5a66,0x5266,0x5266,0x5246,0x4a46,0x4a26,0x4a25,0x4205,
0x39c4,0x39a4,0x39a4,0x39a4,0x41a4,0x41a4,0x39c4,0x39a4,0x39a4,0x39c4,0x39a4,0x41e5,
0x41e5,0x4a26,0x4a46,0x4a25,0x41e5,0x39c4,0x39a4,0x39a4,0x41c5,0x5226,0x5a66,0x5266,
0x5246,0x4205,0x41e5,0x41e5,0x4a26,0x5246,0x5266,0x4a46,0x4a25,0x4a05,0x4a06,0x4a46,
0x5266,0x5287,0x5aa6,0x62a6,0x5a66,0x5a45,0x5225,0x5225,0x4a05,0x4a05,0x4205,0x4a05,
0x4a25,0x4a25,0x5205,0x5225,0x5225,0x5a66,0x5a66,0x5a66,0x5a66,0x5a46,0x5a46,0x5226,
0x41e5,0x39a5,0x39c5,0x5206,0x6aa7,0x8b49,0x93ca,0x9c0b,0xa3aa,0x9c2b,0x9beb,0x93cb,
0x93aa,0x8b49,0x7b08,0x7ae7,0x7ac7,0x0000,0x0000,0x0000,0x0000,0x0000,0x0000,0x0000,
0x0000,0x0000,0x0000,0x0000,0x0000,0x0000,0x0000,0x9bcb,0xa44c,0x9c2d,0x93ec,0x93cb,
0x93cc,0x93cb,0x8b8b,0x7b29,0x5247,0x39c5,0x39a4,0x4a05,0x6287,0x8308,0x8ba9,0x9bca,
0x9bcb,0xa44b,0x9c0b,0x9bcb,0x9bcb,0x93aa,0x8b49,0x8b49,0x8329,0x8308,0x8b29,0x8b49,
0x8b49,0x8b49,0x8b49,0x8b49,0x8b49,0x8b49,0x8ba9,0x8bab,0x834a,0x72e9,0x5a87,0x5247,
0x62a8,0x7b29,0x8b8b,0x836a,0x836a,0x8329,0x7b29,0x7b29,0x7b2a,0x7b29,0x8329,0x834a,
0x836a,0x836a,0x836a,0x836a,0x836a,0x834a,0x8b49,0x8b8b,0x93ab,0x93ec,0x93cb,0x8bab,
0x93cb,0x93cc,0x8bab,0x9bcb,0x8bab,0x93cb,0x93ab,0x8bab,0x8bab,0x8bac,0x93ec,0x93ec,
0x8bab,0x7b4a,0x7b09,0x6aa7,0x6287,0x5a46,0x4a05,0x49c4,0x39a4,0x3984,0x3984,0x39c4,
0x41c4,0x4a05,0x4a05,0x5205,0x4a04,0x5205,0x5225,0x5a45,0x5a86,0x6286,0x5a46,0x5225,
0x4a05,0x41c4,0x3163,0x3142,0x2942,0x3142,0x3162,0x4183,0x4183,0x4183,0x49c3,0x4183,
0x4183,0x3142,0x2922,0x2901,0x2901,0x2901,0x2901,0x2921,0x3142,0x3962,0x49e4,0x5a45,
0x62a5,0x62a5,0x5a25,0x5204,0x49c3,0x49c3,0x51c4,0x5205,0x5a45,0x6285,0x72a7,0x72e8,
0x6ac8,0x6286,0x5a45,0x5a45,0x5a45,0x5a45,0x5a45,0x5246,0x5246,0x4a05,0x4a05,0x41c4,
0x39a4,0x3984,0x3984,0x3983,0x4183,0x41c4,0x41c4,0x41c4,0x39a4,0x3984,0x3984,0x3984,
0x41c4,0x4a05,0x4a05,0x4a05,0x41c5,0x41c4,0x3984,0x3984,0x41e4,0x5a66,0x6287,0x5a87,
0x5266,0x4a05,0x41c5,0x4a05,0x4a26,0x5247,0x5247,0x5247,0x4a26,0x4a05,0x4a05,0x4a05,
0x5246,0x5246,0x5246,0x5246,0x5225,0x4a05,0x5205,0x5205,0x5205,0x5245,0x4a05,0x4a05,
0x4a05,0x5205,0x4a05,0x4a05,0x5205,0x5246,0x5a45,0x5a45,0x5246,0x5205,0x49c5,0x41c5,
0x39a4,0x3183,0x3984,0x41e5,0x6287,0x8b49,0x93ca,0xa3aa,0xa42b,0x9c0b,0x93cb,0x93cb,
0x8b6a,0x8b49,0x8309,0x7b29,0x7ae7,0x0000,0x0000,0x0000,0x0000,0x0000,0x0000,0x0000,
0x0000,0x0000,0x0000,0x0000,0x0000,0x0000,0x0000,0x9bec,0xa44e,0x9c2c,0x93cb,0x93cc,
0x93ab,0x93ab,0x8b8b,0x7309,0x5247,0x39c5,0x39c5,0x5225,0x72a7,0x8b69,0x9baa,0x9bca,
0x9beb,0x9beb,0x9beb,0x9c2b,0x9bcb,0x8b89,0x8b49,0x8328,0x7b08,0x8327,0x8b48,0x9349,
0x8b89,0x8b89,0x8b69,0x93aa,0x93aa,0x93aa,0x93cb,0x93ab,0x836a,0x7309,0x5a87,0x4a07,
0x5a67,0x72e9,0x8349,0x834a,0x8349,0x7b29,0x7b29,0x8329,0x7b2a,0x836a,0x836a,0x836a,
0x836a,0x836a,0x8bab,0x93ab,0x93ab,0x834a,0x836a,0x8b8b,0x93cb,0x93ec,0x93cc,0x93cc,
0x93ab,0x93cb,0x9bcb,0x93cb,0x93cb,0x93cb,0x93cb,0x8bab,0x93cb,0x93ec,0x93cb,0x8b8b,
0x7b2a,0x72e9,0x6aa7,0x6287,0x5a65,0x5225,0x49e4,0x41c3,0x41a3,0x39a3,0x39a3,0x39c3,
0x41c5,0x41e4,0x4a05,0x5204,0x4a04,0x49e5,0x4a05,0x5225,0x5a46,0x5a66,0x5a46,0x5225,
0x4a05,0x41c4,0x4183,0x3142,0x3142,0x3142,0x3962,0x3983,0x49c3,0x49c3,0x49c4,0x49c3,
0x41a3,0x3962,0x3122,0x2922,0x2922,0x2922,0x3142,0x3142,0x4163,0x49e4,0x5a45,0x72a7,
0x7b07,0x7b06,0x6266,0x5204,0x51c4,0x51e3,0x5a04,0x6225,0x6285,0x6287,0x7308,0x7b28,
0x72e7,0x6287,0x5a86,0x5a45,0x5245,0x5a45,0x5a45,0x5a45,0x5246,0x4a05,0x41e5,0x41c3,
0x3983,0x3983,0x4183,0x4183,0x49c3,0x49c4,0x49c4,0x49c5,0x41c4,0x39a3,0x3983,0x3983,
0x41a3,0x41c5,0x41e5,0x41e5,0x41e5,0x41c4,0x41c3,0x49c4,0x4a25,0x5a86,0x6287,0x6287,
0x5a67,0x4a25,0x4a05,0x4a25,0x5246,0x5a47,0x5267,0x5246,0x4a26,0x4a05,0x41c5,0x41e5,
0x4a26,0x5246,0x4a25,0x41e5,0x41c4,0x49c4,0x5204,0x5225,0x5a45,0x5a45,0x5246,0x4a25,
0x4a05,0x4a05,0x4a05,0x49e5,0x49c5,0x49e5,0x4a25,0x4a25,0x5204,0x49e5,0x41c4,0x41a3,
0x3983,0x3143,0x3163,0x41a4,0x5a46,0x7b09,0x93aa,0x9bcb,0x93cb,0x93cb,0x93cb,0x93aa,
0x8b89,0x8b49,0x8b49,0x8b49,0x8348,0x0000,0x0000,0x0000,0x0000,0x0000,0x0000,0x0000,
0x0000,0x0000,0x0000,0x0000,0x0000,0x0000,0x0000,0x9c0c,0xa44d,0x9c0d,0x93cc,0x8bab,
0x8bab,0x8bab,0x8b8b,0x72e9,0x5247,0x39a5,0x41c5,0x5a47,0x7b29,0x9389,0x9bcb,0x9beb,
0x9c0b,0x9bcb,0x9bcb,0x9bcb,0x93ca,0x8b6a,0x8b49,0x82e8,0x7b27,0x8b28,0x8b69,0x9389,
0x9389,0x93ca,0x93ab,0x8b8a,0x93ab,0x9bcb,0x9bcb,0x93cb,0x8b8b,0x7309,0x5a87,0x4a07,
0x5a67,0x6ac8,0x7b09,0x7b29,0x7b29,0x7b29,0x7b29,0x7b29,0x7b29,0x836a,0x836a,0x8bab,
0x8b8b,0x8bab,0x93ab,0x93cb,0x9bcb,0x9bcb,0x93ab,0x9bcb,0x93cc,0x93cb,0x93cb,0x9bcb,
0x9bcb,0x9bcb,0x9beb,0x9bcb,0x9bcb,0x93ab,0x93cb,0x93cb,0x93ec,0x93ec,0x8bab,0x834a,
0x72e8,0x6aa7,0x6287,0x62a6,0x5a45,0x5205,0x41c3,0x41a3,0x41c4,0x41c4,0x41c4,0x41c5,
0x41c5,0x41e5,0x4a05,0x4a05,0x4a05,0x49c4,0x49c4,0x4a04,0x5205,0x5225,0x5225,0x5205,
0x49e4,0x49c4,0x49a3,0x3983,0x3942,0x3942,0x3962,0x4183,0x49c3,0x49c3,0x51c4,0x49c3,
0x4183,0x3942,0x3142,0x3141,0x3122,0x3142,0x3942,0x3983,0x41c4,0x5a45,0x62a6,0x7b27,
0x7b29,0x6ae8,0x6286,0x5a04,0x51e4,0x5a04,0x6244,0x5a45,0x62a6,0x72e6,0x72e8,0x6ae8,
0x6ac8,0x6287,0x6286,0x5a45,0x5a45,0x5a45,0x5a65,0x5a66,0x5a66,0x5246,0x4a05,0x41c4,
0x39a4,0x41a3,0x41a3,0x41a3,0x49c3,0x49c4,0x4a04,0x4a04,0x41c4,0x41c3,0x41a3,0x4183,
0x39a3,0x41c4,0x4a05,0x41e5,0x41c5,0x41c4,0x49c5,0x4a05,0x5225,0x5a66,0x5a87,0x5a87,
0x5246,0x4a25,0x5226,0x5246,0x5246,0x5247,0x5246,0x5246,0x4a26,0x4a05,0x41c5,0x41c5,
0x4a05,0x4a05,0x41e5,0x41a4,0x41c3,0x49c3,0x5204,0x5225,0x5a45,0x5a46,0x5246,0x4a25,
0x4a45,0x5245,0x5225,0x5204,0x49c4,0x41c3,0x41a3,0x41c4,0x41c4,0x49c4,0x49c3,0x4183,
0x4183,0x3942,0x3163,0x39a4,0x5225,0x7ac8,0x8b89,0x93cb,0x9c2b,0x93cb,0x93cb,0x8b6a,
0x9389,0x9b89,0x93a9,0x9ba9,0x8b49,0x0000,0x0000,0x0000,0x0000,0x0000,0x0000,0x0000,
0x0000,0x0000,0x0000,0x0000,0x0000,0x0000,0x0000,0x9bcb,0x9c2d,0x93cc,0x93cb,0x8bab,
0x93ab,0x8bab,0x8b8b,0x72e9,0x5227,0x39a5,0x41c5,0x6287,0x8329,0x93cb,0x9bcb,0x9bcb,
0x9bcb,0x9bcb,0x93ab,0x8ba9,0x93aa,0x8ba9,0x8b49,0x8b49,0x8b49,0x8b49,0x9349,0x9b69,
0x93ca,0x93ca,0x8baa,0x93cb,0x93cb,0x9bcb,0x9bcb,0x93cc,0x93ab,0x7b29,0x5a87,0x4a07,
0x5a67,0x6aa7,0x7309,0x7b29,0x7b29,0x7b29,0x72e8,0x72e9,0x7b29,0x834a,0x8b8b,0x8bab,
0x8bab,0x8bab,0x8bab,0x93cb,0x93ec,0x93ec,0x93ec,0x93cb,0x93ec,0x9bcb,0x9bcb,0x9bcb,
0x9bcb,0x93cb,0xa44b,0xa3ec,0xa42b,0x9bcb,0x93ab,0x93ec,0x9c0c,0x93ec,0x8b6b,0x7b09,
0x6aa7,0x5aa6,0x62a6,0x62a6,0x5a45,0x4a05,0x41c4,0x49c3,0x49e4,0x4a05,0x4a05,0x41e5,
0x41c5,0x41c5,0x4a05,0x5204,0x51e4,0x51c4,0x51c4,0x51c4,0x6a64,0x72c5,0x72a5,0x6a65,
0x72c5,0x7285,0x72a5,0x72a5,0x6224,0x51e4,0x4983,0x4983,0x4143,0x49a3,0x49c4,0x4183,
0x3962,0x3962,0x3942,0x3942,0x3982,0x3982,0x4183,0x4183,0x49c3,0x5a65,0x6aa7,0x72e8,
0x72e8,0x62a6,0x5a65,0x5204,0x51e4,0x5204,0x5204,0x5a45,0x5a65,0x62a6,0x62a7,0x5aa8,
0x5a87,0x5286,0x5a46,0x5a45,0x5a45,0x5a45,0x5a65,0x6285,0x5a67,0x5246,0x4a26,0x4a05,
0x41c4,0x41a3,0x41c3,0x41a3,0x41c3,0x49c4,0x49c5,0x4a05,0x4a04,0x4a04,0x49c4,0x41c3,
0x41c3,0x41c4,0x4a05,0x41e5,0x41e5,0x4a05,0x5204,0x4a05,0x4a05,0x4a05,0x4a26,0x5266,
0x5246,0x4a05,0x5226,0x5246,0x5246,0x4a26,0x41e5,0x41c5,0x41c5,0x41c5,0x41c5,0x41c5,
0x41c6,0x4a05,0x41c5,0x41c4,0x41c4,0x4a05,0x5205,0x5246,0x5246,0x5246,0x4a06,0x4a06,
0x4a05,0x5246,0x5245,0x5a45,0x49e4,0x41c3,0x3983,0x3983,0x4183,0x41c3,0x41c3,0x4183,
0x4183,0x4183,0x4183,0x39a3,0x49e5,0x6266,0x8329,0x93aa,0x93cb,0x93cb,0x93cb,0x93aa,
0x93aa,0x93ca,0x93aa,0x93aa,0x8b49,0x0000,0x0000,0x0000,0x0000,0x0000,0x0000,0x0000,
0x0000,0x0000,0x0000,0x0000,0x0000,0x0000,0x0000,0x93cb,0x93cc,0x93cc,0x93cb,0x93cb,
0x93cc,0x93cc,0x838b,0x72e9,0x4a07,0x39a5,0x41e5,0x6288,0x8369,0x9bcb,0x9bcb,0x9bcb,
0x9bcb,0x9bcb,0x93ca,0x9b69,0x8b89,0x9389,0x93a9,0x8b89,0x8b69,0x8b49,0x8b89,0x9389,
0x9b8a,0x9bcb,0x9bcb,0x9bcb,0x9bcb,0x9bcb,0x9c0b,0x93cc,0x93cc,0x7b4a,0x6ac8,0x5247,
0x5267,0x6ac8,0x7b09,0x8329,0x7b29,0x7309,0x6ae8,0x6ae8,0x7b29,0x834a,0x836b,0x8bab,
0x8b8b,0x8bab,0x93ab,0x93ec,0x93ec,0x9c0d,0x9c2c,0x93ed,0x9bec,0x9bcb,0x9bcb,0x93cb,
0x93cb,0x93cb,0x93ec,0x9bec,0x93cb,0x8bab,0x8bab,0x93ab,0x93ab,0x8b6b,0x7b09,0x6aa7,
0x6286,0x5a46,0x5a45,0x5a45,0x5225,0x49c5,0x49c4,0x49e5,0x4a05,0x4a05,0x49e5,0x49c4,
0x5a25,0x6a85,0x8326,0x9367,0xa407,0xb489,0xbca9,0xc4ea,0xcd2b,0xdd8c,0xd5eb,0xde0c,
0xd5ec,0xd54b,0xddac,0xc54a,0xd58b,0xcd4b,0xcd4b,0xb489,0xac28,0x9ba7,0x8347,0x6a65,
0x5a05,0x4183,0x4183,0x4183,0x3983,0x3983,0x3982,0x3983,0x41c4,0x5225,0x5a86,0x5a86,
0x5287,0x4a46,0x4a05,0x4a04,0x49c3,0x49c3,0x49c3,0x5204,0x5a45,0x5a66,0x5a87,0x5267,
0x5246,0x4a26,0x5246,0x5a46,0x5a45,0x5a45,0x5a45,0x5a45,0x5266,0x5246,0x5246,0x4a06,
0x41e5,0x41c4,0x41a3,0x41a3,0x4183,0x41c3,0x41c4,0x41c4,0x4a05,0x4a05,0x4a05,0x49e4,
0x41c4,0x41c4,0x41e5,0x41e5,0x4a05,0x5225,0x5225,0x4a04,0x4a04,0x39c4,0x39a4,0x41e5,
0x41e5,0x4a05,0x41e5,0x49e5,0x41e5,0x41c5,0x39a4,0x39a4,0x39a4,0x39c4,0x41e5,0x49e5,
0x41e5,0x41e5,0x41e5,0x41c4,0x41c3,0x49c5,0x4a05,0x4a05,0x4a05,0x4a05,0x41e5,0x41e5,
0x41e5,0x4a05,0x5245,0x5a45,0x5225,0x41c3,0x3983,0x3962,0x3983,0x3983,0x4183,0x41a3,
0x3983,0x4183,0x41a4,0x41a4,0x41c4,0x5226,0x6aa8,0x8b69,0x93cb,0x93cb,0x93ca,0x93ca,
0x93ca,0x93ca,0xa3aa,0x9bca,0x8b89,0x0000,0x0000,0x0000,0x0000,0x0000,0x0000,0x0000,
0x0000,0x0000,0x0000,0x0000,0x0000,0x0000,0x0000,0x9bcb,0x9bec,0x93cb,0x93cb,0x93ec,
0x93cb,0x93cb,0x834a,0x72e8,0x5206,0x39a5,0x4205,0x62a8,0x8349,0x9bcb,0x9bcb,0x9bc9,
0x938b,0x8ba9,0x9bcb,0x9bcb,0x9b8a,0x9bca,0x9bca,0x9389,0x8b49,0x8b49,0x8b49,0x9b69,
0x9bcb,0x9bcb,0x9bcb,0x9bcb,0x93ec,0x93cb,0x9bcb,0x93cb,0x93cb,0x7b4a,0x6ac8,0x5247,
0x5a87,0x72e8,0x7b29,0x834a,0x7b29,0x7b29,0x6ae8,0x6ae8,0x7b29,0x834a,0x836a,0x8bab,
0x8b8b,0x8b6b,0x8bab,0x93ec,0x93ec,0xa44c,0x9c2d,0x9c2d,0x9c0c,0x9bcb,0x9bcb,0x9bcb,
0x9bcb,0x9bcb,0x93ec,0x93cb,0x8bab,0x836b,0x836a,0x8bab,0x8349,0x7b09,0x6aa7,0x5a86,
0x5246,0x5246,0x4a05,0x4a05,0x49c5,0x41c4,0x41c4,0x49c4,0x5a04,0x6a05,0x8b05,0xabe7,
0xccea,0xdd6b,0xee0d,0xee4e,0xe60d,0xe5ec,0xee0d,0xee4e,0xe68b,0xf66e,0xde8b,0xee8c,
0xffac,0xf6ee,0xf68e,0xf68f,0xee4e,0xf6af,0xf6af,0xf68f,0xc56f,0xe60d,0xddac,0xd5ec,
0xbcca,0xabea,0x8308,0x6a25,0x59c4,0x4183,0x3142,0x3162,0x3983,0x41e4,0x4a26,0x5246,
0x4a26,0x4a06,0x4a05,0x49c5,0x49c3,0x49c3,0x49c5,0x5204,0x5a45,0x5286,0x5246,0x4a06,
0x4a05,0x4a06,0x5246,0x5226,0x5a45,0x5245,0x5204,0x4a05,0x5226,0x4a06,0x4a26,0x4a06,
0x4a05,0x41c4,0x41c3,0x3983,0x3983,0x41a3,0x41c3,0x41c3,0x41e5,0x4a05,0x5204,0x5204,
0x49c4,0x41c4,0x41c4,0x41e5,0x4a05,0x5245,0x5204,0x4a05,0x39a4,0x3983,0x3183,0x3983,
0x41c3,0x41c4,0x41c3,0x41c3,0x41c3,0x39c3,0x3983,0x3983,0x39a3,0x41c4,0x4a05,0x5246,
0x5246,0x4a05,0x41c5,0x41c5,0x41c5,0x41c5,0x41c5,0x4a05,0x4a05,0x41c5,0x39c5,0x39c5,
0x41c5,0x4a05,0x5245,0x5a45,0x5225,0x4a04,0x3983,0x3142,0x3982,0x3163,0x3982,0x3983,
0x4183,0x41c3,0x49e4,0x41c4,0x41c4,0x49e5,0x6287,0x8329,0x93cb,0x93cb,0x93cb,0x93c9,
0x9b89,0x93cb,0x93cb,0x93cb,0x8ba9,0x0000,0x0000,0x0000,0x0000,0x0000,0x0000,0x0000,
0x0000,0x0000,0x0000,0x0000,0x0000,0x0000,0x0000,0x8bcc,0x9beb,0x93cc,0x93cc,0x9c0c,
0x9c0c,0x93cb,0x8b8b,0x72e9,0x5247,0x41c5,0x4205,0x6287,0x836a,0x9bcb,0x9bcb,0x9baa,
0x8ba9,0x9b8a,0x9bca,0x9bca,0xa3aa,0x9bca,0x9baa,0x9389,0x8b49,0x8b49,0x8b49,0x9369,
0x9bcb,0x9bcb,0x9beb,0x9c0c,0x93ec,0x9bcb,0x93ec,0x9bcb,0x93cb,0x7b2a,0x6ac8,0x5268,
0x62a8,0x72e8,0x834a,0x834a,0x7b29,0x7b29,0x7309,0x72e8,0x7309,0x834a,0x8b8b,0x8b8b,
0x8b8b,0x8b8b,0x8bab,0x93cc,0x93ec,0x9c0d,0xa42c,0x9c0c,0x9c2d,0xa42d,0x9c0c,0x9c2c,
0x9c2c,0x93ec,0x93ab,0x8bab,0x8b6b,0x836a,0x836a,0x8329,0x6ac8,0x6287,0x5a66,0x5226,
0x4a05,0x4a05,0x41e5,0x41c4,0x49c4,0x51c4,0x7ac5,0xa388,0xc489,0xdd0a,0xdd6b,0xe5ab,
0xe5cd,0xe5cc,0xe5cd,0xf5ec,0xedec,0xf6ae,0xee4d,0xf64d,0xee6e,0xf68d,0xfeac,0xee6e,
0xee4e,0xf6ce,0xf6ae,0xf68e,0xff2d,0xf6ee,0xf70d,0xf72e,0xff4d,0xf6ce,0xe62d,0xee0e,
0xe60e,0xe5ee,0xd5ad,0xcd0b,0xbcab,0xa3c9,0x7b07,0x51c4,0x3983,0x3984,0x41e5,0x4a06,
0x4a06,0x4a06,0x4a25,0x4a45,0x5245,0x5204,0x5204,0x5a45,0x5a66,0x5a66,0x5246,0x4a06,
0x41e5,0x41e5,0x4a05,0x4a05,0x5225,0x5204,0x4a04,0x41e4,0x41c5,0x39e5,0x41e5,0x41e5,
0x41c5,0x41c4,0x41a4,0x39a3,0x3983,0x3983,0x39a4,0x39a4,0x39c4,0x41e5,0x5204,0x5225,
0x4a04,0x4a04,0x41e5,0x41c5,0x4a05,0x4a25,0x4a05,0x41c4,0x39a3,0x3183,0x3142,0x3142,
0x3983,0x3983,0x41a3,0x39a4,0x41c4,0x49c4,0x41e4,0x49c4,0x49c4,0x4a04,0x5a45,0x5a46,
0x5a45,0x5226,0x4a05,0x49e5,0x41e4,0x41c4,0x41c4,0x41c5,0x41e5,0x41e5,0x39c5,0x39c4,
0x41c5,0x4a25,0x5266,0x5246,0x5225,0x4a04,0x4183,0x3962,0x3142,0x3163,0x3982,0x3982,
0x4183,0x49c3,0x5205,0x5205,0x4a05,0x5205,0x5a46,0x72e8,0x8b69,0x93cb,0x9baa,0x93aa,
0x9baa,0x93c9,0x9baa,0x9bca,0x8ba9,0x0000,0x0000,0x0000,0x0000,0x0000,0x0000,0x0000,
0x0000,0x0000,0x0000,0x0000,0x0000,0x0000,0x0000,0x8bab,0x93cc,0x93cb,0x9c2b,0x9bec,
0x93ec,0x9bcb,0x938a,0x72e8,0x5a47,0x39e5,0x4a06,0x6288,0x8ba9,0x9bcb,0x9bcb,0x93aa,
0x9389,0x9389,0x9bca,0xa3aa,0x9c0b,0x9bcb,0x9bca,0x9389,0x8b49,0x8b49,0x8b69,0x8ba9,
0x9bcb,0x9bcb,0x9c0b,0x93ec,0x93ec,0x93cb,0x9bcb,0x9bcb,0x93ab,0x7b29,0x6ac8,0x5a47,
0x5aa8,0x732a,0x834a,0x7b29,0x7b29,0x7b29,0x7b09,0x7b09,0x7b29,0x834a,0x836a,0x8bab,
0x8b8b,0x8bab,0x8bab,0x8bab,0x93ec,0x93ec,0x9c0d,0x9c0d,0x9c0c,0x9bed,0xa44c,0x9c2d,
0x9c2d,0x93ed,0x93cb,0x93ab,0x836a,0x8349,0x8329,0x6ac8,0x6286,0x5a45,0x5245,0x5245,
0x4a05,0x49e5,0x49e4,0x6a45,0x9326,0xcca9,0xe52a,0xed8b,0xedac,0xedac,0xedac,0xf5ac,
0xedac,0xf5ac,0xfdeb,0xf5ec,0xf60c,0xee0d,0xfdec,0xf66e,0xfe0b,0xf68d,0xfe0c,0xfe4d,
0xf68c,0xfeed,0xf6cd,0xfeac,0xf6ae,0xee6e,0xff4d,0xf6ee,0xf6af,0xff2d,0xffac,0xf6ce,
0xf6af,0xee4e,0xee2e,0xee4e,0xee0f,0xddef,0xddcd,0xac6b,0x8b08,0x6226,0x41c4,0x41c5,
0x4a06,0x4a26,0x5287,0x5a66,0x6285,0x5a65,0x6244,0x5a65,0x5a85,0x5246,0x4a26,0x4a05,
0x41c5,0x41c5,0x41c4,0x4a04,0x5204,0x4a05,0x49e4,0x39c3,0x39c3,0x39c4,0x39c5,0x41c5,
0x41c4,0x41c4,0x39c5,0x41a4,0x3984,0x41a3,0x39a3,0x39a3,0x39c4,0x41c5,0x4a05,0x5225,
0x5246,0x4a45,0x4a05,0x41e5,0x41c5,0x41c5,0x41e5,0x41c3,0x39a3,0x3982,0x3142,0x3142,
0x3183,0x39a3,0x41c4,0x41c4,0x4a05,0x5225,0x5a65,0x5a65,0x5a25,0x5a45,0x6286,0x5a46,
0x5a45,0x5225,0x4a05,0x4a05,0x49e5,0x4a05,0x49e5,0x49c5,0x4a05,0x41e5,0x41c5,0x4a05,
0x4a25,0x4a26,0x5246,0x5246,0x4a25,0x49c4,0x4183,0x3162,0x3982,0x3962,0x3983,0x4183,
0x41c3,0x5204,0x5a25,0x5a25,0x5a25,0x5a45,0x5a66,0x6aa7,0x8328,0x9389,0x93cb,0x93c9,
0x93ca,0x93cb,0x93ca,0x9bc9,0x8ba9,0x0000,0x0000,0x0000,0x0000,0x0000,0x0000,0x0000,
0x0000,0x0000,0x0000,0x0000,0x0000,0x0000,0x0000,0x7b4a,0x93ab,0x93cb,0x93cb,0x9bcb,
0x93cb,0x93cb,0x8b8b,0x72e8,0x5247,0x41e5,0x4206,0x6287,0x836a,0x9bcb,0x9bcb,0x9bc9,
0x9389,0x8ba9,0x9bca,0x9bcb,0xa3aa,0x9bcb,0x9bca,0x9bc9,0x9b69,0x8b6a,0x8b49,0x8ba9,
0x93ab,0x9bcb,0x93cc,0x93ec,0x93ec,0x93cb,0x9bcb,0x9bcb,0x8b8b,0x7b29,0x62a7,0x5a47,
0x62a8,0x6ae9,0x834a,0x7b29,0x7b29,0x7b29,0x7b29,0x7b29,0x834a,0x836a,0x8b8b,0x8b6b,
0x8bab,0x8bab,0x8bab,0x93ab,0x8bac,0x93ec,0x93ec,0x93ec,0x93cc,0x9bcb,0x9bec,0x9c2e,
0xa44c,0x9c0d,0x93ec,0x93ab,0x836a,0x7b29,0x6ac8,0x5a66,0x5245,0x4a05,0x5205,0x4a05,
0x5a05,0x7284,0xb388,0xdcca,0xf52b,0xeccc,0xf54b,0xecca,0xfd4b,0xf52c,0xfd2c,0xed0c,
0xfd2b,0xeced,0xfd4b,0xfd4b,0xfd4b,0xf54e,0xfd6c,0xf56d,0xfd6e,0xfdab,0xfe0c,0xfe0b,
0xf66e,0xfe0c,0xf64d,0xfeac,0xfead,0xf6af,0xfeac,0xff0d,0xff2c,0xff2d,0xf6ce,0xff6d,
0xff4d,0xf68f,0xf68f,0xf6af,0xee6e,0xee4e,0xf68f,0xd5af,0xdd6c,0xbcaa,0x9329,0x5a66,
0x4a06,0x5247,0x5aa6,0x5a87,0x62a5,0x5a65,0x5a25,0x5225,0x5225,0x4a25,0x41c5,0x41c5,
0x41c5,0x41c4,0x41c4,0x41e4,0x4a05,0x49e5,0x41c3,0x41c3,0x41c3,0x41c4,0x41c4,0x41c5,
0x41c4,0x41c5,0x49c5,0x49c4,0x41c5,0x41c4,0x39a3,0x41c4,0x41c4,0x4a05,0x5225,0x5246,
0x5246,0x5226,0x4a05,0x41c5,0x39c5,0x41c5,0x41c5,0x41c3,0x41c3,0x41a3,0x3982,0x3162,
0x3142,0x3983,0x41c3,0x49e4,0x5225,0x6285,0x6287,0x6287,0x6287,0x6285,0x5a67,0x5a46,
0x5225,0x49e5,0x4a05,0x4a05,0x49e5,0x4a05,0x49c5,0x49e5,0x49c5,0x4a05,0x5206,0x5245,
0x5246,0x5246,0x4a26,0x4a06,0x41e5,0x41c3,0x3983,0x3982,0x3942,0x4183,0x49c3,0x49e4,
0x5204,0x5204,0x5a25,0x5225,0x6265,0x5a66,0x5a25,0x5a86,0x72c8,0x8328,0x8ba9,0x93cb,
0x93cb,0x93cb,0x93ca,0x93c9,0x8b69,0x0000,0x0000,0x0000,0x0000,0x0000,0x0000,0x0000,
0x0000,0x0000,0x0000,0x0000,0x0000,0x0000,0x0000,0x7b2a,0x8b8b,0x8bab,0x93cb,0x93ab,
0x93ab,0x8b8b,0x8329,0x6ac8,0x5246,0x39c5,0x41e5,0x6288,0x8329,0x9beb,0x9bcb,0x9bcb,
0x93a9,0x9389,0x938a,0x9bc9,0x9bca,0x9bca,0x9bca,0x93ca,0x93aa,0x9389,0x8b89,0x8baa,
0x938a,0x93ab,0x9bcb,0x93cc,0x93cb,0x93ab,0x93ca,0x8b8a,0x8b89,0x7b29,0x6287,0x5247,
0x5aa8,0x6b0a,0x7b2a,0x834a,0x7b29,0x7b29,0x7b29,0x836a,0x836a,0x836a,0x836b,0x8bab,
0x8bab,0x93ab,0x8bab,0x93ab,0x93ec,0x9bed,0x9c0d,0x93ec,0x93cc,0x93cc,0x93ec,0x9c0d,
0x9c0d,0x9c0d,0x93ec,0x93ab,0x8349,0x6ac8,0x5a66,0x4a25,0x41e4,0x41e4,0x5224,0x82c7,
0xb3c8,0xeccb,0xfd4b,0xf4eb,0xe4ab,0xe46a,0xe46b,0xe4aa,0xe46b,0xdc6a,0xdc8b,0xe48b,
0xe4ac,0xe48a,0xe48c,0xeceb,0xeccb,0xf4eb,0xecec,0xf4eb,0xfd0b,0xf52d,0xfd6b,0xfd4c,
0xfd6c,0xfd6d,0xfdcc,0xfe0b,0xfe2c,0xfe0b,0xf66e,0xfe6d,0xf6af,0xf6ad,0xfeed,0xff4d,
0xf6ee,0xf6af,0xff6c,0xf72e,0xff2d,0xf6ee,0xee6e,0xf6af,0xe60e,0xee0f,0xdd8d,0xbc2b,
0x8b29,0x5246,0x5266,0x5266,0x5245,0x4a04,0x51e4,0x49e4,0x41e4,0x41c4,0x39a4,0x39a3,
0x41c4,0x41c4,0x41c4,0x41e4,0x49e4,0x4a05,0x4a04,0x41c4,0x41e4,0x41e5,0x41e5,0x4a05,
0x49e5,0x49e5,0x49e5,0x4a05,0x4a05,0x41c4,0x41c4,0x41e4,0x5225,0x5246,0x5245,0x5246,
0x5246,0x4a26,0x4a06,0x41c5,0x41c5,0x39c5,0x41c4,0x41c4,0x49e4,0x49e4,0x41c3,0x3983,
0x3162,0x3163,0x3983,0x41c4,0x5245,0x6285,0x6287,0x6a87,0x6287,0x6286,0x5a46,0x4a05,
0x41c5,0x41c4,0x49c5,0x49c5,0x49e5,0x49c5,0x4a05,0x49c5,0x49e5,0x4a25,0x5246,0x5a46,
0x5a67,0x5267,0x4a26,0x4a06,0x4a05,0x41c3,0x41a3,0x3983,0x41a3,0x41a3,0x49e4,0x5205,
0x5a25,0x5205,0x4a05,0x4a05,0x4a05,0x5205,0x5225,0x5a25,0x6266,0x72e7,0x8348,0x93a9,
0x9bab,0xa3aa,0x93cb,0x93cb,0x8b89,0x0000,0x0000,0x0000,0x0000,0x0000,0x0000,0x0000,
0x0000,0x0000,0x0000,0x0000,0x0000,0x0000,0x0000,0x7b2a,0x8349,0x834a,0x836a,0x8b6a,
0x8b89,0x8b49,0x7309,0x6aa7,0x4a06,0x39a5,0x41c5,0x6287,0x8329,0x9bcb,0x9bcb,0x9bcb,
0x9bca,0x9bca,0x9bca,0x9bca,0x9bca,0x9bca,0x9bca,0x9ba9,0x9b69,0x8b89,0x9b69,0x836a,
0x936a,0x8bab,0x93ab,0x93ec,0x93ec,0x8b8b,0x9b69,0x8b89,0x8b49,0x72e8,0x6287,0x5247,
0x5288,0x630b,0x7b29,0x7b29,0x7b29,0x7b29,0x836a,0x836a,0x836a,0x836a,0x836a,0x8bab,
0x8b8b,0x8bab,0x8bab,0x93cc,0x93ec,0x9c0d,0x9c2e,0x93ed,0x93ec,0x93ec,0x93ec,0x93ec,
0x93ec,0x9c0d,0x9bcb,0x8b8b,0x7309,0x5a66,0x5205,0x41c3,0x41c3,0x5a45,0xb3a9,0xe4aa,
0xe4aa,0xdc6a,0xcc6c,0xd44c,0xcc2b,0xcc2b,0xcc4b,0xcc2b,0xcc2b,0xcc2b,0xcc2b,0xc40a,
0xcc2b,0xd44b,0xd44b,0xd44b,0xdc4c,0xe4ad,0xe46a,0xdc4b,0xe4aa,0xe4aa,0xec4d,0xfd0b,
0xf4ea,0xfd2b,0xfd2b,0xfd8b,0xfd6d,0xfd6e,0xfe0b,0xfe2c,0xfe0b,0xfead,0xf6ae,0xf6ae,
0xf6af,0xff2c,0xff2d,0xffac,0xff6d,0xf6ee,0xffcc,0xf6af,0xf6af,0xf6af,0xf6af,0xee0f,
0xd54d,0x9b69,0x5a46,0x41c5,0x41c5,0x41c3,0x49c3,0x49c3,0x41c4,0x3983,0x3983,0x3983,
0x39c3,0x41c5,0x4a05,0x4a05,0x5204,0x5204,0x5204,0x5204,0x5204,0x4a06,0x4a06,0x4a06,
0x4a06,0x4a05,0x4a05,0x4a05,0x49c5,0x49e5,0x4a05,0x5204,0x5a45,0x5a87,0x5a87,0x5286,
0x5246,0x4a06,0x4a06,0x41e5,0x41c5,0x39c5,0x39c5,0x41c5,0x4a05,0x5204,0x5204,0x49c4,
0x3982,0x3162,0x3982,0x41a4,0x4a25,0x5a47,0x5a86,0x5a87,0x5a86,0x5a46,0x5246,0x41c5,
0x41c3,0x41a4,0x41c4,0x41c4,0x49c4,0x4a05,0x4a05,0x4a05,0x4a05,0x5226,0x5a47,0x5a87,
0x5287,0x5247,0x5246,0x4a06,0x4a05,0x4a04,0x49c3,0x49c3,0x49c3,0x49e4,0x5205,0x5a45,
0x5a45,0x4a05,0x41c4,0x3163,0x39a3,0x41a4,0x49e4,0x49e4,0x5225,0x5a45,0x6ac8,0x8329,
0x93c9,0x93cb,0x93cb,0x93cb,0x8ba9,0x0000,0x0000,0x0000,0x0000,0x0000,0x0000,0x0000,
0x0000,0x0000,0x0000,0x0000,0x0000,0x0000,0x0000,0x8329,0x8b6a,0x8b69,0x836a,0x8b89,
0x8b6a,0x8b49,0x7b09,0x6aa7,0x4a06,0x39a5,0x41c5,0x6286,0x8329,0x93ca,0xa40b,0x9bcb,
0x9c0b,0x9bcb,0x9baa,0x93ca,0x9bca,0xa3aa,0xa3aa,0x9baa,0x93a9,0x9369,0x8b89,0x8b49,
0x8b49,0x8b8a,0x8bab,0x93cc,0x93cc,0x93ab,0x836a,0x8b49,0x8b49,0x72e8,0x5a87,0x5247,
0x5a88,0x6b0a,0x7b2a,0x834a,0x7b29,0x7b2a,0x836a,0x836a,0x836a,0x836a,0x836a,0x8b8b,
0x8b8b,0x8b8b,0x8bab,0x93cc,0x93ec,0x9c0d,0x9c2e,0x9c2e,0x9c0d,0x93ec,0x93ec,0x93ec,
0x93cc,0x93cc,0x8bab,0x7b29,0x6aa7,0x5245,0x49c4,0x49a4,0x8b26,0xd44a,0xd44b,0xd42a,
0xc40a,0xbbea,0xbbea,0xbbea,0xb3ca,0xbbca,0xb3ca,0xb3ca,0xb3ca,0xb3ca,0xb3ea,0xbbea,
0xbbca,0xc40b,0xc40a,0xc40a,0xc40b,0xcc2b,0xcc2b,0xd42b,0xd42b,0xd42b,0xcc2b,0xdc4b,
0xe46b,0xe48b,0xf4cc,0xf4ac,0xfd0a,0xfd4b,0xfd4c,0xfdac,0xfdeb,0xfe0b,0xfe4b,0xfe6c,
0xfeac,0xf6ad,0xfecd,0xf70e,0xff2d,0xff2e,0xf72e,0xff8c,0xff4d,0xf6ee,0xff4d,0xf6cf,
0xee2e,0xee2e,0xabcb,0x6286,0x41c4,0x49c4,0x51e4,0x5204,0x49e4,0x4183,0x3983,0x3983,
0x39c3,0x41e5,0x4a25,0x5245,0x5245,0x5245,0x5a45,0x5a45,0x5225,0x5245,0x4a46,0x4a06,
0x4a05,0x41e5,0x41c5,0x41c5,0x41c5,0x49c5,0x4a05,0x5245,0x5a66,0x5a87,0x5a87,0x5287,
0x5267,0x5266,0x4a46,0x4a26,0x4a05,0x41e5,0x41c4,0x49e5,0x4a25,0x5a45,0x5a45,0x5225,
0x49c4,0x3983,0x3983,0x41c3,0x49e5,0x5245,0x4a26,0x4a26,0x4a26,0x5246,0x5246,0x4a05,
0x41c4,0x39a3,0x39a3,0x41c4,0x49c4,0x5205,0x5245,0x5245,0x5a46,0x5a67,0x5a87,0x5a87,
0x5287,0x5287,0x5246,0x4a26,0x4a05,0x4a04,0x51e4,0x49e4,0x49c3,0x49e4,0x5205,0x5245,
0x5245,0x41c4,0x3184,0x2922,0x2922,0x3163,0x3983,0x41a4,0x41a3,0x49c4,0x5a45,0x72c8,
0x8349,0x93cb,0x93cb,0x93cb,0x8b89,0x0000,0x0000,0x0000,0x0000,0x0000,0x0000,0x0000,
0x0000,0x0000,0x0000,0x0000,0x0000,0x0000,0x0000,0x8b6a,0x8bab,0x936a,0x936a,0x8b89,
0x936a,0x8b49,0x8329,0x6aa8,0x4a06,0x39a5,0x41c5,0x6286,0x8329,0x9bca,0xa3aa,0xa3ca,
0x9bcb,0x9bcb,0x9bca,0x9bcb,0xa40b,0x9beb,0x9be9,0x9bc9,0x8ba9,0x9389,0x9369,0x8b49,
0x8b49,0x8b49,0x8b8b,0x93cb,0x93ec,0x93ab,0x8ba9,0x8b49,0x8329,0x72e8,0x6287,0x4a07,
0x5a67,0x6ae9,0x834a,0x834a,0x834a,0x7b29,0x834a,0x836a,0x836b,0x8b6b,0x836a,0x836a,
0x8b8b,0x8bab,0x8b6b,0x8bab,0x93cc,0x93ec,0x9c0d,0x9c0d,0x9c0d,0x93ec,0x93ec,0x93cc,
0x8bab,0x8b8b,0x8329,0x6aa7,0x5a45,0x4a05,0x5a25,0xabc8,0xcc2b,0xbbea,0xb3ca,0xb3ca,
0xabaa,0xb3aa,0xabaa,0xa38a,0xb3cb,0xab8a,0xa389,0x9b69,0xb3aa,0xabaa,0xab6a,0xb3ca,
0xb3cb,0xb3cb,0xb3ca,0xbbeb,0xbbeb,0xb3ca,0xbbea,0xbbeb,0xc3ea,0xc40b,0xc40b,0xc40b,
0xd42b,0xd42b,0xd42b,0xdc8a,0xe48a,0xe48a,0xf4ca,0xf50b,0xfd6b,0xfd4d,0xfdeb,0xfdeb,
0xfe2c,0xfe8b,0xfead,0xff2c,0xff2c,0xffac,0xffcc,0xffac,0xffcc,0xff4d,0xf6ce,0xf6af,
0xf64f,0xe5ee,0xe60d,0xabaa,0x5a45,0x4a05,0x5204,0x5a24,0x5204,0x41c3,0x3983,0x39c3,
0x41c4,0x4a05,0x5205,0x5245,0x5a45,0x5a45,0x5225,0x5a25,0x5245,0x5246,0x5246,0x4a26,
0x4a06,0x41c5,0x41c5,0x41c4,0x41c4,0x49e5,0x4a05,0x5246,0x5a46,0x5a47,0x5286,0x5247,
0x5287,0x5287,0x5287,0x5267,0x5246,0x4a26,0x4a05,0x4a05,0x4a26,0x5a46,0x5a86,0x5a45,
0x5205,0x49c3,0x41c3,0x41a4,0x41c5,0x41c5,0x41c4,0x41c4,0x41e4,0x5226,0x5247,0x5225,
0x41c5,0x3983,0x3983,0x39c3,0x41e5,0x5226,0x6286,0x6267,0x5a87,0x5a87,0x5a87,0x5287,
0x5267,0x5266,0x4a26,0x4a05,0x4a05,0x4a05,0x4a05,0x49e4,0x49c3,0x49e4,0x4a05,0x5245,
0x49e4,0x3984,0x3143,0x2922,0x2922,0x2923,0x3163,0x3163,0x3143,0x3983,0x41a4,0x5a45,
0x72e8,0x8b89,0x93ab,0x93cb,0x8b8a,0x0000,0x0000,0x0000,0x0000,0x0000,0x0000,0x0000,
0x0000,0x0000,0x0000,0x0000,0x0000,0x0000,0x0000,0x8b6a,0x93cb,0x938a,0x8b89,0x936a,
0x8b89,0x8b49,0x8329,0x6aa8,0x4a06,0x39a4,0x41e5,0x62a7,0x8329,0x9bca,0x9bcb,0x9bcb,
0x9c0b,0x9bcb,0x9bcb,0x9bcb,0x9bcb,0x9c0b,0x9bcb,0x9bc9,0x8ba9,0x9389,0x9349,0x8b49,
0x8b49,0x8b49,0x834a,0x8bab,0x8bab,0x93ab,0x8b8b,0x8b89,0x8329,0x72e8,0x5a67,0x4a06,
0x5267,0x6ae9,0x7b4a,0x834a,0x7b29,0x7b29,0x834a,0x834a,0x836a,0x8bab,0x8b8b,0x8b8b,
0x8b8b,0x8bab,0x8b6b,0x8b8b,0x8bab,0x93cc,0x93ec,0x93ec,0x93ec,0x93ec,0x93cc,0x8bab,
0x836b,0x7b29,0x6aa8,0x5a85,0x5205,0x72a5,0xbbca,0xbbea,0xab8a,0xabaa,0xabaa,0xb3aa,
0xab69,0xabaa,0xabaa,0xa369,0xab69,0xab8a,0xa38a,0x9b69,0xab8a,0xabaa,0xabaa,0xabaa,
0xb3aa,0xabaa,0xab8a,0xabaa,0xb3aa,0xb3aa,0xb3aa,0xabaa,0xb3aa,0xb3aa,0xb3aa,0xb3aa,
0xb3aa,0xbbca,0xbbc9,0xc3ea,0xc3ea,0xc3ea,0xc3ea,0xd44b,0xdc6b,0xecaa,0xecca,0xfd0a,
0xfd4b,0xfdab,0xfe2b,0xfeac,0xfeac,0xf6ee,0xf6ee,0xffac,0xf6ee,0xffac,0xf70e,0xff8c,
0xff2e,0xf68f,0xf68f,0xdd8d,0xb3ea,0x6246,0x5204,0x5a45,0x5a05,0x5204,0x49c3,0x49c4,
0x49c4,0x4a05,0x5205,0x5245,0x5a45,0x5225,0x5225,0x5204,0x5225,0x5246,0x5246,0x5246,
0x4a26,0x4a05,0x4a05,0x49e5,0x49c5,0x4a05,0x4a05,0x4a06,0x5226,0x5247,0x5267,0x5246,
0x5246,0x5267,0x5287,0x5a67,0x5287,0x5247,0x4a26,0x4a06,0x4a06,0x4a26,0x5246,0x5a45,
0x5205,0x49e4,0x49c4,0x49c4,0x41c4,0x41c4,0x39a3,0x3983,0x39a4,0x4a25,0x5247,0x5226,
0x41c5,0x3983,0x3163,0x3983,0x4a25,0x6285,0x6287,0x6ac8,0x6287,0x5aa6,0x5267,0x5267,
0x5247,0x4a26,0x41e5,0x41c5,0x41c4,0x41c4,0x4a04,0x49e4,0x41c3,0x41c4,0x41c5,0x41c5,
0x41c4,0x3183,0x3143,0x2922,0x2922,0x2923,0x2922,0x2922,0x2922,0x3143,0x3963,0x49e5,
0x6287,0x7b29,0x8b6a,0x93cb,0x8b8a,0x0000,0x0000,0x0000,0x0000,0x0000,0x0000,0x0000,
0x0000,0x0000,0x0000,0x0000,0x0000,0x0000,0x0000,0x8b6a,0x8b8b,0x8b6a,0x834a,0x8349,
0x834a,0x8b49,0x7309,0x5a67,0x4206,0x39a4,0x4205,0x6287,0x8369,0x9bcb,0x9c0b,0x9bcb,
0x9bcb,0x9bcb,0x9bcb,0x9bcb,0x9bcb,0x9bcb,0x9bcb,0x9baa,0x9389,0x8b69,0x8b89,0x8b89,
0x8b49,0x8b49,0x8329,0x836a,0x8b8b,0x8b8b,0x93ab,0x836a,0x8329,0x72e8,0x5a47,0x41e6,
0x4a47,0x62c9,0x732a,0x834a,0x7b29,0x7b29,0x7b29,0x7b2a,0x834a,0x836a,0x836a,0x836a,
0x8b8b,0x8b8b,0x836a,0x834a,0x7b6b,0x838b,0x8bab,0x8bcc,0x93cc,0x93cc,0x8b8b,0x834a,
0x7b09,0x6aa7,0x6286,0x5225,0x7286,0xab88,0xab89,0xab69,0xabaa,0xabaa,0xab8a,0xa38a,
0xab8a,0xab8a,0xa36a,0xa369,0xab8a,0xabaa,0xabcb,0xb3aa,0xabaa,0xabaa,0xabaa,0xb3cb,
0xabaa,0xb3ab,0xabaa,0xabaa,0xabaa,0xabaa,0xab8a,0xabaa,0xab8a,0xa38a,0xa38a,0xa369,
0xa349,0xa349,0x9b49,0xa349,0xa349,0xa349,0xa349,0xa349,0xab69,0xb3a9,0xbba9,0xcc0a,
0xd44a,0xec8a,0xf52b,0xfd6b,0xfdcb,0xfe6b,0xfeab,0xf6cd,0xff8c,0xff4d,0xffcc,0xffcc,
0xffcc,0xffcc,0xff4d,0xff4c,0xd50c,0x8b28,0x5204,0x5a25,0x5a05,0x4a04,0x5204,0x49e4,
0x4a05,0x49e5,0x4a05,0x5225,0x5246,0x5245,0x4a04,0x41e4,0x4a05,0x5226,0x5246,0x5246,
0x5246,0x4a25,0x4a25,0x5204,0x5204,0x5205,0x4a05,0x4a05,0x4a26,0x5246,0x5246,0x4a06,
0x49e5,0x4205,0x4a26,0x5267,0x5a87,0x5267,0x4a26,0x4a06,0x41e5,0x41e5,0x4a05,0x4a45,
0x4a05,0x5204,0x4a05,0x4a05,0x49e5,0x41c4,0x3983,0x3183,0x39a4,0x49e5,0x5246,0x5226,
0x4a05,0x39a4,0x3183,0x41c4,0x5225,0x5a87,0x6ac8,0x62a8,0x5a87,0x5246,0x4a46,0x4a46,
0x4a06,0x41c5,0x39c4,0x31a3,0x3183,0x31a3,0x39a3,0x39c3,0x39c3,0x39c3,0x39a3,0x39a3,
0x3983,0x3142,0x3143,0x3143,0x3163,0x3143,0x2923,0x2922,0x2922,0x3143,0x3983,0x49c4,
0x5226,0x6287,0x7b09,0x834a,0x7b29,0x0000,0x0000,0x0000,0x0000,0x0000,0x0000,0x0000,
0x0000,0x0000,0x0000,0x0000,0x0000,0x0000,0x0000,0x8b6a,0x8bab,0x8349,0x8b49,0x8329,
0x7b29,0x7b29,0x72e9,0x5a67,0x41c5,0x31a4,0x41c5,0x6288,0x7b29,0x93ab,0x9bcb,0xa42b,
0x9bcb,0x9bcb,0x93ab,0x9bcb,0x9bcb,0x9beb,0x9bcb,0x9bcb,0x93cb,0x8b69,0x8ba9,0x8ba9,
0x834a,0x7b29,0x7b29,0x7b29,0x836a,0x8b8b,0x836a,0x8b8a,0x8329,0x6aa8,0x5246,0x41c6,
0x4a27,0x5aa8,0x732a,0x7b29,0x7b29,0x7b29,0x7b29,0x7b29,0x7b29,0x7b29,0x7b29,0x836a,
0x836a,0x7b2a,0x7b29,0x7b29,0x7b29,0x7b29,0x7b29,0x736c,0x7b6b,0x836a,0x7b2a,0x6ae8,
0x6aa7,0x5a85,0x5204,0x7286,0xa3c8,0xa349,0x9b69,0xabaa,0xa369,0xabaa,0xabaa,0xa36a,
0x9b69,0x9b49,0x9b69,0xabaa,0xabaa,0xabaa,0xabaa,0xabaa,0xb3cb,0xb3eb,0xabaa,0xb3eb,
0xabaa,0xabaa,0xabaa,0xabaa,0xabaa,0xabaa,0xa36a,0xa36a,0xa36a,0xa369,0x9b69,0x9b69,
0x9329,0x9329,0x9329,0x9329,0x8ae8,0x8ae8,0x8ae8,0x8ae8,0x8ae8,0x8ae8,0x8ae8,0x8ae8,
0x9b29,0xa349,0xbbc9,0xdc4b,0xe48a,0xfd2b,0xfd8b,0xfe0b,0xfeab,0xff0b,0xf6ee,0xf6ce,
0xffcc,0xffcc,0xf731,0xffcc,0xffcc,0xbc0b,0x7aa7,0x5225,0x5204,0x4a05,0x4a05,0x4a05,
0x49e4,0x4a05,0x4a05,0x4a05,0x4a05,0x4a05,0x41c3,0x41c4,0x49e5,0x4a05,0x5246,0x5206,
0x4a26,0x5246,0x5246,0x5246,0x5245,0x5204,0x4a05,0x4a05,0x4a06,0x5246,0x4a06,0x4a05,
0x39c5,0x39c5,0x4a06,0x4a26,0x5247,0x5247,0x4a46,0x41c6,0x39c5,0x39c5,0x41c5,0x4a05,
0x4a05,0x5204,0x5204,0x5204,0x49e5,0x41c4,0x39c3,0x39c3,0x39c4,0x4a05,0x5206,0x5246,
0x4a06,0x41c4,0x39c3,0x41c4,0x5245,0x5a87,0x6ac7,0x5a87,0x5266,0x4a46,0x4a06,0x4a06,
0x4205,0x39c5,0x3183,0x3142,0x3142,0x3142,0x3163,0x3983,0x3983,0x3983,0x3983,0x3983,
0x3163,0x3142,0x3963,0x3963,0x3963,0x3163,0x2922,0x2922,0x3122,0x3963,0x39a3,0x41a4,
0x49e4,0x5225,0x6287,0x6aa8,0x6287,0x0000,0x0000,0x0000,0x0000,0x0000,0x0000,0x0000,
0x0000,0x0000,0x0000,0x0000,0x0000,0x0000,0x0000,0x836b,0x8b8b,0x834a,0x7b2a,0x7b29,
0x7b29,0x7309,0x62a8,0x4a06,0x3185,0x2964,0x39a4,0x4a06,0x6ac8,0x8329,0x8b8b,0x93cb,
0x9bcb,0x93ab,0x8bab,0x93ab,0x9bcb,0x9bcb,0x9bcb,0x8bab,0x8b89,0x8b8b,0x93ab,0x93ab,
0x8b8a,0x836a,0x834a,0x836a,0x8b8b,0x8bab,0x8bab,0x836b,0x7b29,0x62a8,0x4a47,0x39c6,
0x4207,0x5288,0x6aea,0x732a,0x7309,0x6ae8,0x6ae8,0x6ae8,0x6ac8,0x6aa8,0x62a8,0x62a8,
0x6ae8,0x72e8,0x62c9,0x62a8,0x5a67,0x5aa8,0x5aa9,0x62a8,0x62c9,0x62a8,0x62a8,0x6267,
0x5245,0x5225,0x5a66,0x9329,0xa369,0xa36a,0xa36a,0xa38a,0xa36a,0x9b49,0xa36a,0x9b69,
0xa36a,0xab8a,0xabab,0xabcb,0xab8a,0xabcb,0xabaa,0xabaa,0xb3ca,0xb3eb,0xb3eb,0xb3eb,
0xb3eb,0xb3ca,0xb3cb,0xb3aa,0xabaa,0xabaa,0xab8a,0xa36a,0xa36a,0x9b69,0x9b69,0x9b29,
0x9329,0x9308,0x9329,0x8ae8,0x8ae8,0x8ae8,0x8ae8,0x8ae8,0x8ae8,0x8ac8,0x8ac7,0x82a7,
0x82a7,0x82a7,0x82c7,0x82e6,0x9b08,0xab88,0xcc09,0xdc6a,0xed0a,0xfdcb,0xfe0b,0xfe8b,
0xfeec,0xf72e,0xffac,0xffcc,0xffcc,0xe62c,0x9b69,0x5a25,0x5204,0x49e4,0x4a04,0x5204,
0x5204,0x5204,0x49e5,0x49c5,0x41c5,0x41c4,0x41c4,0x41e4,0x4a05,0x5245,0x5246,0x4a06,
0x4a05,0x4a06,0x5225,0x5225,0x5225,0x4a05,0x49e5,0x41e5,0x41e5,0x4a06,0x41e5,0x41c4,
0x39c4,0x39c4,0x41e5,0x4a06,0x4a26,0x4a26,0x4a26,0x4a06,0x39c5,0x39c4,0x41c5,0x41e5,
0x4a05,0x4a25,0x5226,0x4a05,0x41e4,0x41c4,0x41c4,0x41e5,0x4a05,0x5206,0x4a26,0x5226,
0x5226,0x4a05,0x41e5,0x4a05,0x4a25,0x5287,0x5287,0x5a86,0x4a26,0x4a06,0x4a05,0x41e5,
0x39c4,0x39c4,0x3163,0x3142,0x2942,0x3162,0x3162,0x3142,0x3142,0x3142,0x3142,0x3142,
0x3142,0x3942,0x3983,0x4184,0x3983,0x3963,0x3122,0x2922,0x3143,0x3963,0x3983,0x39a3,
0x39a4,0x41e4,0x4a06,0x4a26,0x41c5,0x0000,0x0000,0x0000,0x0000,0x0000,0x0000,0x0000,
0x0000,0x0000,0x0000,0x0000,0x0000,0x0000,0x0000,0x836a,0x836a,0x7b09,0x7309,0x6ac8,
0x6ac8,0x6288,0x5227,0x3985,0x2124,0x2103,0x2944,0x31a4,0x4a06,0x62a7,0x7b09,0x834a,
0x834a,0x834a,0x8369,0x8b8b,0x8b8b,0x8b8b,0x836a,0x834a,0x834a,0x834a,0x8bab,0x93cb,
0x93ab,0x8bab,0x836a,0x8b6b,0x8bab,0x8bab,0x8bab,0x834a,0x7309,0x5267,0x41e7,0x39c6,
0x39e7,0x4a48,0x62a8,0x62ea,0x6ac8,0x6aa8,0x5a87,0x5a87,0x5a67,0x5a67,0x5247,0x5a47,
0x5247,0x4a48,0x4a07,0x4a07,0x49e7,0x41c6,0x41c6,0x49e7,0x4a07,0x4a47,0x5206,0x5205,
0x5204,0x4a05,0x8ae8,0x9329,0x9b29,0xa34a,0xa34a,0x9b69,0x9b49,0xab8a,0x9b49,0xa36a,
0xb3cb,0xabcb,0xabaa,0xabaa,0xb3cb,0xabaa,0xb3cb,0xb3eb,0xb3eb,0xbbeb,0xb3eb,0xb3eb,
0xb3eb,0xb3cb,0xb3cb,0xabaa,0xabaa,0xabaa,0xa36a,0x9b69,0x9b69,0x9b49,0x9329,0x9329,
0x9329,0x9329,0x9308,0x8ae8,0x9308,0x8b29,0x8ae8,0x8ae8,0x8b29,0x8ae8,0x8ae8,0x8ae8,
0x8ae8,0x8aa7,0x8aa7,0x7aa7,0x7aa7,0x7a66,0x8287,0x8ae7,0xab07,0xd3c7,0xe469,0xfd2a,
0xfd8b,0xfe8b,0xfe8b,0xff4b,0xffac,0xffac,0xb4a9,0x72a7,0x5204,0x5225,0x5225,0x5a45,
0x5a45,0x5a05,0x4a05,0x49c4,0x41c4,0x41c4,0x4a05,0x4a05,0x5246,0x5246,0x5226,0x4a06,
0x41e5,0x41e5,0x4a05,0x4a05,0x4a05,0x41e4,0x41c3,0x41c3,0x41c5,0x41c5,0x49e5,0x41c5,
0x41e5,0x4a25,0x4a26,0x4a26,0x5246,0x5246,0x4a46,0x41c6,0x39c5,0x39c5,0x41c5,0x41e5,
0x4a05,0x4a05,0x4a05,0x41c4,0x41c3,0x3983,0x41c4,0x4a05,0x5246,0x5246,0x5246,0x5246,
0x5226,0x5246,0x4a05,0x4a05,0x4a25,0x5246,0x5286,0x5246,0x5246,0x4a05,0x4a05,0x39c5,
0x39c4,0x3983,0x3183,0x3142,0x3962,0x3942,0x3982,0x3142,0x2922,0x28e2,0x28e2,0x2922,
0x3142,0x3942,0x41a3,0x39a3,0x3983,0x3963,0x2922,0x3123,0x3163,0x3963,0x3983,0x3983,
0x3983,0x39a4,0x41e5,0x41c5,0x3164,0x0000,0x0000,0x0000,0x0000,0x0000,0x0000,0x0000,
0x0000,0x0000,0x0000,0x0000,0x0000,0x0000,0x0000,0x62c8,0x72e9,0x62a8,0x5a67,0x5247,
0x4a26,0x41c6,0x3164,0x2123,0x18e3,0x18c2,0x18e2,0x2103,0x2964,0x41c4,0x5226,0x5a67,
0x6aa8,0x6aa8,0x6ac8,0x6ac8,0x7309,0x72e9,0x72e8,0x6aa8,0x62a8,0x72e8,0x7b2a,0x836a,
0x836b,0x836b,0x836b,0x8b8b,0x8bab,0x8bab,0x836b,0x732a,0x5a88,0x41e6,0x31a5,0x3185,
0x31a5,0x39e6,0x4a27,0x5268,0x5a87,0x5a67,0x5247,0x5227,0x5226,0x4a26,0x41e6,0x41c6,
0x41c6,0x39c5,0x31a5,0x3185,0x2944,0x2944,0x2944,0x3184,0x3184,0x41c5,0x49c5,0x49e5,
0x49e5,0x6a46,0x9329,0x9b49,0x9b49,0x92e8,0x9b49,0x9b29,0x9308,0xa36a,0xab8a,0xa369,
0xabaa,0xabaa,0xbbcb,0xabcb,0xb3cb,0xb3cb,0xbc0b,0xbc2c,0xbc0c,0xbc0b,0xbbeb,0xb3eb,
0xb3cb,0xb3eb,0xb3cb,0xb3ab,0xabaa,0xabaa,0xa36a,0x9b69,0x9b69,0x9b49,0x9329,0x9b29,
0x9329,0x9329,0x9309,0x9329,0x9329,0x9329,0x9329,0x9329,0x9329,0x9329,0x9309,0x9309,
0x8b28,0x8b28,0x8ae8,0x8ac8,0x8ac8,0x82a7,0x7aa7,0x7a87,0x7266,0x7a66,0x92c7,0xab66,
0xdc08,0xfd0a,0xfd6b,0xfdeb,0xfeab,0xff8c,0xf78b,0xa3a9,0x5a45,0x5a45,0x5a85,0x6285,
0x5a65,0x5a45,0x5204,0x5204,0x4a05,0x4a05,0x5204,0x5245,0x5246,0x5246,0x4a46,0x4a06,
0x41e5,0x41e5,0x4a05,0x4a05,0x4a05,0x39a4,0x3983,0x3983,0x41c4,0x4a05,0x5225,0x5a45,
0x5a45,0x5a87,0x5a47,0x5266,0x5247,0x5246,0x5266,0x4a06,0x4205,0x41c5,0x41c5,0x41e5,
0x41c5,0x41c5,0x39c4,0x3984,0x3983,0x3983,0x41c4,0x4a05,0x5246,0x5246,0x5286,0x5286,
0x5a45,0x5a45,0x5245,0x5245,0x5246,0x5246,0x5266,0x5286,0x5286,0x5246,0x4a06,0x41e5,
0x39c3,0x3983,0x3983,0x4183,0x41a3,0x49a3,0x4183,0x3162,0x2922,0x2902,0x28e2,0x28e2,
0x2902,0x3142,0x4183,0x39a3,0x39a3,0x3963,0x3163,0x3163,0x3963,0x41a3,0x41a4,0x3984,
0x39a3,0x41a4,0x41e5,0x39a4,0x2943,0x0000,0x0000,0x0000,0x0000,0x0000,0x0000,0x0000,
0x0000,0x0000,0x0000,0x0000,0x0000,0x0000,0x0000,0x5247,0x4a47,0x41e6,0x39c5,0x3985,
0x3184,0x3144,0x2123,0x18e3,0x18c2,0x18e2,0x18e2,0x2103,0x2123,0x2923,0x3164,0x39a4,
0x41c5,0x41e5,0x41e5,0x4a06,0x4a26,0x5247,0x4a26,0x4a06,0x41e6,0x4206,0x4a47,0x6288,
0x62a8,0x62ea,0x62e9,0x6ae9,0x6b0a,0x6aea,0x62ea,0x5a87,0x4a06,0x3185,0x2964,0x2964,
0x2985,0x31a5,0x39c5,0x41c6,0x41e5,0x41e6,0x41e5,0x41e5,0x39a5,0x39c5,0x39c5,0x39a5,
0x3184,0x3164,0x2944,0x2943,0x2943,0x2143,0x2943,0x3143,0x3183,0x41c4,0x49e5,0x4a05,
0x5205,0x82e7,0x9308,0x9329,0x9309,0x9b49,0x9b49,0x9329,0x8ae8,0x9b69,0xbbeb,0xabaa,
0xabab,0xb3eb,0xb3eb,0xbc0b,0xbc0c,0xc42c,0xbc2c,0xbc0c,0xbc0b,0xbc0b,0xbc2c,0xb3eb,
0xb3eb,0xb3cb,0xabcb,0xabaa,0xabaa,0xab6a,0xab8a,0xa36a,0x9b69,0x9b69,0x9b69,0x9b69,
0x9b69,0x9b49,0x9b49,0x9b29,0x9b29,0x9b29,0x9b29,0x9b29,0x9b29,0x9b29,0x9b29,0x9b29,
0x9b29,0x9329,0x9329,0x9329,0x8ae8,0x8ae8,0x8ae8,0x82a7,0x7266,0x7246,0x6a25,0x6a25,
0x8ae5,0xbba5,0xec47,0xf4c9,0xfd8a,0xfecb,0xffcc,0xc50a,0x6a87,0x5a85,0x6286,0x6a87,
0x5a65,0x5a45,0x5a05,0x5a25,0x5225,0x5245,0x5246,0x5246,0x5245,0x5266,0x5266,0x4a26,
0x4a05,0x41e5,0x4a05,0x4a05,0x41c5,0x39a4,0x3983,0x3983,0x41c4,0x4a05,0x5a46,0x6266,
0x6287,0x62a6,0x5a87,0x5266,0x5246,0x5247,0x5287,0x5247,0x4a46,0x4a26,0x4a05,0x4a05,
0x41c5,0x39c4,0x3163,0x3163,0x3983,0x41c3,0x49c5,0x4a05,0x5246,0x5266,0x5266,0x5286,
0x5287,0x5aa6,0x5a66,0x5a65,0x5266,0x5287,0x5266,0x5266,0x5266,0x5287,0x5246,0x41e5,
0x39c3,0x39c3,0x39c3,0x41c3,0x49c3,0x49c3,0x49c3,0x4183,0x3162,0x3142,0x3142,0x3142,
0x3142,0x3142,0x3983,0x41a4,0x41a4,0x39a3,0x3983,0x3983,0x39a3,0x41a4,0x41a4,0x41a4,
0x41a4,0x39c4,0x39a4,0x3984,0x2923,0x0000,0x0000,0x0000,0x0000,0x0000,0x0000,0x0000,
0x0000,0x0000,0x0000,0x0000,0x0000,0x0000,0x0000,0x39e5,0x39e5,0x39a5,0x3164,0x3164,
0x3164,0x2963,0x2963,0x3143,0x2943,0x2943,0x3163,0x3163,0x3164,0x3183,0x3143,0x3143,
0x3143,0x3143,0x2943,0x2944,0x2944,0x2944,0x3144,0x2944,0x2944,0x2943,0x3144,0x3984,
0x39c5,0x4a06,0x5247,0x5267,0x5267,0x4a07,0x4a07,0x39c5,0x3185,0x2944,0x1943,0x2944,
0x2964,0x3185,0x39a5,0x39a5,0x39c5,0x3985,0x3985,0x3985,0x3185,0x3185,0x3984,0x3183,
0x3143,0x2943,0x2942,0x2942,0x3143,0x3143,0x3143,0x3183,0x41e4,0x4a05,0x5204,0x4a05,
0x6aa5,0x8ae8,0x9329,0x9329,0x9b69,0x9b69,0x9b29,0x9329,0xa38a,0xab8a,0xa38a,0xb3eb,
0xb3ab,0xabcb,0xbc2c,0xbc2c,0xbc2c,0xbc2c,0xc42c,0xbc2c,0xbc2c,0xbc0c,0xbc2c,0xbbeb,
0xb3eb,0xb3eb,0xb3eb,0xb3ab,0xabaa,0xabaa,0xabaa,0xabaa,0xa36a,0xa36a,0x9b69,0xa369,
0x9b69,0x9b69,0x9b69,0x9b69,0x9b69,0x9b69,0x9b69,0x9b29,0x9b69,0x9b69,0x9b69,0x9b69,
0x9b69,0x9b69,0x9b69,0x9329,0x9329,0x9329,0x8b29,0x8ae8,0x7aa7,0x7aa7,0x7246,0x6a25,
0x59e5,0x7a44,0xbb85,0xf427,0xf4c9,0xfdaa,0xff4b,0xe62b,0x8b08,0x5a66,0x6aa8,0x62a6,
0x6286,0x5a45,0x5a45,0x5a65,0x62a5,0x62a5,0x62a5,0x62a5,0x62a6,0x62a6,0x62c7,0x5a85,
0x5246,0x5245,0x4a05,0x41e5,0x41c5,0x3983,0x3983,0x3983,0x39c5,0x4a06,0x5a46,0x5a47,
0x6286,0x5a47,0x5246,0x4a06,0x4a06,0x5246,0x5247,0x5287,0x5287,0x5a87,0x5287,0x4a46,
0x41c5,0x39a3,0x3183,0x3162,0x4183,0x49c4,0x49e5,0x4a05,0x5246,0x5246,0x5246,0x5266,
0x62a5,0x5a87,0x62a6,0x5a87,0x5aa6,0x5287,0x5267,0x5287,0x5287,0x5286,0x5246,0x4a05,
0x41c4,0x41c3,0x41c3,0x49c4,0x49c4,0x49c3,0x49c3,0x49c3,0x4183,0x4183,0x4183,0x3982,
0x3942,0x3942,0x39a3,0x41a4,0x49e4,0x41e4,0x41a4,0x41a4,0x41a4,0x41c4,0x41a4,0x41a4,
0x39a3,0x39a4,0x3163,0x3163,0x2922,0x0000,0x0000,0x0000,0x0000,0x0000,0x0000,0x0000,
0x0000,0x0000,0x0000,0x0000,0x0000,0x0000,0x0000,0x39c5,0x4a06,0x4a06,0x4a06,0x49e5,
0x49e5,0x49e5,0x49e5,0x5225,0x5205,0x5225,0x5246,0x5a46,0x5a46,0x5a25,0x5205,0x49e5,
0x41c4,0x41a4,0x3963,0x2943,0x2922,0x1903,0x1903,0x2123,0x2943,0x2943,0x2943,0x3163,
0x3184,0x39c5,0x41e6,0x4a06,0x41e6,0x4a06,0x41c6,0x31a5,0x3184,0x2963,0x2963,0x2964,
0x31a4,0x41e5,0x41e6,0x4a06,0x41e5,0x41c5,0x39a4,0x3184,0x3143,0x3143,0x3183,0x3983,
0x3163,0x3163,0x3163,0x3983,0x39a3,0x39a3,0x39a4,0x41e4,0x5204,0x5225,0x5225,0x5a25,
0x8ac7,0x8ac8,0x9308,0x9308,0x9b49,0x9308,0x9308,0x9b29,0x9308,0xa36a,0xa369,0xabcb,
0xb3eb,0xb3eb,0xbc0c,0xc42c,0xc42c,0xc42c,0xc42c,0xc42c,0xc44c,0xc42c,0xc42c,0xc42c,
0xc42c,0xbc0b,0xbc0b,0xb3eb,0xb3eb,0xb3eb,0xabcb,0xabaa,0xabaa,0xab8a,0xa36a,0xa36a,
0xa36a,0xa36a,0x9b69,0x9b69,0x9b69,0x9b69,0xa369,0x9b69,0xa36a,0xa36a,0xa36a,0xa36a,
0xab6a,0xab8a,0xa36a,0xa36a,0x9b69,0x9b49,0x9b49,0x9309,0x8b08,0x82c7,0x7aa7,0x7246,
0x6225,0x59c5,0x6a04,0xaae4,0xec07,0xf4e9,0xfeeb,0xfecb,0xabc8,0x6aa7,0x6ac7,0x7368,
0x6ae6,0x6ae6,0x6ae6,0x6b47,0x6b46,0x7ba7,0x83c7,0x8c48,0x9448,0x9448,0x9448,0x7c28,
0x7ba7,0x6b46,0x6ae6,0x5a65,0x4a05,0x41c4,0x39a3,0x3983,0x39a4,0x41e5,0x4a26,0x5226,
0x4a26,0x4a05,0x41e5,0x39c5,0x41e5,0x41e6,0x4a46,0x5267,0x5a87,0x5a87,0x5a87,0x5266,
0x4a05,0x39a4,0x3983,0x3983,0x4183,0x41c4,0x49c5,0x4a05,0x4a25,0x4a06,0x4a25,0x4a25,
0x5266,0x5aa6,0x6287,0x6287,0x5a87,0x5287,0x5287,0x5287,0x5287,0x5286,0x4a25,0x49e5,
0x41c4,0x41c3,0x41c4,0x41c3,0x49c4,0x49c3,0x49c3,0x49c3,0x49e4,0x51e4,0x49e4,0x49c3,
0x41a3,0x3982,0x3983,0x41a4,0x41c4,0x41c4,0x41a4,0x41a4,0x39a3,0x3983,0x3983,0x39a3,
0x3983,0x3163,0x2943,0x2923,0x3123,0x0000,0x0000,0x0000,0x0000,0x0000,0x0000,0x0000,
0x0000,0x0000,0x0000,0x0000,0x0000,0x0000,0x0000,0x4205,0x5a67,0x6aa8,0x72e8,0x6aa8,
0x6a87,0x6a87,0x6aa8,0x72e8,0x72e8,0x7b29,0x7b29,0x7b29,0x7b29,0x7ae8,0x72e8,0x6ac8,
0x6aa7,0x6266,0x5225,0x41c5,0x3163,0x2122,0x2103,0x2944,0x3984,0x39c4,0x3984,0x3984,
0x41c5,0x4a06,0x5266,0x5267,0x5a67,0x5287,0x5267,0x4a26,0x41c5,0x39c5,0x39a5,0x41c5,
0x4a25,0x5267,0x5aa8,0x62a8,0x62a8,0x5a87,0x5226,0x41e5,0x3984,0x3984,0x3984,0x41c4,
0x39a4,0x3984,0x41c4,0x49c5,0x5204,0x4a05,0x5204,0x5205,0x5225,0x5245,0x4a05,0x7266,
0x8ae8,0x9329,0x9329,0x82c7,0x9b49,0x82c7,0x8ae8,0x9329,0x9b49,0x9b69,0xb3cb,0xb3eb,
0xbbeb,0xbc2c,0xc42c,0xc42c,0xc44c,0xc46c,0xcc6c,0xcc6c,0xcc6c,0xcc6c,0xcc6c,0xcc6c,
0xc46c,0xc42c,0xbc2c,0xbc2c,0xbbeb,0xb3eb,0xabcb,0xb3eb,0xabaa,0xabaa,0xabaa,0xab8a,
0xa36a,0xa36a,0xa36a,0x9b69,0xa36a,0x9b69,0xa369,0xa36a,0x9b69,0xab8a,0xabaa,0xabaa,
0xabaa,0xabaa,0xabaa,0xa36a,0xa36a,0xa36a,0x9b69,0x9b49,0x9329,0x8b08,0x7aa7,0x7266,
0x7246,0x59c5,0x49a4,0x69e4,0x8ac4,0xf468,0xfe8b,0xfeab,0xdd6b,0x8346,0x7be7,0x7c07,
0x83e8,0x8be7,0x8c88,0xa488,0xace8,0xb529,0xbd89,0xbd89,0xce0a,0xce0a,0xc5ca,0xbd89,
0xb569,0xace8,0x8c88,0x8448,0x62e6,0x5a86,0x41e4,0x39c4,0x39c4,0x41c5,0x41e5,0x49e5,
0x41c5,0x39c4,0x3983,0x3984,0x39c5,0x39c5,0x4206,0x5247,0x5287,0x5a87,0x5287,0x5246,
0x4a06,0x39c4,0x3983,0x3163,0x3983,0x41c3,0x41c5,0x4a05,0x4a05,0x41e5,0x39c4,0x41e5,
0x4a06,0x5266,0x5286,0x5a87,0x5287,0x5247,0x5267,0x5287,0x5287,0x4a46,0x4a05,0x39c4,
0x39a3,0x3983,0x41a3,0x41c3,0x41c3,0x41c3,0x49c3,0x49e4,0x5a05,0x5a65,0x5a45,0x5204,
0x49a3,0x3982,0x3963,0x3963,0x3983,0x4184,0x4184,0x3983,0x3963,0x3163,0x3963,0x3963,
0x3963,0x3163,0x2922,0x2922,0x3123,0x0000,0x0000,0x0000,0x0000,0x0000,0x0000,0x0000,
0x0000,0x0000,0x0000,0x0000,0x0000,0x0000,0x0000,0x4a06,0x6aa8,0x7b2a,0x8b49,0x8329,
0x8308,0x7ac8,0x8329,0x8b49,0x8b8a,0x93aa,0x93aa,0x93aa,0x93aa,0x8b8a,0x8b89,0x8329,
0x8329,0x8329,0x72c8,0x6287,0x49e5,0x3163,0x2943,0x3984,0x4a06,0x5a47,0x5a46,0x5a46,
0x5a46,0x6287,0x6ac8,0x72e9,0x7309,0x7309,0x7309,0x6ae8,0x5a87,0x5247,0x5246,0x5246,
0x5a67,0x6ac8,0x7b2a,0x834a,0x7b29,0x7309,0x6ac8,0x5247,0x49e5,0x49c5,0x4a05,0x5245,
0x5205,0x5204,0x5204,0x5205,0x5245,0x5225,0x5225,0x5225,0x5245,0x5245,0x5225,0x8ae7,
0x8b08,0x8b08,0x8ae8,0x9329,0x8ae8,0x9329,0x9b49,0x9b69,0x9329,0xa38a,0xbbeb,0xb3eb,
0xc42c,0xc44c,0xcc4c,0xcc6c,0xcc6d,0xcc6c,0xd46d,0xd46d,0xd48d,0xd48d,0xd48d,0xd46d,
0xcc6d,0xcc6c,0xcc4c,0xc42c,0xbc2c,0xbbeb,0xb3eb,0xb3eb,0xb3cb,0xabaa,0xab8a,0xabaa,
0xa38a,0xa38a,0xa36a,0x9b69,0xa36a,0xa369,0xa36a,0xab8a,0xab6a,0xabaa,0xabaa,0xabaa,
0xabaa,0xabaa,0xabca,0xabaa,0xa3aa,0xa36a,0x9b69,0x9b49,0x9329,0x8ae8,0x8ac8,0x7aa7,
0x7266,0x6225,0x6205,0x61c4,0x6a25,0xb366,0xdd29,0xf60b,0xf5eb,0xa3a8,0xa4c8,0xad29,
0xc5aa,0xc5aa,0xc5ca,0xd64a,0xde6a,0xde6a,0xf72b,0xf72b,0xf76b,0xf76b,0xf74b,0xf76b,
0xeecb,0xde6a,0xd64a,0xbd89,0xa509,0x8428,0x6b46,0x5a65,0x4a05,0x41c5,0x41c5,0x39c5,
0x39a4,0x3983,0x3183,0x3183,0x3984,0x39c5,0x39c5,0x4a06,0x4a27,0x5267,0x5266,0x5246,
0x4a06,0x39a4,0x3183,0x3142,0x3163,0x3983,0x41a4,0x49e5,0x41e5,0x41c5,0x41c4,0x41c4,
0x4a05,0x4a46,0x5266,0x5266,0x4a26,0x4a06,0x4a26,0x5287,0x5246,0x4a45,0x4a05,0x39a4,
0x3983,0x3143,0x3983,0x3983,0x3983,0x4183,0x49a3,0x49e4,0x5a45,0x5a85,0x5a45,0x5205,
0x49a3,0x3982,0x3163,0x2923,0x2923,0x3163,0x3163,0x3163,0x3163,0x3963,0x3983,0x41a4,
0x4184,0x3963,0x3143,0x3143,0x3163,0x0000,0x0000,0x0000,0x0000,0x0000,0x0000,0x0000,
0x0000,0x0000,0x0000,0x0000,0x0000,0x0000,0x0000,0x41c6,0x6ac8,0x834a,0x93cb,0x8b8b,
0x8b49,0x8329,0x8329,0x8b49,0x8b8b,0x93cb,0x93cb,0x93cb,0x93cb,0x93cb,0x938b,0x8bab,
0x93ab,0x8ba9,0x8329,0x72e8,0x5a46,0x39a4,0x3143,0x39a5,0x5267,0x6aa8,0x72e8,0x6ac8,
0x72c8,0x72e9,0x7b29,0x7b29,0x7b2a,0x836a,0x8b6b,0x8b6b,0x7b29,0x72c8,0x62a8,0x62a8,
0x6ac8,0x7b29,0x836a,0x8b8b,0x8bab,0x836b,0x7b09,0x62a8,0x5226,0x5206,0x5a46,0x6a87,
0x6a87,0x6267,0x5a45,0x5a45,0x5204,0x5205,0x5225,0x5245,0x5225,0x4a46,0x6a86,0x8ac8,
0x8ac8,0x92e8,0x9329,0x9308,0x9b49,0xa38a,0x9b29,0x9b49,0xabaa,0xb3eb,0xb3eb,0xc40c,
0xc42c,0xcc6c,0xcc6d,0xcc6d,0xcc6d,0xd46d,0xd4ad,0xdcad,0xdcad,0xdcad,0xdcad,0xdcad,
0xdcad,0xd48d,0xcc6d,0xcc6c,0xc42c,0xbc2c,0xbc0c,0xb3eb,0xabcb,0xb3cb,0xabaa,0xab8a,
0xabaa,0xab8a,0xab8a,0xab8a,0xa36a,0xa36a,0xa38a,0xab8a,0xabaa,0xabaa,0xabaa,0xabaa,
0xabca,0xabca,0xabca,0xabaa,0xa38a,0xa3aa,0xa36a,0x9b69,0x9329,0x9329,0x8ac8,0x8287,
0x6a26,0x6205,0x7225,0x7224,0x7204,0x7a44,0xa367,0xc488,0xdd6a,0xb428,0xc5aa,0xe6eb,
0xe6ab,0xeeeb,0xf74b,0xef2b,0xffcc,0xffcc,0xffcc,0xffcc,0xffcc,0xffcc,0xffcc,0xffcc,
0xffcc,0xffcc,0xff8c,0xeeeb,0xd62a,0xb549,0xa4c8,0x8428,0x62e6,0x5265,0x4a04,0x41c4,
0x39a4,0x3183,0x3183,0x3163,0x3183,0x3183,0x39a4,0x39c5,0x41e5,0x41e5,0x41e5,0x41e5,
0x41c5,0x3984,0x3142,0x2942,0x3142,0x3983,0x41a4,0x49c5,0x4a05,0x4a05,0x49e5,0x4a05,
0x4a05,0x4a25,0x4a26,0x4a06,0x4a06,0x4a05,0x4a06,0x5266,0x5286,0x5266,0x5226,0x41e4,
0x3983,0x3142,0x3142,0x3162,0x3983,0x3983,0x41a3,0x49c4,0x5205,0x5a45,0x5225,0x49e4,
0x41a3,0x3962,0x3143,0x2922,0x2922,0x2922,0x3143,0x3163,0x3163,0x3963,0x49a4,0x49e4,
0x49c4,0x41a4,0x3963,0x3983,0x3983,0x0000,0x0000,0x0000,0x0000,0x0000,0x0000,0x0000,
0x0000,0x0000,0x0000,0x0000,0x0000,0x0000,0x0000,0x41c5,0x6ac8,0x834a,0x93cb,0x8bab,
0x8b49,0x8349,0x7b29,0x8b49,0x834a,0x93cb,0x93cb,0x93cb,0x93cb,0x93cb,0x8bab,0x93cb,
0x93ab,0x93cb,0x8b8a,0x7b09,0x6287,0x39a4,0x2944,0x39a5,0x5a67,0x7309,0x8349,0x834a,
0x834a,0x836a,0x8b6b,0x836a,0x7b6c,0x8bab,0x8bab,0x93cc,0x8bab,0x7b2a,0x7309,0x6ae8,
0x7b29,0x836a,0x8bab,0x83ac,0x8bab,0x836a,0x834a,0x62a8,0x5a47,0x5206,0x6267,0x7aa7,
0x7ac8,0x6ac8,0x5a66,0x5a25,0x5204,0x5204,0x5245,0x5205,0x4a26,0x4a06,0x7ae6,0x8ac8,
0x7aa7,0x82c7,0x8ae8,0x9329,0x8b49,0x9b69,0xa369,0xabaa,0xabcb,0xabaa,0xb3eb,0xc46c,
0xc46c,0xcc6d,0xcc6d,0xd46d,0xdcad,0xdcad,0xdcad,0xdcad,0xdcad,0xdcad,0xdcce,0xdcae,
0xdcad,0xdcad,0xcc6d,0xcc6d,0xcc4d,0xc42c,0xbc2c,0xbc0c,0xb3eb,0xb3eb,0xabaa,0xabaa,
0xabaa,0x9bcb,0xabaa,0xabaa,0xa3aa,0x9bcb,0xabaa,0xabaa,0xabaa,0xabcb,0xabaa,0xb3eb,
0xabca,0xabaa,0xb3eb,0xabaa,0xabaa,0xa38a,0x9b69,0x9308,0x8ae8,0x8aa7,0x6a25,0x7224,
0x61c4,0x6a25,0x6205,0x7224,0x59c4,0x61c4,0x7a44,0x8ae6,0xa3a7,0xbc09,0xc549,0xffcc,
0xffac,0xffcc,0xffcc,0xffcc,0xffcc,0xffcc,0xffcc,0xffcc,0xffcc,0xffcc,0xffcc,0xffcc,
0xffcc,0xffcc,0xffcc,0xffcc,0xffac,0xe6cb,0xd64a,0xb569,0x9ce9,0x73c7,0x6ac5,0x4a45,
0x41c4,0x39c4,0x3983,0x3183,0x3143,0x3183,0x3983,0x39c5,0x39c5,0x41c5,0x41c5,0x39c4,
0x3984,0x3143,0x2922,0x2922,0x3102,0x3983,0x41a4,0x4a05,0x5a45,0x5a45,0x5a45,0x5a45,
0x5a45,0x5246,0x4a26,0x4a26,0x4a26,0x4a06,0x4a06,0x5246,0x5287,0x5a46,0x5246,0x49e4,
0x41a3,0x3942,0x3142,0x3142,0x3983,0x3983,0x4183,0x41c4,0x49c5,0x49e5,0x49c4,0x41c3,
0x41a3,0x4183,0x3983,0x3143,0x2922,0x2122,0x2922,0x3143,0x3963,0x41a4,0x49e4,0x5205,
0x51e4,0x51e4,0x49c4,0x49c4,0x41a4,0x0000,0x0000,0x0000,0x0000,0x0000,0x0000,0x0000,
0x0000,0x0000,0x0000,0x0000,0x0000,0x0000,0x0000,0x3984,0x6287,0x7b4a,0x8bab,0x93ab,
0x834a,0x8329,0x7b09,0x7b29,0x8329,0x836b,0x8bab,0x93ab,0x93ab,0x8bab,0x8b8a,0x8b6a,
0x8b8a,0x8baa,0x8b6a,0x8329,0x6287,0x41e5,0x3144,0x39a5,0x5a67,0x7b2a,0x8b8b,0x93cc,
0x93cc,0x93ec,0x93cc,0x93cc,0x93cc,0x93cc,0x93ec,0x93ec,0x93ec,0x8bab,0x7b6b,0x836a,
0x838b,0x8bab,0x838c,0x8bab,0x8bab,0x836b,0x7b4a,0x6ae9,0x5267,0x5206,0x6267,0x6ae8,
0x7ae8,0x6a87,0x5a45,0x5225,0x5225,0x5245,0x5225,0x4a05,0x4a06,0x4a06,0x7ac8,0x82a7,
0x82a7,0x8ae8,0x8ae8,0x9308,0x9b49,0x9b29,0xab8a,0xabcb,0xb3cb,0xbbeb,0xbc0b,0xcc4c,
0xcc6d,0xcc6c,0xd46d,0xd46d,0xd48d,0xdcad,0xdcad,0xdcad,0xdcce,0xdcce,0xdcce,0xe4ce,
0xdcae,0xdc8d,0xd46d,0xc42c,0xbc0b,0xbc0c,0xabca,0xb3cb,0xb3cb,0xb3eb,0xabcb,0xabaa,
0xabca,0xabaa,0xa3aa,0xabaa,0xab8a,0xa3aa,0xa3aa,0xabaa,0xabaa,0xabaa,0xabcb,0xabca,
0xabca,0xb3eb,0xabcb,0xabcb,0xab8a,0x9309,0x82a7,0x7246,0x7245,0x69e4,0x59c4,0x59a4,
0x51a3,0x59a4,0x59c4,0x59c3,0x59e3,0x61c4,0x61c4,0x7204,0x8ae6,0xabc8,0xac68,0xffac,
0xffcc,0xffcc,0xffcc,0xffcc,0xffcc,0xffcc,0xffcc,0xffcc,0xffcc,0xffcc,0xffcc,0xffcc,
0xffcc,0xffcc,0xffcc,0xffcc,0xffcc,0xffcc,0xffac,0xe6ab,0xd62a,0xb549,0x9488,0x7ba7,
0x5aa6,0x5245,0x41e4,0x39a3,0x3183,0x3183,0x3163,0x3983,0x3983,0x39a3,0x39a3,0x3983,
0x3163,0x2922,0x2902,0x2902,0x3122,0x3942,0x41a3,0x49e5,0x5a46,0x62a6,0x62a6,0x5a66,
0x5a45,0x5266,0x5267,0x5286,0x5266,0x5266,0x5246,0x5246,0x5246,0x5246,0x5245,0x5225,
0x49c4,0x41a3,0x3983,0x39a3,0x39a3,0x3983,0x3983,0x3983,0x41c3,0x41c4,0x41c4,0x41e4,
0x49e4,0x49e4,0x49e4,0x3983,0x3143,0x2922,0x2923,0x3143,0x3963,0x41a4,0x49e4,0x51e4,
0x5205,0x5205,0x5205,0x5a05,0x5205,0x0000,0x0000,0x0000,0x0000,0x0000,0x0000,0x0000,
0x0000,0x0000,0x0000,0x0000,0x0000,0x0000,0x0000,0x3984,0x5a47,0x7309,0x836a,0x836a,
0x834a,0x7b29,0x7309,0x7b09,0x7b29,0x8349,0x834a,0x8b8b,0x8b8b,0x836a,0x836a,0x836a,
0x8b49,0x8b49,0x836a,0x7b29,0x6ac8,0x4a06,0x3184,0x39a4,0x5267,0x7b29,0x8bac,0x93ec,
0x93ec,0x93ec,0x93ec,0x93ed,0x93ed,0x9c0d,0x9c2e,0x93ec,0x93ec,0x8bab,0x7b6b,0x836b,
0x8bab,0x8bab,0x8bab,0x83ac,0x836a,0x7b6c,0x7b29,0x72e8,0x5a67,0x5a47,0x6267,0x6a87,
0x6a87,0x5a46,0x5205,0x5204,0x5245,0x5225,0x5246,0x4a06,0x4a06,0x4a06,0x9327,0x7aa7,
0x8ac8,0x82c7,0x8ae8,0x9329,0xa36a,0x9b69,0x9b49,0xabaa,0xb3eb,0xbc0c,0xbc0b,0xcc6c,
0xcc6c,0xcc6d,0xcc6c,0xcc6d,0xdcad,0xdcad,0xdcad,0xdcad,0xdcce,0xdcce,0xdcce,0xdc8d,
0xcc4c,0xabaa,0xb3ca,0x9b69,0x9309,0x9b49,0x9b49,0x9309,0x9309,0xa36a,0xa36a,0xa36a,
0x9baa,0xab8a,0xabaa,0xabaa,0xa3aa,0xabaa,0xabaa,0xabaa,0xabaa,0xa3cb,0xabaa,0xa3ab,
0xb3cb,0xb3eb,0xabaa,0xabaa,0x9308,0x7226,0x61c4,0x61c4,0x61c4,0x61c4,0x61c4,0x51c2,
0x59a4,0x61c4,0x5162,0x51a2,0x51a2,0x59a3,0x5184,0x51c3,0x61c4,0x7ac5,0x9b88,0xf76b,
0xffcc,0xffcc,0xffcc,0xffcc,0xffcc,0xffcc,0xffcc,0xffcc,0xffcc,0xffcc,0xffcc,0xffcc,
0xffcc,0xffcc,0xffcc,0xffcc,0xffcc,0xffcc,0xffcc,0xffcc,0xf74b,0xe6ab,0xce0a,0xb549,
0x8c88,0x7387,0x62a5,0x49e5,0x39c4,0x3983,0x3183,0x3983,0x3983,0x3983,0x3983,0x3983,
0x3142,0x2942,0x28e2,0x28e1,0x2902,0x3142,0x3983,0x4a05,0x5a45,0x6267,0x62a6,0x6286,
0x5a87,0x5287,0x5287,0x5a87,0x5a87,0x5a87,0x5287,0x5246,0x4a06,0x4a06,0x5206,0x5204,
0x5204,0x5204,0x49c4,0x5204,0x49e4,0x41c4,0x3983,0x3983,0x3983,0x41a3,0x49c5,0x5205,
0x5245,0x5a65,0x5245,0x41e4,0x3983,0x3143,0x2923,0x3163,0x39a3,0x41a4,0x41a4,0x41c4,
0x49c4,0x49e5,0x5225,0x5a25,0x5a25,0x0000,0x0000,0x0000,0x0000,0x0000,0x0000,0x0000,
0x0000,0x0000,0x0000,0x0000,0x0000,0x0000,0x0000,0x3164,0x5247,0x72e8,0x7b2a,0x836a,
0x7b2a,0x7309,0x72c8,0x72c8,0x7ae9,0x8329,0x834a,0x8b8b,0x8b8b,0x8b8a,0x836a,0x834a,
0x834a,0x836a,0x8b49,0x7b29,0x6ac8,0x4a26,0x3984,0x39a5,0x5267,0x7309,0x8b6b,0x8b8b,
0x8bac,0x8bac,0x93ec,0x9bed,0x9c2d,0x9c2e,0x9c2e,0x93ec,0x8bac,0x7b8c,0x7b4b,0x7b8c,
0x8b8b,0x8bab,0x7b8c,0x8b8b,0x836a,0x7b4a,0x7b09,0x62a8,0x5a47,0x5246,0x5a67,0x6287,
0x5a66,0x5225,0x49e5,0x4a05,0x5245,0x5245,0x5246,0x4a05,0x4a06,0x5246,0x9308,0x8ae8,
0x82c7,0x9308,0x8b28,0x9329,0xa36a,0xa36a,0xa38a,0xa38a,0xb3cb,0xbbeb,0xcc4d,0xcc6d,
0xcc6c,0xcc6d,0xd46d,0xd48d,0xd48d,0xdcad,0xdcad,0xdcad,0xe4ce,0xdcad,0xcc2c,0xbc0b,
0xabaa,0x92e8,0x7a66,0x7a65,0x7265,0x7a45,0x8286,0x7a66,0x7a66,0x8287,0x9308,0x8ae8,
0x8ac7,0x9308,0x9b49,0xa36a,0xa38a,0xa38a,0xabaa,0xa3aa,0xabaa,0xabaa,0xabaa,0xb3cb,
0xabaa,0xb3eb,0xb3cb,0x9b29,0x7a66,0x61c4,0x5142,0x59a3,0x59c4,0x59c3,0x51c3,0x59a4,
0x7a86,0xb38a,0xb3aa,0xab49,0x5983,0x4942,0x5142,0x51a3,0x59a4,0x7244,0x82e7,0xce0a,
0xffcc,0xffcc,0xffcc,0xffcc,0xffcc,0xffcc,0xffcc,0xffcc,0xffcc,0xffcc,0xffcc,0xffcc,
0xffcc,0xffcc,0xffcc,0xffcc,0xffcc,0xffcc,0xffcc,0xffcc,0xffcc,0xffcc,0xf76b,0xd64a,
0xc5ea,0xad29,0x8408,0x7366,0x5a65,0x4204,0x39a3,0x3983,0x3983,0x3983,0x3983,0x3183,
0x3143,0x3142,0x2922,0x28e2,0x2902,0x3142,0x3163,0x39c4,0x4a05,0x5266,0x5a87,0x6287,
0x5a87,0x5287,0x5267,0x5a87,0x5a87,0x5a87,0x5287,0x5266,0x4a06,0x4a05,0x4a05,0x5204,
0x5204,0x5a05,0x5a25,0x5a65,0x5245,0x4a04,0x3983,0x3982,0x3183,0x41a4,0x5205,0x5a46,
0x5a67,0x6287,0x5a46,0x49e5,0x41a4,0x3983,0x3983,0x3983,0x41a4,0x41a4,0x3983,0x3163,
0x3984,0x41a4,0x49e5,0x5225,0x5225,0x0000,0x0000,0x0000,0x0000,0x0000,0x0000,0x0000,
0x0000,0x0000,0x0000,0x0000,0x0000,0x0000,0x0000,0x3143,0x5206,0x6aa8,0x7b29,0x7b29,
0x7b29,0x72e9,0x6ac8,0x72c8,0x7b09,0x8349,0x8b8b,0x93cb,0x8bab,0x8b8b,0x8b49,0x8b49,
0x836a,0x8b49,0x834a,0x7b29,0x6ac8,0x5227,0x39a5,0x39c5,0x5a67,0x72e8,0x7b29,0x834a,
0x7b2a,0x836a,0x8bab,0x93cc,0x93ec,0x93ec,0x93ec,0x93cc,0x8bab,0x834a,0x734b,0x836a,
0x838c,0x93cc,0x8bab,0x8b8b,0x7b6c,0x7329,0x6ae8,0x6287,0x5a47,0x5206,0x5a46,0x5a47,
0x5225,0x49e4,0x49c3,0x4a04,0x5205,0x5225,0x5246,0x4a06,0x4a06,0x6a87,0x82c7,0x7aa7,
0x8ac8,0x8ae8,0xa34a,0xa38a,0x9b49,0xa38a,0xabaa,0xb3eb,0xb3eb,0xc42c,0xcc4d,0xcc6d,
0xcc6d,0xcc6d,0xd46d,0xd46d,0xd48d,0xdcad,0xdcad,0xd48d,0xc44c,0xb3cb,0xab89,0x9308,
0x8286,0x7246,0x6a25,0x59c4,0x51a4,0x59a4,0x51a4,0x61a4,0x6a04,0x69e4,0x7226,0x7246,
0x6a26,0x7a66,0x82a7,0xa34a,0xab8a,0xa38a,0xa3aa,0xabaa,0xabaa,0xabcb,0xabaa,0xabaa,
0xabcb,0xb3ab,0xa369,0x7226,0x69e4,0x6a04,0x59a4,0x59a4,0x5183,0x5163,0x61e5,0x92c8,
0xc3ec,0xd44d,0xd44d,0xe4ad,0xdc8d,0x9b29,0x8aa7,0x7205,0x59c4,0x6a25,0x9326,0xbcca,
0xffcc,0xffcc,0xffcc,0xffcc,0xffcc,0xffcc,0xffcc,0xffcc,0xffcc,0xffcc,0xffcc,0xffcc,
0xffcc,0xffcc,0xffcc,0xffcc,0xffcc,0xffcc,0xffcc,0xffcc,0xffcc,0xffcc,0xffcc,0xffcc,
0xef0b,0xde8b,0xc5a9,0x9cc9,0x8c27,0x6b26,0x5a65,0x41e5,0x39a4,0x3983,0x3983,0x3183,
0x3183,0x3143,0x3142,0x2942,0x2922,0x3142,0x3143,0x3984,0x41e4,0x4a25,0x5286,0x5a87,
0x5a87,0x5247,0x5246,0x5246,0x5266,0x5a87,0x5287,0x5286,0x4a26,0x4a05,0x41c5,0x49e4,
0x51e4,0x5204,0x5a45,0x5a45,0x5225,0x4a04,0x3983,0x3142,0x3162,0x39a4,0x5205,0x5a46,
0x5a87,0x5a87,0x5246,0x4a05,0x41a4,0x39a3,0x41a4,0x41a4,0x41a4,0x41a4,0x3963,0x2923,
0x2943,0x3163,0x41c4,0x4a05,0x4a25,0x0000,0x0000,0x0000,0x0000,0x0000,0x0000,0x0000,
0x0000,0x0000,0x0000,0x0000,0x0000,0x0000,0x0000,0x2943,0x4a06,0x6288,0x72e9,0x7b29,
0x7309,0x6ae8,0x6ac8,0x6ae8,0x7b29,0x836b,0x8bab,0x93cc,0x93cb,0x8b8b,0x8b49,0x836a,
0x8b49,0x836a,0x834a,0x7b29,0x6ac8,0x4a26,0x39c5,0x39a5,0x5a47,0x72e8,0x7b29,0x7b29,
0x7b29,0x836a,0x8b8b,0x8bac,0x8bac,0x93cc,0x8bab,0x8bab,0x836a,0x834a,0x836a,0x736c,
0x8bab,0x93ec,0x93ec,0x7b8c,0x836a,0x7b29,0x6ae8,0x62a8,0x5246,0x5206,0x5a26,0x5a46,
0x4a05,0x49c4,0x41c3,0x41c3,0x4a05,0x49e5,0x4a26,0x4a06,0x4a06,0x6a87,0x82e7,0x82a7,
0x9308,0x9b29,0x9b49,0xa36a,0xab8a,0xbc0b,0xabcb,0xb3eb,0xc42c,0xc42c,0xcc6d,0xcc6c,
0xcc6d,0xcc6d,0xcc6d,0xd48d,0xd48d,0xdcad,0xdc8d,0xb3eb,0x9308,0x8ac8,0x7a65,0x61c4,
0x59c4,0x61c4,0x4963,0x4143,0x4963,0x4983,0x4963,0x5183,0x4983,0x5183,0x51c4,0x5984,
0x5184,0x5183,0x59a4,0x6a46,0xa36a,0xabaa,0xabaa,0xabaa,0xabaa,0xabaa,0xabaa,0xabaa,
0xabaa,0xabaa,0x8ae8,0x7224,0x59c3,0x7204,0x4982,0x4962,0x61c4,0x92e8,0xb38b,0xbbcb,
0xc40c,0xc42c,0xd42d,0xdc6d,0xe4ad,0xed0e,0xe4ce,0xbbcb,0x8266,0x8b05,0xb428,0xa3e8,
0xff8c,0xffcc,0xffcc,0xffcc,0xffcc,0xffcc,0xffcc,0xffcc,0xffcc,0xffcc,0xffcc,0xffcc,
0xffcc,0xffcc,0xffcc,0xffcc,0xffcc,0xffcc,0xffcc,0xffcc,0xffcc,0xffcc,0xffcc,0xffcc,
0xffcc,0xff6b,0xde8a,0xde6a,0xc5ca,0xa4c8,0x7c08,0x7306,0x5265,0x41c3,0x3983,0x3983,
0x3983,0x3983,0x3183,0x3183,0x3142,0x3142,0x3142,0x3183,0x39a4,0x41e5,0x4a06,0x4a06,
0x4a06,0x4a06,0x39c6,0x41c6,0x4a06,0x4a06,0x4a26,0x5266,0x4a06,0x4a05,0x39c4,0x39a3,
0x41c3,0x49c3,0x49e5,0x4a05,0x41c5,0x41c4,0x3983,0x3162,0x3942,0x39a4,0x5205,0x5a47,
0x5a67,0x5a67,0x5246,0x41c5,0x39a3,0x3963,0x41a4,0x41a4,0x41a4,0x39a3,0x3163,0x3143,
0x3123,0x3163,0x39a4,0x41e5,0x4a25,0x0000,0x0000,0x0000,0x0000,0x0000,0x0000,0x0000,
0x0000,0x0000,0x0000,0x0000,0x0000,0x0000,0x0000,0x2924,0x49e5,0x6288,0x7309,0x7b29,
0x7b29,0x72e9,0x6ae8,0x6ae8,0x7309,0x836b,0x8b8b,0x93cc,0x93ec,0x93ab,0x836a,0x834a,
0x834a,0x8b49,0x834a,0x8329,0x6aa8,0x4a06,0x39a5,0x41c5,0x5a67,0x7309,0x7b29,0x834a,
0x834a,0x836a,0x8b8b,0x93ec,0x93ec,0x93cc,0x93cc,0x8bac,0x93cc,0x8bab,0x838c,0x8bab,
0x8bed,0x93ec,0x93ec,0x8bcc,0x8b8b,0x7b4a,0x7b09,0x62a8,0x5246,0x4a06,0x5206,0x5226,
0x5205,0x41c4,0x41a3,0x41a3,0x41c3,0x41e5,0x4a06,0x4a26,0x4a05,0x72a7,0x82a7,0x7a87,
0x8308,0x9b29,0x9b49,0xa36a,0xa36a,0xab8a,0xabab,0xbc0b,0xbc0c,0xc44c,0xcc6d,0xcc6d,
0xcc6d,0xd46d,0xd48d,0xd48d,0xd48d,0xcc4d,0xb3cb,0x9b29,0x8aa7,0x7a44,0x6a05,0x51a4,
0x4983,0x4963,0x4963,0x4962,0x59a4,0x51a4,0x4983,0x4963,0x4962,0x4963,0x4983,0x51a3,
0x5184,0x51a4,0x4963,0x5184,0x6a25,0xa36a,0xabaa,0xab8a,0xab8a,0xabaa,0xabaa,0xabaa,
0xabaa,0xabaa,0xb3aa,0x8ae8,0x7204,0x7225,0x8aa7,0xa349,0xbbcb,0xbbcb,0xb3ab,0xb3ab,
0xbbcb,0xc3ec,0xcc0c,0xd44d,0xd46d,0xecce,0xf54f,0xf50f,0xd46c,0xd4ea,0xe54a,0xa3a8,
0xef0b,0xffcc,0xffcc,0xffcc,0xffcc,0xffcc,0xffcc,0xffcc,0xffcc,0xffcc,0xffcc,0xffcc,
0xffcc,0xffcc,0xffcc,0xffcc,0xffcc,0xffcc,0xffcc,0xffcc,0xffcc,0xffcc,0xffcc,0xffcc,
0xffcc,0xffcc,0xffcc,0xf76b,0xef0b,0xd64a,0xbda9,0x9ce9,0x7367,0x5a65,0x4a04,0x39a3,
0x3983,0x3983,0x3983,0x3983,0x3183,0x3163,0x3163,0x3163,0x3983,0x39a4,0x39c4,0x41c5,
0x39c5,0x41e6,0x41e5,0x41e5,0x41e5,0x41e5,0x4205,0x4a05,0x4a25,0x4205,0x39c3,0x3983,
0x3983,0x3983,0x3983,0x41a3,0x41c3,0x41a3,0x3983,0x3962,0x3982,0x41a4,0x4a05,0x5a46,
0x5a67,0x5267,0x4a26,0x41c4,0x39a4,0x39a3,0x41a4,0x49e4,0x41a4,0x3983,0x3963,0x3963,
0x3963,0x3983,0x39a4,0x41e5,0x41e5,0x0000,0x0000,0x0000,0x0000,0x0000,0x0000,0x0000,
0x0000,0x0000,0x0000,0x0000,0x0000,0x0000,0x0000,0x2103,0x41c5,0x6267,0x7b29,0x7b29,
0x7b29,0x72e9,0x6ae8,0x6ae8,0x7309,0x7b29,0x8b8b,0x93cc,0x93ec,0x93cc,0x8bab,0x836a,
0x8329,0x8329,0x834a,0x7b09,0x62a8,0x4205,0x3185,0x41e5,0x5267,0x7309,0x7b29,0x834a,
0x7b2a,0x836a,0x8bab,0x93ec,0x9c0d,0x93ed,0x93ed,0x93ed,0x93ec,0x93ec,0x93ec,0x8bab,
0x93cc,0x93ed,0x93ed,0x93cc,0x8bab,0x8b8b,0x7b29,0x62c8,0x5a47,0x4a06,0x5206,0x5245,
0x4a05,0x41c3,0x39c3,0x4183,0x41c3,0x41e5,0x4a05,0x4a06,0x4a05,0x8ae8,0x7aa7,0x7aa7,
0x8ac8,0x9329,0xabaa,0xb3eb,0x9b29,0xb3eb,0xc42c,0xbc2c,0xbc2c,0xcc6c,0xcc6c,0xcc6d,
0xcc6d,0xd46d,0xcc6d,0xcc6d,0xcc4c,0xab69,0x8ac8,0x7244,0x6a23,0x61c4,0x51c4,0x59a4,
0x5184,0x61c4,0x6a25,0x6a25,0x6a25,0x7246,0x7246,0x6225,0x51a4,0x4963,0x4983,0x5163,
0x5184,0x5184,0x51a3,0x5183,0x7226,0x9308,0xabaa,0xabaa,0xabaa,0xab8a,0xabaa,0xabaa,
0xb3aa,0xb3ab,0xbbeb,0xb3aa,0xb3aa,0xc3cb,0xcc0c,0xc3cc,0xb3ab,0xb3ab,0xb3ab,0xabaa,
0xb3ab,0xbbeb,0xc40c,0xc42c,0xcc2d,0xdc4d,0xecee,0xf54f,0xf52f,0xf50c,0xfe0b,0xac08,
0xd62a,0xffcc,0xffcc,0xffcc,0xffcc,0xffcc,0xffcc,0xffcc,0xffcc,0xffcc,0xffcc,0xffcc,
0xffcc,0xffcc,0xffcc,0xffcc,0xffcc,0xffcc,0xffcc,0xffcc,0xffcc,0xffcc,0xffcc,0xffcc,
0xffcc,0xffcc,0xffcc,0xffcc,0xffcc,0xffcc,0xde8b,0xce0a,0xad09,0x7bc7,0x5a45,0x41c4,
0x3983,0x3983,0x3983,0x39a3,0x3983,0x3983,0x3963,0x3983,0x3983,0x3983,0x3983,0x39a4,
0x41c5,0x41e6,0x4a06,0x4a06,0x41e5,0x4a05,0x41e5,0x39c5,0x4a05,0x41e5,0x41c4,0x41a3,
0x3983,0x3983,0x4183,0x41c4,0x41c4,0x41c4,0x41a3,0x3983,0x4183,0x41a3,0x5206,0x5246,
0x5247,0x5246,0x4206,0x41c4,0x41a4,0x41a4,0x49e4,0x49e4,0x41e4,0x39a3,0x3963,0x3963,
0x39a3,0x4164,0x41a4,0x41c4,0x39a4,0x0000,0x0000,0x0000,0x0000,0x0000,0x0000,0x0000,
0x0000,0x0000,0x0000,0x0000,0x0000,0x0000,0x0000,0x20e3,0x39c5,0x5a67,0x7b29,0x7b2a,
0x7309,0x6ae8,0x6aa8,0x6aa8,0x6ae8,0x7309,0x834a,0x8b8b,0x8bac,0x93ec,0x8bab,0x836b,
0x8329,0x7b29,0x7b29,0x72e8,0x5a67,0x41e5,0x3185,0x39a5,0x5247,0x6ac8,0x7309,0x7309,
0x72e9,0x7b29,0x836a,0x8bcc,0x93ec,0x9c0d,0x9c2e,0x9c0d,0x93ed,0x93ed,0x8bac,0x7b8c,
0x838c,0x8bcc,0x93cc,0x8bcc,0x93cc,0x8bab,0x7b6b,0x72e8,0x5a47,0x4a06,0x4a05,0x5204,
0x49e5,0x41a3,0x41a3,0x41a3,0x41c4,0x41e5,0x4a05,0x4a05,0x41e5,0x8aa7,0x7aa7,0x7aa7,
0x8ac8,0x9308,0x9b69,0xabcb,0xa38a,0xb3eb,0xbc0b,0xbc0c,0xc44c,0xcc6d,0xcc6c,0xcc6d,
0xcc6d,0xd46d,0xcc6d,0xcc2c,0x9b49,0x7a85,0x7225,0x69e4,0x61e4,0x59c4,0x61c4,0x6a05,
0x82a7,0x92e8,0x9b29,0xab6a,0xa34a,0x9b29,0x9b29,0x8ae8,0x8287,0x6205,0x61e5,0x5984,
0x5183,0x5183,0x5184,0x5184,0x8ae7,0xab8a,0xabaa,0xb3aa,0xb3aa,0xab8a,0xb3aa,0xb3aa,
0xb3aa,0xb3aa,0xbbeb,0xc40b,0xcc2c,0xcc2c,0xbbeb,0xbbcb,0xb3ab,0xab8a,0xa36a,0xb3ab,
0xb3ab,0xc3ec,0xc42c,0xcc2c,0xcc2c,0xcc2c,0xdc4d,0xf50f,0xf54f,0xf4cd,0xfe0b,0xd50a,
0xcd89,0xffcc,0xffcc,0xffcc,0xffcc,0xffcc,0xffcc,0xffcc,0xffcc,0xffcc,0xffcc,0xffcc,
0xffcc,0xffcc,0xffcc,0xffcc,0xffcc,0xffcc,0xffcc,0xffcc,0xffcc,0xffcc,0xffcc,0xffcc,
0xffcc,0xffcc,0xffcc,0xffcc,0xffcc,0xffcc,0xffac,0xf76b,0xce0a,0xad09,0x7ba7,0x5245,
0x41c3,0x39a3,0x3984,0x3984,0x39c4,0x39a4,0x3983,0x3983,0x3983,0x3962,0x3983,0x3983,
0x41c5,0x4a05,0x4a06,0x4a06,0x41e5,0x39c5,0x41c4,0x41c4,0x4a05,0x4a05,0x49e5,0x49e4,
0x49c4,0x49c3,0x49e4,0x51e5,0x5225,0x5a05,0x49c3,0x41a3,0x3983,0x41c4,0x5206,0x5246,
0x5246,0x4a05,0x41e5,0x41e4,0x49e4,0x5205,0x5225,0x5205,0x49e4,0x39a3,0x3163,0x3163,
0x3963,0x39a3,0x41a4,0x41a4,0x3164,0x0000,0x0000,0x0000,0x0000,0x0000,0x0000,0x0000,
0x0000,0x0000,0x0000,0x0000,0x0000,0x0000,0x0000,0x1903,0x3984,0x5a47,0x7309,0x7b29,
0x7309,0x6ac8,0x6aa7,0x6aa7,0x6aa8,0x6ac8,0x7309,0x834a,0x8b8b,0x8bab,0x93cb,0x8b6b,
0x834a,0x7b29,0x72e9,0x6ac8,0x5a26,0x39a5,0x3184,0x39c5,0x5247,0x6ac8,0x72e8,0x6ae8,
0x6ac8,0x6ae8,0x7b09,0x836a,0x8bab,0x93ec,0x93ec,0x93ec,0x93ec,0x93cc,0x8bab,0x8b8b,
0x836b,0x8b8b,0x83ac,0x8bcc,0x93cc,0x8bac,0x838c,0x6ae9,0x5a67,0x4a06,0x49e5,0x49e5,
0x49c4,0x41a3,0x4183,0x41c4,0x41c5,0x41e5,0x4a05,0x41c5,0x49e5,0x8ac8,0x7a87,0x7aa7,
0x82c7,0x9b29,0x9b49,0xa38a,0xb3cb,0xb3eb,0xabcb,0xbc2c,0xcc4c,0xcc6d,0xcc6d,0xcc6d,
0xd46d,0xcc6d,0xcc6d,0xab8a,0x7246,0x6a25,0x6a05,0x69e4,0x61e4,0x6a05,0x7a67,0x8ae8,
0xab6a,0xb3ab,0xbc0c,0xbc0c,0xbbec,0xb3ab,0xab8b,0x9b49,0x9308,0x9b49,0x8ae8,0x7246,
0x6a05,0x6a05,0x6a05,0x7225,0x9b29,0xabaa,0xab8a,0xab8a,0xab8a,0xabaa,0xa36a,0xabaa,
0xab8a,0xb3aa,0xc40b,0xcc2c,0xcc2c,0xcc0c,0xbbcb,0xb3ab,0xab6a,0xab8a,0xb3ab,0xb3ab,
0xbbcb,0xc3ec,0xcc2c,0xd42d,0xcc2c,0xcc2c,0xd42d,0xecee,0xf54f,0xe4ae,0xfdab,0xe56a,
0xbd0a,0xffcc,0xffcc,0xffcc,0xffcc,0xffcc,0xffcc,0xffcc,0xffcc,0xffcc,0xffcc,0xffcc,
0xffcc,0xffcc,0xffcc,0xffcc,0xffcc,0xffcc,0xffcc,0xffcc,0xffcc,0xffcc,0xffcc,0xffcc,
0xffcc,0xffcc,0xffcc,0xffcc,0xffcc,0xffcc,0xffcc,0xffcc,0xf72b,0xce0a,0xacc9,0x73a7,
0x5a45,0x41c4,0x41c3,0x39c3,0x41a4,0x41c5,0x41c4,0x39c4,0x3983,0x3983,0x3962,0x3983,
0x39a3,0x41c4,0x4205,0x41c4,0x39a4,0x39a3,0x39a3,0x41a3,0x49c4,0x4a05,0x5204,0x5204,
0x5225,0x5a25,0x5a45,0x5a45,0x5a65,0x5a45,0x5204,0x4183,0x4183,0x41c4,0x5205,0x5246,
0x4a26,0x4a05,0x41e5,0x41e4,0x5205,0x5225,0x5a46,0x5225,0x41c4,0x3963,0x3163,0x3123,
0x3143,0x3983,0x41a4,0x41a4,0x3163,0x0000,0x0000,0x0000,0x0000,0x0000,0x0000,0x0000,
0x0000,0x0000,0x0000,0x0000,0x0000,0x0000,0x0000,0x1903,0x3184,0x5247,0x6ae8,0x7b29,
0x72e9,0x6aa8,0x6aa8,0x6aa7,0x6aa8,0x6aa7,0x6aa8,0x72e9,0x7b29,0x8b8b,0x8bab,0x8b6b,
0x834a,0x7b29,0x72c8,0x6287,0x5226,0x39a4,0x3183,0x39a5,0x5267,0x6ae8,0x7b29,0x72e8,
0x6ac8,0x6ae8,0x7309,0x7b2a,0x836a,0x8bab,0x8bab,0x93cc,0x8bab,0x8bab,0x8bab,0x8bab,
0x838b,0x8bab,0x8bab,0x8bac,0x8bab,0x8b8b,0x7b2a,0x62a8,0x5247,0x41c5,0x41c5,0x41c4,
0x41c3,0x41a3,0x41c3,0x41c4,0x41c5,0x4a05,0x41e5,0x41c5,0x51e5,0x8ac8,0x7a87,0x8aa7,
0x9329,0x9308,0x9b69,0xab8a,0xab6a,0xbc0b,0xbc0b,0xbc2c,0xcc4c,0xcc6c,0xcc6c,0xcc6d,
0xcc6d,0xcc6d,0xcc4c,0x9329,0x7246,0x7a44,0x7245,0x7246,0x7226,0x92e8,0xb3aa,0xb3cb,
0xb3ab,0xc42c,0xcc4d,0xc42c,0xc40c,0xbc0c,0xbbeb,0xabaa,0xa36a,0xa36a,0xa34a,0x9308,
0x8ae8,0x9309,0xa349,0xb38a,0xb3aa,0xb3aa,0xb3aa,0xab8a,0xb38a,0xa369,0xa36a,0xab69,
0xab6a,0xbbcb,0xcc2c,0xd44d,0xcc2c,0xbbeb,0xb3ab,0xb38a,0xb3ab,0xb3ab,0xb3ab,0xbbab,
0xc3ec,0xcc2c,0xd42d,0xcc2c,0xcc2c,0xcc2c,0xcc2c,0xdc6d,0xed0e,0xec8d,0xfd8b,0xfe8b,
0xb489,0xffcc,0xffcc,0xffcc,0xffcc,0xffcc,0xffcc,0xffcc,0xffcc,0xffcc,0xffcc,0xffcc,
0xffcc,0xffcc,0xffcc,0xffcc,0xffcc,0xffcc,0xffcc,0xffcc,0xffcc,0xffcc,0xffcc,0xffcc,
0xffcc,0xffcc,0xffcc,0xffcc,0xffcc,0xffcc,0xffcc,0xffcc,0xffcc,0xde8a,0xce0a,0xa4c8,
0x7ba7,0x5265,0x4a04,0x41c4,0x41c5,0x41c5,0x41c4,0x41c4,0x39a3,0x3983,0x3983,0x3963,
0x3983,0x3984,0x3984,0x3983,0x3962,0x3982,0x3963,0x4183,0x49c4,0x49e5,0x4a05,0x4a04,
0x5245,0x5a65,0x5a45,0x5225,0x5245,0x5205,0x5204,0x49c3,0x41c3,0x49e4,0x4a05,0x4a06,
0x4a05,0x41c5,0x41e4,0x49e5,0x5225,0x5225,0x5225,0x4a05,0x39a4,0x3163,0x2922,0x2922,
0x3123,0x3963,0x41a4,0x41a4,0x3163,0x0000,0x0000,0x0000,0x0000,0x0000,0x0000,0x0000,
0x0000,0x0000,0x0000,0x0000,0x0000,0x0000,0x0000,0x18e3,0x3144,0x4a06,0x6aa7,0x72e9,
0x6ae8,0x6ae8,0x6aa8,0x6ac8,0x6ac8,0x6aa8,0x6aa7,0x6aa8,0x7b09,0x834a,0x8b8b,0x8bab,
0x8b8a,0x834a,0x7b29,0x6aa7,0x5226,0x39a4,0x3183,0x39a5,0x5267,0x72e8,0x7b29,0x7b29,
0x7309,0x7309,0x7b2a,0x834a,0x836a,0x8bab,0x8bab,0x8bab,0x8bab,0x838c,0x8bab,0x8bab,
0x8bab,0x8bab,0x8bab,0x838b,0x834a,0x732a,0x62c9,0x5a87,0x5246,0x49e5,0x41c4,0x41a3,
0x41a3,0x41a3,0x41c3,0x41c4,0x41c5,0x39c5,0x41c5,0x41c5,0x49e5,0x82a7,0x7266,0x7aa7,
0x8b08,0x9b49,0xa369,0xb3cb,0xb3eb,0xabaa,0xbc2c,0xbc0c,0xcc6d,0xcc6d,0xcc6d,0xcc6d,
0xcc6d,0xd46d,0xc42c,0xab8a,0xa349,0x9b08,0x92e8,0x8287,0x9b29,0xb3ab,0xc40c,0xc40c,
0xcc2d,0xcc4d,0xcc6d,0xcc4d,0xc42c,0xc3ec,0xbbeb,0xb3ab,0xab6a,0xa36a,0xabab,0xa36a,
0xa34a,0x9b49,0xb38a,0xb3ab,0xb3aa,0xb3aa,0xb3aa,0xab6a,0xa36a,0xa369,0xa349,0xa349,
0xab6a,0xc3eb,0xd42c,0xdc4c,0xcc0c,0xbbca,0xb3aa,0xb3ab,0xbbab,0xbbab,0xbbab,0xbbcb,
0xcc0c,0xd44d,0xd44d,0xe44d,0xdc4d,0xd42c,0xd42d,0xe48d,0xecad,0xdc8d,0xed0b,0xfe0b,
0xbc89,0xf74b,0xffcc,0xffcc,0xffcc,0xf78b,0xfe0a,0xfe0a,0xff2c,0xffcc,0xffcc,0xffcc,
0xffcc,0xffcc,0xffcc,0xffcc,0xffcc,0xffcc,0xffcc,0xffcc,0xffcc,0xffcc,0xffcc,0xffcc,
0xffcc,0xffcc,0xffcc,0xffcc,0xffcc,0xffcc,0xffcc,0xffcc,0xffcc,0xffcc,0xef0b,0xce0a,
0x9ce9,0x7b87,0x5a65,0x49e4,0x41c4,0x41c5,0x41c5,0x41c4,0x41a4,0x39a3,0x3983,0x3983,
0x3983,0x3983,0x3983,0x3142,0x3142,0x3142,0x3963,0x4183,0x41a3,0x41a3,0x39a3,0x41c4,
0x49e4,0x4a25,0x4a04,0x41c4,0x41a4,0x41c4,0x49c4,0x49c4,0x49c4,0x41c4,0x41e5,0x41e5,
0x39c4,0x39a4,0x41c4,0x41e5,0x49e5,0x4a05,0x41c5,0x3984,0x3163,0x2923,0x2922,0x2922,
0x3123,0x3163,0x3983,0x3983,0x3143,0x0000,0x0000,0x0000,0x0000,0x0000,0x0000,0x0000,
0x0000,0x0000,0x0000,0x0000,0x0000,0x0000,0x0000,0x1903,0x3144,0x41e5,0x5a67,0x6ae8,
0x6ae8,0x6aa8,0x6aa7,0x6aa7,0x6ac8,0x6aa7,0x72c8,0x72c8,0x72e8,0x834a,0x8bab,0x93cb,
0x93ab,0x8b6a,0x8329,0x6ac8,0x5a45,0x39a5,0x3185,0x31a5,0x5247,0x6ac8,0x7b29,0x7b29,
0x7b29,0x7b29,0x836a,0x8bab,0x8bab,0x8bab,0x8bab,0x8bab,0x836a,0x836a,0x8bab,0x8bab,
0x93ec,0x93ec,0x93ec,0x8b8b,0x7b29,0x62c9,0x5a87,0x5a67,0x5246,0x4a05,0x41c4,0x4183,
0x4183,0x41c3,0x41c3,0x41c5,0x39c3,0x3983,0x39c5,0x39c5,0x5205,0x7aa7,0x7266,0x82c7,
0x9329,0x9b69,0x9329,0xa36a,0xabaa,0xabcb,0xbc0c,0xbc2c,0xcc6d,0xcc6d,0xd46d,0xd48d,
0xcc6d,0xdc8d,0xdcad,0xcc2b,0xbbca,0xb3aa,0xab8a,0xb3aa,0xb3ab,0xc42c,0xcc6d,0xd46d,
0xcc6d,0xd44d,0xd42d,0xcc2c,0xc42d,0xc3ec,0xbbcb,0xb38b,0xb38b,0xb3ab,0xab6a,0xab8b,
0xb3aa,0xb3aa,0xbbaa,0xb3aa,0xb3aa,0xb3aa,0xb3aa,0xab8a,0xa349,0xa349,0xa349,0x9b69,
0xabaa,0xc40b,0xd42c,0xcc2c,0xc3ca,0xb38a,0xb3ab,0xbbaa,0xc3ab,0xc3ab,0xc3cb,0xcc0c,
0xdc6d,0xec6d,0xec8d,0xec8d,0xec4d,0xec6d,0xdc6d,0xe48d,0xecad,0xdc6d,0xe48b,0xfe0b,
0xccc9,0xd62b,0xffcc,0xffcc,0xf78c,0x8b04,0x69c0,0x9b24,0xed2a,0xffac,0xffcc,0xffcc,
0xffcc,0xffcc,0xffcc,0xffcc,0xffcc,0xffcc,0xffcc,0xffcc,0xffcc,0xffcc,0xffcc,0xffcc,
0xffcc,0xffcc,0xffcc,0xffcc,0xffcc,0xffcc,0xffcc,0xffcc,0xffcc,0xffcc,0xffcc,0xde8a,
0xce0a,0x9ce9,0x7b26,0x5a45,0x49e5,0x41c5,0x41c4,0x41c5,0x39a4,0x3983,0x3983,0x3983,
0x3983,0x3983,0x3142,0x3142,0x3142,0x3142,0x3142,0x3982,0x3982,0x3183,0x3183,0x3183,
0x39c3,0x41c3,0x39a3,0x3183,0x3142,0x3143,0x3983,0x41c3,0x41c3,0x41a3,0x39c3,0x3983,
0x3183,0x3183,0x39a4,0x41e4,0x41e4,0x39a4,0x3163,0x2943,0x2922,0x2923,0x2922,0x3123,
0x3122,0x3162,0x3163,0x3163,0x2922,0x0000,0x0000,0x0000,0x0000,0x0000,0x0000,0x0000,
0x0000,0x0000,0x0000,0x0000,0x0000,0x0000,0x0000,0x1903,0x2944,0x41c5,0x5a66,0x6aa8,
0x6aa8,0x6ac8,0x6aa7,0x6aa8,0x6aa7,0x6aa8,0x6aa8,0x6ac8,0x7ae8,0x7b29,0x836a,0x8bab,
0x93ab,0x93cb,0x8b6a,0x7ae8,0x6267,0x41c4,0x3184,0x31a5,0x4a06,0x6ac8,0x7b29,0x834a,
0x836a,0x8b8b,0x93cc,0x93cc,0x93cc,0x93cc,0x8bab,0x8b8b,0x836b,0x836b,0x8b8b,0x8bcc,
0x93ec,0x93ec,0x93cc,0x838b,0x732a,0x6aa8,0x5a87,0x5a47,0x5226,0x4a05,0x41e4,0x41a3,
0x41a3,0x41c4,0x49e5,0x41e4,0x39a4,0x3983,0x3983,0x3983,0x51e4,0x7aa7,0x7a67,0x8ac8,
0x9308,0xa36a,0xa36a,0xabaa,0xabca,0xbbeb,0xb40b,0xc42c,0xd46d,0xcc6d,0xd46d,0xcc6d,
0xd48d,0xdcad,0xdcad,0xd48d,0xd44c,0xcc2c,0xc3eb,0xbbec,0xcc2c,0xd46d,0xd46d,0xd46d,
0xd46d,0xd44d,0xd42d,0xcc2d,0xc42d,0xc3ec,0xbbcb,0xb3ab,0xb38b,0xab8b,0xb3ab,0xb3ab,
0xb3ab,0xb3ab,0xb3aa,0xb3ab,0xb3aa,0xb3aa,0xab8a,0xab8a,0xa349,0xa369,0x9b29,0xa349,
0xb3aa,0xc40b,0xd44c,0xcc2c,0xc3cb,0xbbab,0xbbaa,0xc3ab,0xc3ab,0xc3cb,0xe44d,0xec4d,
0xec8d,0xec8d,0xf4ce,0xf50e,0xf50e,0xf52f,0xf54f,0xe4ae,0xdc6d,0xd46d,0xd44b,0xfdab,
0xdd8a,0xbd09,0xffcc,0xde6a,0x3962,0x2081,0x59e4,0xcc4c,0xe4cd,0xfe4b,0xffcc,0xffcc,
0xffcc,0xffcc,0xffcc,0xffcc,0xffcc,0xffcc,0xffcc,0xffcc,0xffcc,0xffcc,0xffcc,0xffcc,
0xffcc,0xffcc,0xffcc,0xffcc,0xffcc,0xffcc,0xffcc,0xffcc,0xffcc,0xffcc,0xffcc,0xffac,
0xde8b,0xcdea,0x9488,0x7346,0x4a25,0x41e4,0x39c4,0x39c4,0x39a4,0x39a4,0x39a3,0x41a3,
0x3983,0x3983,0x3983,0x3162,0x3142,0x3142,0x3142,0x3142,0x3142,0x2942,0x2942,0x3163,
0x3983,0x41c4,0x3183,0x2942,0x2902,0x2902,0x3143,0x3983,0x3983,0x3983,0x3183,0x3143,
0x3142,0x3142,0x39a4,0x39a4,0x3984,0x3163,0x2923,0x2922,0x2122,0x2922,0x2923,0x3123,
0x3123,0x2922,0x2922,0x3122,0x2922,0x0000,0x0000,0x0000,0x0000,0x0000,0x0000,0x0000,
0x0000,0x0000,0x0000,0x0000,0x0000,0x0000,0x0000,0x2123,0x3164,0x41c5,0x5226,0x6287,
0x6ac8,0x6aa7,0x6aa7,0x6aa7,0x6aa7,0x6aa8,0x6aa7,0x72a7,0x72c8,0x72e9,0x8349,0x8b8b,
0x8bac,0x93cb,0x8b8b,0x8329,0x6287,0x4a05,0x3184,0x31a5,0x4a07,0x62c8,0x7b29,0x834a,
0x836a,0x8bab,0x93cc,0x93ec,0x93ec,0x93ec,0x93ec,0x8bab,0x8bab,0x8bab,0x8bab,0x93ec,
0x93ec,0x8c0f,0x93cc,0x83ac,0x7b2a,0x7309,0x6287,0x5a46,0x5226,0x5205,0x49c4,0x41c3,
0x41c4,0x49e5,0x4a06,0x4a05,0x41c5,0x39c4,0x3983,0x3983,0x5204,0x7246,0x7a87,0x8ac8,
0x9b49,0x9b69,0xa38a,0xab8a,0x9b69,0xb3eb,0xbc0c,0xcc6c,0xcc6d,0xd48d,0xcc6d,0xd48d,
0xdcad,0xdcad,0xe4ae,0xecce,0xe4ad,0xd46c,0xcc2c,0xcc4c,0xd46d,0xd46d,0xd46d,0xd46d,
0xd42d,0xd42d,0xd42d,0xcc2d,0xc40c,0xc3ec,0xbbcb,0xb3ab,0xb3ab,0xb3aa,0xb38a,0xb3aa,
0xbbab,0xbbaa,0xb3aa,0xb3aa,0xb3aa,0xab6a,0xab69,0xa36a,0xab6a,0xa369,0x9329,0xa36a,
0xbbca,0xcc2c,0xd44c,0xdc4b,0xd42c,0xc3cb,0xbbaa,0xc3ab,0xd42c,0xe44c,0xec6d,0xf4ee,
0xf4ce,0xf50f,0xdcad,0xcc0c,0xc4cf,0xacd1,0x93ed,0xb3ab,0xcc2c,0xd44c,0xc40b,0xfd4b,
0xf5eb,0xb4c9,0xde8a,0x3942,0x20a1,0x6205,0xdccd,0xed0f,0xf570,0xe4ab,0xff6c,0xffcc,
0xffcc,0xffcc,0xffcc,0xffcc,0xffcc,0xffcc,0xffcc,0xffcc,0xffcc,0xffcc,0xffcc,0xffcc,
0xffcc,0xffcc,0xffcc,0xffcc,0xffcc,0xffcc,0xffcc,0xffcc,0xffcc,0xffcc,0xffcc,0xffcc,
0xffcc,0xe6ab,0xbd89,0x8c48,0x7306,0x4a25,0x41c4,0x4184,0x3983,0x39a4,0x41c4,0x39a3,
0x4183,0x3983,0x3983,0x3942,0x3163,0x3142,0x3142,0x2942,0x3142,0x3142,0x3142,0x3983,
0x41c4,0x41c4,0x39a3,0x3142,0x2922,0x2922,0x2942,0x3143,0x3983,0x3983,0x3943,0x3162,
0x3142,0x3142,0x3984,0x3984,0x3163,0x2923,0x2122,0x2102,0x2923,0x3143,0x3163,0x3163,
0x3142,0x2922,0x2923,0x2923,0x2922,0x0000,0x0000,0x0000,0x0000,0x0000,0x0000,0x0000,
0x0000,0x0000,0x0000,0x0000,0x0000,0x0000,0x0000,0x2124,0x3184,0x41e5,0x5a46,0x6287,
0x62a6,0x6aa7,0x6aa7,0x6aa7,0x6aa7,0x6aa8,0x6aa7,0x6aa7,0x7aa7,0x7309,0x8349,0x836a,
0x8bab,0x8bab,0x8bab,0x8329,0x6aa8,0x4a26,0x39c5,0x31a5,0x4a07,0x6ac8,0x72e9,0x7b29,
0x834a,0x836b,0x8bab,0x8bcc,0x8bcc,0x93cc,0x8bac,0x93ec,0x93ec,0x93ec,0x93ec,0x93ec,
0x9c2d,0x93ec,0x93ec,0x93cc,0x7b8c,0x732a,0x6ac8,0x5a66,0x5225,0x4a05,0x49e4,0x49c4,
0x49e5,0x4a26,0x5246,0x4a26,0x4a05,0x41c4,0x41c3,0x41c3,0x5a05,0x7246,0x82c7,0x8ae8,
0x9b49,0x9b49,0x9b29,0xa36a,0x9b69,0xb3cb,0xbc0b,0xcc6d,0xcc6d,0xd46d,0xd48d,0xd48d,
0xdcad,0xdcce,0xecee,0xecee,0xe4ad,0xdcad,0xd46d,0xd46d,0xd46d,0xd46d,0xd46d,0xd42d,
0xd42c,0xcc2c,0xcc0c,0xc3ec,0xc3cc,0xc3ab,0xb3ab,0xb38b,0xbb6a,0xbb8a,0xc38b,0xbbab,
0xc3ab,0xc3ab,0xbbaa,0xb3aa,0xab8a,0xab6a,0xb3aa,0xb3aa,0xbbcb,0xb3aa,0x8ae8,0xb3aa,
0xcc0b,0xd42c,0xec4d,0xe44d,0xd42b,0xcc0c,0xd40b,0xe44c,0xec4d,0xf4ce,0xf4ee,0xdc4c,
0x9b07,0xc262,0x6982,0x5a27,0xad54,0x9cd2,0x1061,0x4964,0xcc2b,0xc40b,0xb3aa,0xdc4b,
0xfe6b,0xc4c9,0x3962,0x28e2,0x59e5,0xc42c,0xfd4f,0xf54f,0xe50e,0xdcce,0xee8b,0xffcc,
0xffcc,0xffcc,0xffcc,0xffcc,0xffcc,0xffcc,0xffcc,0xffcc,0xffcc,0xffcc,0xffcc,0xffcc,
0xffcc,0xffcc,0xffcc,0xffcc,0xffcc,0xffcc,0xffcc,0xffcc,0xffcc,0xffcc,0xffcc,0xffcc,
0xffcc,0xff6b,0xde8a,0xbd89,0x9448,0x72e5,0x4a25,0x41c3,0x3983,0x3984,0x3983,0x3983,
0x3983,0x3983,0x3962,0x3142,0x3142,0x2942,0x2902,0x2902,0x3142,0x3963,0x3983,0x41c4,
0x4a05,0x4a05,0x41c4,0x3983,0x3163,0x2922,0x2942,0x3142,0x3983,0x3983,0x41a3,0x41a3,
0x4183,0x4183,0x39a4,0x3984,0x3163,0x2923,0x2923,0x2902,0x3143,0x3983,0x3983,0x3983,
0x3943,0x3142,0x3122,0x3163,0x3963,0x0000,0x0000,0x0000,0x0000,0x0000,0x0000,0x0000,
0x0000,0x0000,0x0000,0x0000,0x0000,0x0000,0x0000,0x2124,0x3184,0x49e6,0x5a66,0x6a87,
0x6a87,0x6aa7,0x6aa7,0x6aa7,0x6aa7,0x6aa7,0x62a7,0x6aa7,0x6ac8,0x7ae8,0x7b29,0x834a,
0x8b6b,0x8bab,0x8b8b,0x7b29,0x62c8,0x4a06,0x39c5,0x39c5,0x4a07,0x62a8,0x72e8,0x7309,
0x730a,0x7b29,0x834a,0x8b8b,0x8b8b,0x8b8b,0x8bab,0x8bcc,0x93cc,0x93ec,0x93ec,0x93ec,
0x9c0d,0x9c0d,0x93ed,0x8bac,0x834a,0x7b09,0x6287,0x5a46,0x5205,0x5204,0x4a05,0x41c5,
0x4a05,0x4a06,0x4a26,0x4a06,0x41c5,0x41c4,0x41c4,0x41c4,0x5205,0x7246,0x82c7,0x9329,
0x9b49,0xa369,0xab8a,0xa36a,0xabcb,0xb3cb,0xbc0b,0xcc6d,0xcc6d,0xd48d,0xd48d,0xdcad,
0xdcce,0xe4ce,0xecee,0xecee,0xe4ae,0xe4ad,0xdc8d,0xdc8d,0xd46d,0xd46d,0xd42d,0xcc0c,
0xcbec,0xc3cc,0xbb8a,0xbb8a,0xbb8a,0xbb8a,0xbb8a,0xc3ab,0xc3ab,0xc3cb,0xc3cb,0xcbeb,
0xcc2b,0xc3eb,0xc3ab,0xb3aa,0xab8a,0xab8a,0xc3eb,0xc40b,0xcc2c,0xbbca,0x8ac8,0xa349,
0xc3eb,0xd42b,0xe48d,0xec4d,0xe44c,0xec4d,0xec4d,0xec4c,0xd3ca,0xbae7,0x4943,0x0820,
0x2060,0x89e1,0x5162,0x5a67,0xad33,0x5aa9,0x1040,0x8267,0xc3eb,0xb38a,0xa369,0xbbc9,
0xfdcb,0xcce9,0x3902,0x51a4,0x9b29,0xf570,0xf54f,0xf54f,0xe4ee,0xf52f,0xe52c,0xffcc,
0xffcc,0xffcc,0xffcc,0xffcc,0xffcc,0xffcc,0xffcc,0xffcc,0xffcc,0xffcc,0xffcc,0xffcc,
0xffcc,0xffcc,0xffcc,0xffcc,0xffcc,0xffcc,0xffcc,0xffcc,0xffcc,0xffcc,0xffcc,0xffcc,
0xffcc,0xffcc,0xffac,0xe6ab,0xb569,0x8c48,0x6ae5,0x4a04,0x41a4,0x3983,0x3983,0x3983,
0x3183,0x3163,0x3142,0x3142,0x2942,0x28e2,0x28e1,0x2901,0x3142,0x3983,0x41c4,0x49e5,
0x4a05,0x4a05,0x41c4,0x41c3,0x39a3,0x3183,0x3142,0x3142,0x3983,0x41a4,0x49e4,0x51e4,
0x51e5,0x49e4,0x41e4,0x39a4,0x3163,0x2943,0x2922,0x3123,0x3963,0x4184,0x41a4,0x41a4,
0x3983,0x3163,0x3143,0x3963,0x41a3,0x0000,0x0000,0x0000,0x0000,0x0000,0x0000,0x0000,
0x0000,0x0000,0x0000,0x0000,0x0000,0x0000,0x0000,0x1903,0x3184,0x49e6,0x5a66,0x72a7,
0x7aa7,0x6aa7,0x6aa7,0x6aa7,0x6aa7,0x6a87,0x6a87,0x6aa7,0x6aa7,0x6ae8,0x7b29,0x7b29,
0x836a,0x836a,0x8b8b,0x7b29,0x6aa8,0x5246,0x41c6,0x41e6,0x5247,0x6ac8,0x72e8,0x7b29,
0x7b29,0x7b29,0x734b,0x836a,0x836a,0x836a,0x836a,0x8bab,0x8bab,0x93cc,0x93ec,0x93ec,
0x93ec,0x93ec,0x8bac,0x736c,0x72e8,0x62a8,0x5a47,0x5205,0x4a05,0x4a05,0x49e5,0x49c5,
0x41c5,0x4a05,0x4a06,0x41e5,0x41c5,0x39c4,0x3984,0x41c4,0x5205,0x7246,0x8ac7,0x8b49,
0x9b69,0x9329,0xa36a,0xb3cb,0xb3eb,0xabaa,0xc44c,0xd46d,0xcc6d,0xd46d,0xdcad,0xdcad,
0xecee,0xecee,0xecee,0xecee,0xdcce,0xd46d,0xcc4c,0xcc2c,0xd42c,0xc3ab,0xbb6a,0xbb4a,
0xbb4a,0xbb4a,0xbb4a,0xbb8a,0xc3ab,0xc3ab,0xc3ab,0xc3ab,0xc3ab,0xdc4b,0xdc4b,0xdc4b,
0xec4c,0xd42c,0xcbec,0xc3ab,0xab8a,0xb3aa,0xc40b,0xcc2c,0xcc2c,0xbbca,0x9309,0x82a7,
0xbbaa,0xd44d,0xec8d,0xf52f,0xf4ee,0xec6d,0xd46d,0x8287,0x7a44,0x8a21,0x28c0,0x0800,
0x6980,0x61c4,0x4963,0x6ae9,0x39a5,0x1040,0x59c5,0xab4a,0xb38a,0x9b69,0x92e8,0xa349,
0xf56b,0xee2a,0x59e4,0x6a46,0xe50e,0xfd90,0xfdb0,0xf54f,0xf50f,0xcc6c,0xe4ee,0xffcc,
0xffcc,0xffcc,0xffcc,0xffcc,0xffcc,0xffcc,0xffcc,0xffcc,0xffcc,0xffcc,0xffcc,0xffcc,
0xffcc,0xffcc,0xffcc,0xffcc,0xffcc,0xffcc,0xffcc,0xffcc,0xffcc,0xffcc,0xffcc,0xffcc,
0xffcc,0xffcc,0xffac,0xffac,0xde6a,0xb569,0x8c48,0x6285,0x49e4,0x39a3,0x3183,0x3163,
0x3983,0x3183,0x3142,0x3142,0x2922,0x2942,0x28e1,0x2901,0x3142,0x39a3,0x41c3,0x49e5,
0x41c5,0x41c5,0x41c3,0x49c5,0x49c5,0x41c3,0x3983,0x3983,0x4183,0x49e5,0x5a45,0x6285,
0x5a45,0x5246,0x4a05,0x41c5,0x39a3,0x3163,0x3163,0x3983,0x39a3,0x49c4,0x49e4,0x49e4,
0x41a4,0x3963,0x3963,0x39a3,0x41a4,0x0000,0x0000,0x0000,0x0000,0x0000,0x0000,0x0000,
0x0000,0x0000,0x0000,0x0000,0x0000,0x0000,0x0000,0x1903,0x2943,0x41e5,0x5a66,0x6ac8,
0x72c8,0x72c8,0x72c8,0x72a7,0x6aa7,0x62a7,0x6a87,0x6a87,0x72a7,0x72c7,0x72e8,0x72e9,
0x7b29,0x834a,0x836a,0x7b2a,0x62c8,0x5246,0x41c6,0x4a26,0x5a87,0x6ae9,0x834a,0x834a,
0x834a,0x836a,0x834a,0x836b,0x836b,0x836a,0x836a,0x8bab,0x93cc,0x93ec,0x93ec,0x93cc,
0x8bac,0x8bab,0x7b4a,0x6b0a,0x5aa8,0x5226,0x49e5,0x41c4,0x41c4,0x41c4,0x41c3,0x41c5,
0x41c4,0x39c5,0x41e5,0x41c5,0x41c5,0x39a4,0x3983,0x3183,0x49c4,0x7aa7,0x8ae8,0x9b29,
0x9b69,0x9b49,0x9b69,0xa36a,0xb3eb,0xb3cb,0xbc2c,0xd46d,0xd46d,0xd48d,0xdcad,0xdcce,
0xecee,0xed0e,0xed0e,0xed0e,0xecce,0xd46d,0xbbcb,0xb3aa,0x936b,0x93cd,0x8bee,0x8c0f,
0x7309,0x79e3,0x9222,0x4101,0x4123,0x5963,0xa2c6,0xbae8,0xbb0b,0xd3ca,0xe32b,0xe44c,
0xe44c,0xdc4c,0xcbec,0xc3cb,0xab69,0xab6a,0xbbeb,0xcc2c,0xcc2c,0xbbea,0x9309,0x6205,
0xa349,0xe44d,0xf4ce,0xc4ae,0xb4d1,0xa4f2,0xa4f2,0xa4f2,0xde74,0x8a85,0x8221,0x81c1,
0x7a02,0x5163,0x30e2,0x1881,0x1881,0x5984,0x92e8,0xbbcb,0xa369,0x8ac8,0x7a87,0x7a67,
0xe489,0xf62b,0x7ac6,0x9b29,0xfdb0,0xfdd1,0xfd70,0xfd6f,0xed0e,0x9b49,0xdc8d,0xfecb,
0xffcc,0xffcc,0xffcc,0xffcc,0xffcc,0xffcc,0xffcc,0xffcc,0xffcc,0xffcc,0xffcc,0xffcc,
0xffcc,0xffcc,0xffcc,0xffcc,0xffcc,0xffcc,0xffcc,0xffcc,0xffcc,0xffcc,0xffcc,0xffcc,
0xffcc,0xffcc,0xffcc,0xffac,0xff6b,0xde6a,0xb549,0x9448,0x62c5,0x4a04,0x3983,0x3983,
0x3983,0x3963,0x3163,0x3142,0x2942,0x2922,0x2902,0x2902,0x2922,0x3163,0x41a3,0x39a3,
0x39a3,0x39a3,0x41c4,0x51e4,0x5204,0x49e5,0x41a4,0x4183,0x41c4,0x5225,0x6285,0x62a6,
0x6aa7,0x6285,0x5246,0x49e5,0x41a4,0x41c4,0x41c4,0x41c4,0x49c4,0x49e4,0x5205,0x51e4,
0x49c4,0x41a4,0x4184,0x41a4,0x41a4,0x0000,0x0000,0x0000,0x0000,0x0000,0x0000,0x0000,
0x0000,0x0000,0x0000,0x0000,0x0000,0x0000,0x0000,0x18c2,0x2144,0x3984,0x5206,0x6aa7,
0x72c8,0x7ae8,0x72c8,0x72c8,0x6aa7,0x7267,0x6aa7,0x72c7,0x72e9,0x72e8,0x6ae8,0x6ac8,
0x6ac8,0x630a,0x7b09,0x7309,0x62a8,0x4a26,0x4a06,0x4a48,0x5aa8,0x7309,0x836b,0x8bab,
0x8bab,0x8bab,0x8bab,0x836b,0x836b,0x836a,0x8bab,0x8bab,0x8bcc,0x93ec,0x93cc,0x93cc,
0x8bab,0x836b,0x7b2a,0x6ac8,0x5a67,0x4a05,0x41a4,0x3983,0x3983,0x3983,0x39a3,0x41c4,
0x5246,0x8b29,0x9b8a,0x7ae7,0x5a45,0x41c4,0x3163,0x3142,0x41c4,0x7aa7,0x8b08,0x9b29,
0xabaa,0x9b69,0x9b69,0x9b29,0xabaa,0xb3eb,0xc42c,0xcc6d,0xcc6d,0xdcad,0xe4ad,0xdcce,
0xecee,0xed0e,0xed2f,0xed2f,0xe4ee,0xdcad,0xb3aa,0x8aa7,0x6246,0x83ad,0xa4f2,0x9cb2,
0x6a87,0x61c4,0x8201,0x1840,0x0000,0x0800,0x69a0,0x6901,0x4183,0xa4d1,0xcdd2,0xbcd0,
0xab09,0xa328,0xbb8a,0xab8a,0x9b29,0x9309,0xab8a,0xcc4c,0xcc2c,0xbbca,0x9309,0x59e4,
0x7246,0xd44c,0x61c5,0x1081,0x2103,0x39a6,0x4a06,0x4a48,0x49c5,0x28a1,0x2880,0x2880,
0x2880,0x28a1,0x28c1,0x4123,0x59a4,0x8ac8,0xc3cb,0xc3cb,0x8ae8,0x7226,0x6205,0x6205,
0xd3e8,0xfdeb,0xa3c8,0xbc0c,0xfdd1,0xfd70,0xfdb0,0xfd90,0xdc8d,0x7a87,0xd48d,0xf6ce,
0xffcc,0xffcc,0xffcc,0xffcc,0xffcc,0xffcc,0xffcc,0xffcc,0xffcc,0xffcc,0xffcc,0xffcc,
0xffcc,0xffcc,0xffcc,0xffcc,0xffcc,0xffcc,0xffcc,0xffcc,0xffcc,0xffcc,0xffcc,0xffcc,
0xffcc,0xffcc,0xffcc,0xffcc,0xffcc,0xff4b,0xde6a,0xb569,0x8c08,0x6285,0x41e4,0x39a3,
0x3983,0x3983,0x3183,0x3142,0x2942,0x2902,0x2922,0x2942,0x3142,0x3142,0x3962,0x3983,
0x3983,0x4183,0x41c4,0x5204,0x5225,0x49e4,0x41c3,0x41c4,0x49c4,0x5245,0x5a66,0x6287,
0x6286,0x6287,0x5246,0x4a05,0x41e5,0x49e5,0x5205,0x5205,0x5225,0x5225,0x5225,0x5225,
0x49e4,0x49e4,0x41a4,0x41a4,0x41a4,0x0000,0x0000,0x0000,0x0000,0x0000,0x0000,0x0000,
0x0000,0x0000,0x0000,0x0000,0x0000,0x0000,0x0000,0x18c2,0x1903,0x2944,0x39a5,0x5a46,
0x6aa7,0x72c8,0x72e8,0x72c8,0x72a7,0x6aa7,0x72c8,0x72c8,0x7b29,0x7b09,0x7309,0x6aa7,
0x6287,0x62a8,0x6ac8,0x62a8,0x5a67,0x4a07,0x4a07,0x5267,0x6ac8,0x834a,0x8bab,0x93cc,
0x8bab,0x93cc,0x8bab,0x8bab,0x8bab,0x8b8b,0x8bab,0x8bab,0x8bac,0x8bab,0x8bab,0x8bab,
0x8b8b,0x7b6c,0x7b29,0x62e9,0x5267,0x49e5,0x4183,0x3163,0x3142,0x3183,0x3983,0x72a7,
0xcc6d,0xdcce,0xed0e,0xe4ee,0xcc8d,0xa38a,0x6246,0x3143,0x3983,0x7aa7,0x8b08,0x9b69,
0xb3cb,0xabaa,0x9308,0xa38a,0xb3cb,0xb3cb,0xcc6c,0xcc6d,0xd48d,0xdcad,0xdcce,0xecee,
0xecee,0xed2f,0xed2f,0xed0e,0xed0e,0xecee,0xd46d,0xcbec,0xc3eb,0xab49,0x8bac,0x9c90,
0x62ea,0x7245,0x9b06,0x79e1,0x30e0,0x79c1,0x71e2,0x5122,0x5a89,0xded9,0xdeda,0x7bae,
0x1861,0x1040,0x6a06,0x9309,0x8ae8,0x7a67,0xab8a,0xcc2c,0xc42b,0xb3cb,0x9309,0x6a26,
0x4963,0x8aa7,0x2081,0x1040,0x1020,0x0000,0x0000,0x0000,0x0000,0x1020,0x28a1,0x4123,
0x51a4,0x6a05,0x6a26,0x7226,0x8ac8,0xbb6a,0xcc2c,0xb3aa,0x7246,0x59a4,0x5184,0x5184,
0xb3a7,0xfd6b,0xdd6b,0xd4ad,0xfdd1,0xf54f,0xfdb0,0xf54f,0x8ae8,0x8ae8,0xdccd,0xffac,
0xffcc,0xffcc,0xffcc,0xffcc,0xffcc,0xffcc,0xffcc,0xffcc,0xffcc,0xffcc,0xffcc,0xffcc,
0xffcc,0xffcc,0xffcc,0xffcc,0xffcc,0xffcc,0xffcc,0xffcc,0xffcc,0xffcc,0xffcc,0xffcc,
0xffcc,0xffcc,0xffcc,0xffcc,0xffac,0xffac,0xeeeb,0xde6a,0xad09,0x7bc7,0x6264,0x41e4,
0x3983,0x3983,0x3983,0x3163,0x3142,0x2942,0x3142,0x3143,0x3163,0x3963,0x3963,0x3963,
0x3983,0x4183,0x49e4,0x5204,0x51e5,0x41c4,0x3983,0x39c4,0x4a05,0x5226,0x5246,0x5a87,
0x5a67,0x5246,0x5246,0x41e5,0x49e5,0x5205,0x5a25,0x5a46,0x5a25,0x5a25,0x5225,0x5225,
0x49e5,0x49e4,0x49c4,0x41a4,0x41a4,0x0000,0x0000,0x0000,0x0000,0x0000,0x0000,0x0000,
0x0000,0x0000,0x0000,0x0000,0x0000,0x0000,0x0000,0x18c2,0x18e3,0x2123,0x3164,0x41c5,
0x5a26,0x6287,0x6287,0x6ac8,0x6aa7,0x6aa7,0x72c8,0x72e9,0x8329,0x7b29,0x7b09,0x6ac8,
0x5a47,0x5a46,0x5247,0x5267,0x5247,0x4a07,0x5247,0x5288,0x6b0a,0x7b2a,0x7b8c,0x8bab,
0x8bcc,0x8bab,0x93cc,0x8bab,0x8b8b,0x8b6b,0x8b8b,0x8b8b,0x8b8b,0x8b8b,0x836b,0x836a,
0x838b,0x8b8b,0x7b4b,0x6ae8,0x5a67,0x41e5,0x3983,0x3143,0x3142,0x3143,0x6266,0xcc8d,
0xe4ce,0xe4ce,0xdcae,0xdcad,0xdcad,0xe4ee,0xd48d,0x8b08,0x49c4,0x7a87,0x9309,0xab8a,
0xb3eb,0xabaa,0x9b29,0x9b49,0xb3cb,0xbc0c,0xcc6c,0xcc6d,0xdcad,0xdcad,0xdcce,0xe4ee,
0xecee,0xf54f,0xed2f,0xed2f,0xed0f,0xecee,0xe48d,0xd46d,0xe46d,0xdc6c,0xd3cb,0xa329,
0x7a87,0x93aa,0xd5b2,0x8a63,0x79c1,0x7a02,0x5982,0x3902,0x5a89,0x736d,0x2924,0x0000,
0x0000,0x0820,0x4963,0x8287,0x7a66,0x7246,0xbbeb,0xc40b,0xc3ec,0xabaa,0x9309,0x7a87,
0x51a4,0x69e5,0x5184,0x3903,0x4123,0x4123,0x4123,0x4123,0x4963,0x61c5,0x7a46,0x8ac8,
0x8aa8,0x8287,0x7a67,0x92e8,0xab4a,0xc3ab,0xcc2c,0x9b09,0x5184,0x3923,0x3102,0x5183,
0x9ae6,0xfd0a,0xfdeb,0xdd0d,0xf52f,0xf54f,0xf570,0xb3ca,0x59e4,0xa38a,0xf60e,0xffcc,
0xffcc,0xffcc,0xffcc,0xffcc,0xffcc,0xffcc,0xffcc,0xffcc,0xffcc,0xffcc,0xffcc,0xffcc,
0xffcc,0xffcc,0xffcc,0xffcc,0xffcc,0xffcc,0xffcc,0xffcc,0xffcc,0xffcc,0xffcc,0xffcc,
0xffcc,0xffac,0xffcc,0xffac,0xffcc,0xffcc,0xffac,0xeeeb,0xde29,0xa4c8,0x7305,0x4a04,
0x3982,0x3163,0x3983,0x3983,0x3163,0x3143,0x3142,0x3163,0x3983,0x3983,0x3963,0x3983,
0x3982,0x3983,0x41a3,0x41a4,0x39a3,0x3983,0x3983,0x39a4,0x41e5,0x4a26,0x4a46,0x5246,
0x5245,0x4a05,0x41e5,0x41c5,0x41c4,0x49e5,0x5a25,0x5a25,0x5a25,0x5225,0x5225,0x4a05,
0x49e5,0x49e4,0x41c4,0x41a4,0x41a4,0x0000,0x0000,0x0000,0x0000,0x0000,0x0000,0x0000,
0x0000,0x0000,0x0000,0x0000,0x0000,0x0000,0x0000,0x18e3,0x2102,0x1903,0x2923,0x3164,
0x39a5,0x5206,0x5226,0x5a66,0x5a67,0x5a67,0x6aa7,0x6ae8,0x7b09,0x7b29,0x6ae8,0x6aa7,
0x5a46,0x5206,0x4a06,0x4a07,0x4a07,0x4a27,0x4a68,0x5a87,0x5aa8,0x730a,0x736c,0x834a,
0x7b6c,0x738d,0x7b6c,0x7b2a,0x7b2a,0x7b29,0x7b29,0x7b29,0x736c,0x7b29,0x7b4a,0x7b29,
0x7b6b,0x834a,0x732a,0x6ac8,0x5206,0x41c5,0x3983,0x3943,0x3983,0x3983,0xb3cb,0xdcce,
0xdcad,0xdcad,0xcc6c,0xabaa,0x9b29,0x9b49,0xcc4d,0xdcce,0xab8a,0x5a05,0x82e8,0xabaa,
0xb3eb,0xb3cb,0x9329,0xa36a,0xb3eb,0xc40c,0xcc6c,0xd46d,0xdc8d,0xdcad,0xe4ae,0xecee,
0xed2f,0xed2f,0xed2f,0xed2f,0xed2f,0xecee,0xe4ce,0xd46d,0xd46d,0xd46d,0xd42d,0xe44c,
0xc3ab,0x9b08,0x8287,0x7a44,0x6a05,0x61c4,0x59c4,0x5184,0x5122,0x38c1,0x1840,0x1020,
0x1860,0x28e2,0x5164,0x6a25,0x59c5,0x9b29,0xbbeb,0xbbcb,0xbbeb,0xabaa,0x9309,0x8aa7,
0x61e5,0x3902,0x3923,0x4143,0x59a4,0x6a25,0x7246,0x7a67,0x9329,0xa349,0xab6a,0xab6a,
0x9b28,0x8ae8,0x9308,0xa36a,0xb38b,0xbbcb,0xb3aa,0x7246,0x30e2,0x20c1,0x28c1,0x5184,
0x9aa6,0xf448,0xfdeb,0xed0b,0xd46d,0xf50f,0xed0e,0x51c4,0x7a87,0xed0f,0xffcc,0xffcc,
0xffcc,0xffcc,0xffcc,0xffcc,0xffcc,0xffcc,0xffcc,0xffcc,0xffcc,0xffcc,0xffcc,0xffcc,
0xffcc,0xffcc,0xffcc,0xffcc,0xffcc,0xffcc,0xffcc,0xffcc,0xffcc,0xffcc,0xffcc,0xffcc,
0xffcc,0xffcc,0xffcc,0xffcc,0xffcc,0xff4b,0xffcc,0xff4b,0xe6cb,0xc5ca,0x93e7,0x5a65,
0x3982,0x3143,0x3142,0x3983,0x3163,0x3942,0x3163,0x3983,0x3983,0x3983,0x4183,0x3963,
0x3942,0x3942,0x3142,0x3142,0x3142,0x3142,0x3163,0x39a3,0x41c4,0x4a05,0x5246,0x4a06,
0x4a05,0x41c5,0x39a4,0x3163,0x3983,0x39a4,0x49e5,0x4a05,0x49e5,0x49e5,0x49e5,0x49e5,
0x4a05,0x41e4,0x41a4,0x39a3,0x41a4,0x0000,0x0000,0x0000,0x0000,0x0000,0x0000,0x0000,
0x0000,0x0000,0x0000,0x0000,0x0000,0x0000,0x0000,0x2943,0x2943,0x2944,0x2943,0x2923,
0x3164,0x39a4,0x41c5,0x49e6,0x49e6,0x5205,0x5226,0x5a67,0x6267,0x6287,0x6287,0x5a67,
0x5226,0x41e5,0x39c5,0x39c5,0x41e6,0x41e7,0x5247,0x5a88,0x5a87,0x6ac8,0x6aea,0x6b0a,
0x72e8,0x62a8,0x62a8,0x62a8,0x6288,0x5aa8,0x62a8,0x62c8,0x72e9,0x72e9,0x6ae9,0x6b0a,
0x730a,0x6aea,0x62c8,0x5267,0x4a06,0x41c5,0x39a3,0x3983,0x3983,0x7aa7,0xdcce,0xecee,
0xdcce,0xbc0b,0xb3cb,0xabca,0xa38a,0xabaa,0xb3cb,0xc42c,0xdcad,0x9b69,0x61e5,0xa36a,
0xbc0c,0xb3eb,0xab8a,0xabaa,0xb3eb,0xcc4c,0xcc6d,0xd46c,0xdcad,0xdcce,0xe4ce,0xecee,
0xed2f,0xed2f,0xf52f,0xed2f,0xed0e,0xed0e,0xecce,0xdc8d,0xd46d,0xd46d,0xdc6d,0xd46c,
0xdc2d,0xcc0c,0xc3ab,0xab29,0x9ae8,0x92e8,0x8267,0x7a67,0x7246,0x7226,0x6a05,0x61e5,
0x59c4,0x5184,0x4964,0x5184,0x8ae8,0xb3ab,0xb3ab,0xbbeb,0xbbeb,0xb3ab,0xa349,0x8ae8,
0x7246,0x4123,0x30e2,0x30e1,0x3902,0x59a4,0x7246,0x8287,0x9b29,0xb36a,0xb38b,0xab6a,
0x9329,0x9308,0x9ae9,0xab6a,0xab8a,0xa369,0x82a7,0x4143,0x1860,0x28a0,0x3901,0x61c4,
0xa2e6,0xf428,0xfdeb,0xe50b,0xb3ca,0xecee,0x82a7,0x6a25,0xd4cc,0xffac,0xffcc,0xffcc,
0xffcc,0xffcc,0xffcc,0xffcc,0xffcc,0xffcc,0xffcc,0xffcc,0xffcc,0xffcc,0xffcc,0xffcc,
0xffcc,0xffcc,0xffcc,0xffcc,0xffcc,0xffcc,0xffcc,0xffcc,0xffcc,0xffcc,0xffcc,0xffcc,
0xffcc,0xffac,0xffcc,0xffac,0xff8c,0xffcc,0xffac,0xff8c,0xf72b,0xd64a,0xa4c8,0x7305,
0x41e4,0x3142,0x3142,0x3983,0x3163,0x3163,0x3163,0x3983,0x3983,0x39a3,0x3983,0x3963,
0x3943,0x3142,0x3142,0x3102,0x3102,0x3122,0x3122,0x3163,0x3984,0x41a5,0x4a05,0x4a05,
0x41e5,0x39a4,0x3163,0x2943,0x3143,0x39a4,0x41e4,0x49e5,0x4a05,0x49e5,0x49e5,0x4a05,
0x41e5,0x41e4,0x39a4,0x41a4,0x41c4,0x0000,0x0000,0x0000,0x0000,0x0000,0x0000,0x0000,
0x0000,0x0000,0x0000,0x0000,0x0000,0x0000,0x0000,0x3164,0x3164,0x3164,0x2964,0x2944,
0x2963,0x3164,0x39a4,0x41a5,0x41a5,0x41c5,0x49c5,0x4a06,0x4a07,0x5206,0x4a06,0x49c5,
0x41c5,0x3984,0x3163,0x2944,0x31a5,0x39c6,0x4a07,0x5247,0x5a47,0x5a87,0x5a87,0x5a87,
0x5a67,0x5a47,0x5247,0x4a06,0x4a06,0x4a06,0x4a07,0x5247,0x5a47,0x5a87,0x5a87,0x5a88,
0x5a88,0x5a88,0x5267,0x4a26,0x4a05,0x41c5,0x41c4,0x41a4,0x49c4,0xbc4c,0xecee,0xdcce,
0xd46d,0x9308,0xb3eb,0xbbeb,0xb3eb,0xb3eb,0xc42c,0xbc0b,0xcc6d,0xdcad,0x82c7,0x92e8,
0xcc6d,0xc42c,0xab6a,0xb3eb,0xbbeb,0xc44c,0xcc6d,0xcc6d,0xdcad,0xdcad,0xecce,0xecee,
0xecee,0xed0e,0xed2f,0xecee,0xed0e,0xecee,0xed0e,0xecee,0xdc8d,0xd46d,0xd46d,0xd46d,
0xe44d,0xd42d,0xcc2c,0xc3cb,0xbb8b,0xbb4a,0x9b29,0x8aa7,0x7a67,0x7a66,0x8aa7,0x8aa7,
0x8287,0x7246,0x6a26,0x8aa7,0xab6a,0xb3ab,0xbbcb,0xbbeb,0xbbeb,0xbbcb,0xa36a,0x9308,
0x7a87,0x51a4,0x30e2,0x38e2,0x1860,0x30e2,0x4964,0x7a46,0x9309,0xb38b,0xb3ab,0xab6a,
0x9aaa,0x9329,0x9329,0xa34a,0xa34a,0x7a87,0x4123,0x1880,0x1860,0x20a1,0x4101,0x69c3,
0xb345,0xd487,0xfd6b,0xdd2a,0xa36a,0xbbcb,0x4163,0xbc0b,0xf70e,0xffcc,0xffcc,0xffcc,
0xffcc,0xffcc,0xffcc,0xffcc,0xffcc,0xffcc,0xffcc,0xffcc,0xffcc,0xffcc,0xffcc,0xffcc,
0xffcc,0xffcc,0xffcc,0xffcc,0xffcc,0xffcc,0xffcc,0xffcc,0xffcc,0xffcc,0xffcc,0xffcc,
0xffcc,0xffcc,0xffcc,0xffac,0xffcc,0xff6b,0xff8c,0xffcc,0xff4b,0xf70b,0xbd89,0x9407,
0x5225,0x39a3,0x3142,0x3142,0x3143,0x3942,0x3162,0x3983,0x4184,0x39a3,0x3983,0x3983,
0x3962,0x3942,0x3122,0x3141,0x3122,0x2902,0x2942,0x2922,0x2943,0x31a4,0x41c5,0x4a05,
0x41c5,0x3984,0x3983,0x3163,0x3983,0x41a4,0x4a05,0x4a25,0x49e5,0x4a25,0x4a25,0x4a25,
0x49e5,0x41a4,0x39a4,0x39a4,0x41c4,0x0000,0x0000,0x0000,0x0000,0x0000,0x0000,0x0000,
0x0000,0x0000,0x0000,0x0000,0x0000,0x0000,0x0000,0x31a4,0x39a4,0x31a5,0x3184,0x3164,
0x3164,0x3984,0x39a5,0x39a5,0x39a5,0x39a5,0x39a5,0x39a5,0x39a5,0x3985,0x3984,0x3164,
0x3144,0x2944,0x2943,0x2903,0x2944,0x31a5,0x41c6,0x49e6,0x4a27,0x5247,0x5267,0x5247,
0x4a27,0x4a06,0x41c6,0x41c5,0x3985,0x3985,0x3985,0x41c5,0x41e6,0x4a06,0x4a06,0x4a26,
0x4a27,0x4a27,0x4a06,0x41c5,0x4a05,0x49e5,0x49c4,0x41c4,0x6246,0xe4ee,0xe4ee,0xdcce,
0xa36a,0xa36a,0xc42c,0xc44c,0xc44c,0xcc4c,0xcc4c,0xd48d,0xc42c,0xd48d,0xc44c,0x9308,
0xd48d,0xc42c,0xb3ab,0xb3eb,0xb3eb,0xcc6c,0xcc6c,0xd46d,0xdcad,0xdcce,0xe4ee,0xecee,
0xecee,0xed0e,0xecee,0xecee,0xecee,0xe4ce,0xecee,0xecee,0xe4ce,0xdcae,0xdc8d,0xd46d,
0xd46d,0xd46d,0xd42d,0xcc2c,0xc3cc,0xb38b,0xa349,0x9309,0x9308,0x9308,0x9329,0x9308,
0x8ac8,0x9b29,0xa34a,0xa36a,0xab8b,0xbbcb,0xc3ec,0xbbeb,0xbbeb,0xbbeb,0xb3aa,0x9b29,
0x82c7,0x6225,0x3923,0x30e2,0x30e2,0x1040,0x18a1,0x4143,0x7246,0xa329,0xab6a,0xab6a,
0x9b29,0x9329,0x9329,0x8ae8,0x7a87,0x59a4,0x30e2,0x3902,0x4964,0x5184,0x5183,0x7a23,
0xa306,0xcbe8,0xfd6b,0xe52a,0x9b29,0x7247,0x7266,0xee8c,0xffcc,0xffcc,0xffcc,0xffcc,
0xffcc,0xffcc,0xffcc,0xffcc,0xffcc,0xffcc,0xffcc,0xffcc,0xffcc,0xffcc,0xffcc,0xffcc,
0xffcc,0xffcc,0xffcc,0xffcc,0xffcc,0xffcc,0xffcc,0xffcc,0xffcc,0xff6b,0xff8c,0xffcc,
0xffcc,0xffac,0xffcc,0xff8c,0xffcc,0xff6b,0xff8c,0xff6b,0xff4b,0xf70b,0xde4a,0xa4a8,
0x72c5,0x41c3,0x3142,0x3142,0x3143,0x3142,0x3183,0x3983,0x39a4,0x3983,0x3983,0x3962,
0x3163,0x3963,0x3963,0x3142,0x3122,0x3122,0x2922,0x2922,0x2942,0x3163,0x39c5,0x41e5,
0x4a05,0x4a04,0x49c4,0x41c4,0x41c4,0x5225,0x5246,0x5266,0x5266,0x5246,0x5225,0x4a25,
0x49c5,0x39a4,0x3163,0x3983,0x31a4,0x0000,0x0000,0x0000,0x0000,0x0000,0x0000,0x0000,
0x0000,0x0000,0x0000,0x0000,0x0000,0x0000,0x0000,0x3164,0x39a4,0x39a4,0x31a5,0x31a4,
0x31a4,0x39a5,0x39c5,0x39a5,0x39a5,0x39a5,0x39a5,0x3184,0x3164,0x2943,0x2944,0x2943,
0x2943,0x2942,0x2103,0x2102,0x2943,0x2944,0x3185,0x39a5,0x39c5,0x41e6,0x41e6,0x41e6,
0x39c5,0x39a5,0x3184,0x3164,0x3163,0x3164,0x3163,0x3164,0x3184,0x31a4,0x31a4,0x39a5,
0x39c5,0x39c5,0x41c5,0x41c5,0x41c5,0x49e5,0x49c4,0x41c4,0x8308,0xed0e,0xed0e,0xbc2c,
0xab6a,0xb3cb,0xc44c,0xcc6c,0xcc6c,0xd46d,0xcc6c,0xd48d,0xbc2c,0xbc0b,0xe4ee,0xcc6d,
0xdcae,0xbc2c,0xb3eb,0xb3cb,0xbc2c,0xcc6d,0xcc6c,0xd46d,0xdcad,0xe4ad,0xe4ce,0xecee,
0xecee,0xed0e,0xecee,0xe4ce,0xdcae,0xdcce,0xdcae,0xe4ee,0xecee,0xe4ce,0xdcad,0xdcae,
0xdc8d,0xd44d,0xd42d,0xcc2c,0xc3ec,0xb3ab,0xab6a,0x9329,0x9329,0x9329,0x9308,0x8ac8,
0x9b29,0xa36a,0xab6a,0xb3ab,0xb3ab,0xbbeb,0xc3ec,0xc40c,0xcc2c,0xc40c,0xb3cb,0xab69,
0x9308,0x7a67,0x51a4,0x3902,0x38e2,0x30e2,0x1861,0x28c1,0x5184,0x7a87,0xa34a,0x9b29,
0x92e8,0x8ae8,0x8aa7,0x7a67,0x6a26,0x51a4,0x59a4,0x6a05,0x6a25,0x59e5,0x61e4,0x7a65,
0xa306,0xcc07,0xfd4b,0xdd0a,0x82c7,0x51a4,0xbc4a,0xff8c,0xffcc,0xffcc,0xffcc,0xffcc,
0xffcc,0xffcc,0xffcc,0xffcc,0xffcc,0xffcc,0xffcc,0xffcc,0xffcc,0xffcc,0xffcc,0xffcc,
0xffcc,0xffcc,0xffcc,0xffcc,0xffcc,0xffcc,0xffcc,0xffcc,0xffcc,0xffcc,0xffcc,0xffac,
0xffcc,0xffac,0xff8c,0xff8c,0xff8c,0xff8c,0xff8c,0xff8c,0xff8c,0xff4b,0xe6ab,0xbd68,
0x7ba7,0x4a04,0x3162,0x3142,0x3142,0x3142,0x3163,0x3983,0x41a3,0x3983,0x3183,0x3142,
0x3962,0x3963,0x3983,0x3983,0x3142,0x3142,0x3142,0x3143,0x3143,0x3183,0x39c5,0x49e5,
0x5226,0x5a45,0x5a25,0x5225,0x49e5,0x5225,0x5a66,0x5a67,0x5266,0x5246,0x5226,0x4a05,
0x41a4,0x3163,0x2943,0x2943,0x2943,0x0000,0x0000,0x0000,0x0000,0x0000,0x0000,0x0000,
0x0000,0x0000,0x0000,0x0000,0x0000,0x0000,0x0000,0x39a4,0x39a4,0x39a4,0x39a5,0x39a5,
0x39a5,0x39a5,0x39c5,0x41c5,0x41e5,0x41e5,0x39e5,0x39a5,0x3164,0x3143,0x3143,0x3163,
0x3143,0x3983,0x3183,0x3143,0x3143,0x3143,0x3183,0x3985,0x3985,0x39a5,0x3185,0x3185,
0x2944,0x2944,0x2943,0x2943,0x2943,0x3143,0x3183,0x3183,0x3183,0x3143,0x2944,0x2944,
0x3184,0x3985,0x3985,0x41c5,0x41c4,0x49c4,0x41c5,0x41c4,0x9349,0xecee,0xe50e,0xb3eb,
0xabaa,0xbbeb,0xcc6d,0xdcad,0xdcad,0xd48c,0xdcce,0xc40c,0xc44c,0xcc6c,0xcc6c,0xf54f,
0xecee,0xc42c,0xb3ab,0xbc0b,0xc44c,0xcc4c,0xcc6c,0xd46d,0xdcad,0xe4ad,0xe4ee,0xe4ce,
0xecee,0xecee,0xecee,0xecae,0xd48d,0xcc6c,0xd44d,0xd42d,0xdcce,0xe4ce,0xdcce,0xe4ae,
0xdcce,0xd46d,0xd44d,0xcc2c,0xc3ec,0xc3ab,0xa36a,0x9b29,0xa36a,0x9308,0x9329,0x9329,
0xa36a,0xb38b,0xb3ab,0xb3ab,0xbbcb,0xc3ec,0xc40c,0xcc2c,0xd42d,0xcc4c,0xc3ec,0xb3aa,
0xa34a,0x8aa7,0x59c5,0x4143,0x3902,0x38e2,0x38e2,0x30e2,0x4143,0x6a26,0x8ac8,0x9329,
0x9a8a,0x8ae8,0x8aa7,0x8287,0x7246,0x7246,0x7246,0x7246,0x6205,0x59c5,0x59c4,0x7a44,
0x9b08,0xd405,0xfd0b,0xdcca,0x6a46,0x51a4,0xee4d,0xffcc,0xffcc,0xffcc,0xffcc,0xffcc,
0xffcc,0xffcc,0xffcc,0xffcc,0xffcc,0xffcc,0xffcc,0xffcc,0xffcc,0xffcc,0xffcc,0xffcc,
0xffcc,0xffcc,0xffcc,0xffcc,0xffcc,0xffcc,0xffcc,0xffcc,0xffcc,0xff6b,0xff6b,0xffac,
0xffcc,0xff8c,0xff4b,0xff4b,0xffac,0xffac,0xff4b,0xffcc,0xff6b,0xff4b,0xff4b,0xd5e8,
0xa488,0x6aa4,0x41a3,0x3142,0x3142,0x3142,0x3162,0x3983,0x3983,0x3983,0x3942,0x3142,
0x3982,0x3983,0x41a3,0x4183,0x3983,0x3142,0x3143,0x3183,0x3983,0x3983,0x39c5,0x49e5,
0x5a45,0x6285,0x5a46,0x5205,0x49e5,0x4a25,0x5226,0x5246,0x4a26,0x4a25,0x4a05,0x41e5,
0x39a4,0x3123,0x2922,0x2122,0x2122,0x0000,0x0000,0x0000,0x0000,0x0000,0x0000,0x0000,
0x0000,0x0000,0x0000,0x0000,0x0000,0x0000,0x0000,0x4a06,0x4a26,0x4a26,0x4a26,0x4a06,
0x4a06,0x41e5,0x4a06,0x4a26,0x5247,0x62a8,0x6288,0x5a67,0x5247,0x5226,0x5206,0x5226,
0x5246,0x5247,0x5226,0x4a06,0x4205,0x41c5,0x41c5,0x41e5,0x41e5,0x39a5,0x2944,0x2943,
0x2123,0x2943,0x2943,0x3164,0x39a4,0x41a4,0x41c5,0x41e5,0x41c4,0x39a4,0x3184,0x2944,
0x2943,0x3183,0x3983,0x41c4,0x41c3,0x41c4,0x41c4,0x41c4,0x8b49,0xe4ce,0xe4ce,0xbc0b,
0xb3eb,0xbbeb,0xd46d,0xdcce,0xe4ce,0xe4ee,0xdcad,0xbc2c,0xcc6c,0xdc8d,0xc42c,0xed0e,
0xe4ee,0xc42c,0xbbeb,0xbc0b,0xc42c,0xcc6c,0xcc4c,0xd46d,0xdcad,0xdcce,0xe4ae,0xecee,
0xecee,0xecee,0xecee,0xe4ee,0xdcad,0xc42c,0xc40c,0xc40c,0xc40c,0xcc4d,0xd46e,0xdc6d,
0xdcae,0xdcad,0xd44d,0xd42d,0xc3ec,0xb3ab,0xab8a,0xa34a,0x9329,0x9329,0xa349,0xa34a,
0xab8b,0xb3ab,0xb3ab,0xbbcc,0xc3cc,0xc3ec,0xcc0c,0xcc2c,0xd46d,0xd46d,0xcc4c,0xbbeb,
0xab6a,0x9308,0x6a46,0x5184,0x4143,0x3902,0x3903,0x4143,0x4964,0x6205,0x7a67,0x9b29,
0x9b29,0x9329,0x9308,0x9308,0x8ac8,0x8ac7,0x8ac7,0x7a87,0x6a26,0x59c5,0x59a4,0x6225,
0x92e7,0xc3c9,0xf4eb,0xe4eb,0x5184,0x8b27,0xffcc,0xffcc,0xffcc,0xffcc,0xffcc,0xffcc,
0xffcc,0xffcc,0xffcc,0xffcc,0xffcc,0xffcc,0xffcc,0xffcc,0xffcc,0xffcc,0xffcc,0xffcc,
0xffcc,0xffcc,0xffcc,0xffcc,0xffcc,0xffcc,0xffcc,0xffcc,0xffac,0xffcc,0xffac,0xff8c,
0xff8c,0xff8c,0xff8c,0xffac,0xff4b,0xff8c,0xff8c,0xff8c,0xff6c,0xff4b,0xff4b,0xde6a,
0xb4e6,0x7b66,0x5203,0x3982,0x3142,0x3142,0x3142,0x3183,0x3983,0x3163,0x3163,0x3163,
0x3983,0x41a3,0x41c4,0x41c3,0x3983,0x3142,0x3143,0x3163,0x3983,0x3983,0x39c4,0x41e5,
0x4a25,0x5225,0x4a25,0x41c4,0x41c4,0x41c5,0x41c5,0x41e5,0x41e5,0x41c5,0x41c4,0x39a4,
0x3984,0x3163,0x3143,0x2923,0x20e2,0x0000,0x0000,0x0000,0x0000,0x0000,0x0000,0x0000,
0x0000,0x0000,0x0000,0x0000,0x0000,0x0000,0x0000,0x72c8,0x7309,0x72e9,0x72e9,0x6ac8,
0x6aa8,0x6267,0x6267,0x6aa8,0x7309,0x836a,0x836a,0x834a,0x836b,0x7b4a,0x7b4a,0x7b4a,
0x7b4a,0x7b4a,0x7b29,0x72e8,0x6ac8,0x5a67,0x5a67,0x6267,0x5267,0x49e5,0x3185,0x2944,
0x2964,0x39a5,0x4a05,0x5225,0x5a66,0x5a66,0x62a6,0x6286,0x5a67,0x5226,0x4a05,0x3984,
0x3183,0x3183,0x3983,0x41a3,0x49c4,0x41c4,0x41c5,0x41c5,0x6a87,0xd4ae,0xe4ce,0xabaa,
0xabaa,0xc42c,0xcc6d,0xe4ae,0xecee,0xe4ce,0xcc4c,0xcc6c,0xd48d,0xdcad,0xc44c,0xdcad,
0xd46d,0xbc0b,0xb3eb,0xbc2c,0xc42c,0xc42c,0xcc6c,0xd46d,0xdc8d,0xdcad,0xe4ce,0xe4ce,
0xecee,0xecee,0xecee,0xecce,0xdcce,0xd46c,0xc42c,0xb3eb,0xb3ab,0xb3ab,0xbbec,0xc40c,
0xd42d,0xd42d,0xd44d,0xcc2c,0xc40c,0xb3ab,0xb3ab,0xa36a,0xa36a,0xa36a,0xa36a,0xb38b,
0xbbab,0xc3ab,0xc3ec,0xbbeb,0xc3ec,0xc42c,0xcc0c,0xd44d,0xdcad,0xdcad,0xd46d,0xcc2c,
0xb3cb,0x9b29,0x7a66,0x59c5,0x59a4,0x4143,0x3902,0x4964,0x6a25,0x7246,0x7a67,0x9309,
0xa36a,0x9b29,0x9b29,0x9b29,0x9b29,0x9b29,0x8ae8,0x8287,0x7246,0x6a25,0x6a25,0x7246,
0x8ac8,0xbba9,0xf4eb,0xdcca,0x7205,0xe64a,0xffcc,0xffcc,0xffcc,0xffcc,0xffcc,0xffcc,
0xffcc,0xffcc,0xffcc,0xffcc,0xffcc,0xffcc,0xffcc,0xffcc,0xffcc,0xffcc,0xffcc,0xffcc,
0xffcc,0xffcc,0xffcc,0xffcc,0xffcc,0xffcc,0xffcc,0xffcc,0xff8c,0xffcc,0xff6b,0xffcc,
0xff6b,0xff8c,0xffac,0xff4b,0xff6b,0xff6b,0xff8c,0xff4b,0xff4b,0xff4b,0xff4b,0xeeeb,
0xce0a,0x9c27,0x6aa5,0x41a3,0x3142,0x3142,0x3122,0x3142,0x3142,0x3163,0x3143,0x3142,
0x3983,0x41a4,0x41c3,0x41c3,0x3983,0x3142,0x2942,0x3142,0x3163,0x3983,0x3983,0x39c4,
0x41c4,0x41c4,0x4184,0x3983,0x3983,0x39a4,0x3984,0x39a4,0x3184,0x3984,0x39a4,0x39a4,
0x3984,0x3963,0x3163,0x3143,0x2122,0x0000,0x0000,0x0000,0x0000,0x0000,0x0000,0x0000,
0x0000,0x0000,0x0000,0x0000,0x0000,0x0000,0x0000,0x8bab,0x9c0c,0x9bed,0x93ed,0x8bac,
0x838b,0x834a,0x834a,0x838b,0x93cc,0x9c0d,0x9c0d,0x9c0d,0x9c0d,0xa42e,0x9c2d,0x9c2e,
0x9c0d,0x9c0d,0x93ed,0x93cc,0x838b,0x834a,0x7b09,0x7309,0x72e9,0x5267,0x39a5,0x3164,
0x41c5,0x6267,0x72e8,0x7309,0x8329,0x8329,0x8329,0x7b29,0x7309,0x62a7,0x5a66,0x4a05,
0x39a4,0x3983,0x41a3,0x41c4,0x49c5,0x41c4,0x41a4,0x39a4,0x41c4,0x9b49,0xdcad,0xcc6c,
0x9329,0xbc0b,0xdcad,0xdcce,0xecee,0xd48d,0xcc6c,0xdcad,0xdcad,0xdcad,0xc44c,0xcc4c,
0xc46c,0xbc0b,0xbbeb,0xc42c,0xc42c,0xc46c,0xcc4c,0xcc6d,0xdc8d,0xdcad,0xdcce,0xecee,
0xecee,0xecee,0xecee,0xecee,0xdcce,0xdc8d,0xd46d,0xcc2c,0xbbeb,0xabaa,0xab6a,0xb38b,
0xbbab,0xbbab,0xbbcc,0xbbcb,0xbbab,0xb3ab,0xab6a,0xa36a,0xa36a,0xab6a,0xb38b,0xbbcb,
0xc3ec,0xcc2d,0xc3cc,0xc3ec,0xcc0c,0xcc2c,0xd44c,0xd46d,0xe4ad,0xe4ae,0xe4ce,0xd46d,
0xc40c,0xabaa,0x82c8,0x7246,0x6205,0x61e5,0x4143,0x4143,0x6a26,0x8ac7,0x8ac8,0x9309,
0xa36a,0xa36a,0xa36a,0xa36a,0xa36a,0xa36a,0x9329,0x8ae8,0x8287,0x7286,0x7a67,0x8287,
0x9309,0xc3ea,0xf50b,0xdcac,0xc448,0xffac,0xffcc,0xffcc,0xffcc,0xffcc,0xffcc,0xffcc,
0xffcc,0xffcc,0xffcc,0xffcc,0xffcc,0xffcc,0xffcc,0xffcc,0xffcc,0xffcc,0xffcc,0xffcc,
0xffcc,0xffac,0xffcc,0xffac,0xffcc,0xffcc,0xffac,0xffcc,0xffac,0xff6b,0xffcc,0xff8c,
0xff6b,0xff8c,0xff6b,0xff6c,0xff6c,0xff6b,0xff6b,0xff4b,0xff4b,0xff4b,0xff4b,0xff0b,
0xde8a,0xb508,0x8346,0x5204,0x3162,0x2901,0x28e2,0x2942,0x3142,0x3143,0x3142,0x3142,
0x3983,0x41a3,0x41a3,0x3983,0x3163,0x3142,0x2902,0x2942,0x3142,0x3183,0x39c4,0x39a4,
0x3983,0x3183,0x3983,0x3963,0x3983,0x3984,0x3184,0x3163,0x3163,0x3184,0x39a4,0x39a4,
0x3964,0x3963,0x3963,0x3163,0x2922,0x0000,0x0000,0x0000,0x0000,0x0000,0x0000,0x0000,
0x0000,0x0000,0x0000,0x0000,0x0000,0x0000,0x0000,0x9c2e,0xa46f,0xac8e,0xacae,0xac8f,
0xa44e,0xa44d,0x9c0d,0x9c0d,0xa44e,0xa44e,0xa44e,0x9c2e,0xa44e,0xac8f,0xb4d0,0xacd0,
0xac8f,0xac8f,0xa44e,0xa44e,0x9c0d,0x93ed,0x93cc,0x8bab,0x834a,0x62a8,0x41c6,0x41c5,
0x5267,0x72e9,0x8389,0x8ba9,0x8b89,0x8b6a,0x8b69,0x8b49,0x7b29,0x7309,0x6287,0x5206,
0x41c4,0x41a4,0x41c4,0x49c5,0x49e5,0x41c4,0x3983,0x3983,0x39a4,0x41e5,0x8b09,0xcc6c,
0xc42c,0x9b49,0xcc6d,0xdcce,0xecee,0xdcae,0xd4ae,0xdcce,0xdcad,0xcc6d,0xdcae,0xc42c,
0xc44c,0xbc0c,0xbc0c,0xc42c,0xc44c,0xc44c,0xcc6c,0xcc6c,0xdc8d,0xdcad,0xe4ad,0xe4ce,
0xecee,0xed0e,0xecee,0xecee,0xecee,0xe4ce,0xdcad,0xd46d,0xcc4c,0xbbec,0xab8a,0xa36a,
0xab8a,0xb3ab,0xb3ab,0xb38b,0xab8a,0xb38b,0xab6a,0xa36a,0xa36a,0xb3ab,0xc3ab,0xc3ec,
0xd42c,0xd44d,0xbbcb,0xc3ec,0xcc0c,0xd42c,0xd46d,0xe4ad,0xecae,0xecee,0xecee,0xdcad,
0xcc4c,0xb3cb,0x9308,0x7a87,0x7a67,0x6a26,0x6a05,0x59c5,0x61c5,0x9309,0x9329,0xa34a,
0xb38b,0xbbab,0xb3ab,0xb3ab,0xb3ab,0xab6a,0x9b29,0x9308,0x8ac8,0x8ac8,0x8ae8,0x9b29,
0xa349,0xc3ca,0xf50c,0xecec,0xdd2a,0xffcc,0xffcc,0xffcc,0xffcc,0xffcc,0xffcc,0xffcc,
0xffcc,0xffcc,0xffcc,0xffcc,0xffcc,0xffcc,0xffcc,0xffcc,0xffcc,0xffcc,0xffcc,0xffcc,
0xffcc,0xffcc,0xffcc,0xffac,0xffcc,0xffac,0xffac,0xffcc,0xffac,0xff8c,0xff8c,0xff8c,
0xff6b,0xffac,0xff6b,0xff8c,0xff8c,0xff6b,0xff4b,0xff8c,0xff4b,0xff4b,0xff4b,0xff4b,
0xe68b,0xcdc9,0x9c68,0x6a84,0x3983,0x2901,0x28e1,0x2902,0x2922,0x2942,0x3143,0x3162,
0x3983,0x41a3,0x3983,0x3983,0x3142,0x2922,0x2922,0x2922,0x3183,0x39a4,0x39c5,0x41e5,
0x39a4,0x3983,0x3983,0x39a3,0x4184,0x39a4,0x3983,0x3163,0x2963,0x3163,0x3163,0x3164,
0x3983,0x3963,0x3963,0x3163,0x2923,0x0000,0x0000,0x0000,0x0000,0x0000,0x0000,0x0000,
0x0000,0x0000,0x0000,0x0000,0x0000,0x0000,0x0000,0xa44e,0xac8f,0xb4d0,0xb4d0,0xb4d0,
0xacd0,0xac8f,0xa46f,0xa46f,0xa46f,0xa46f,0xa44e,0x9c2d,0x9c2d,0xac8f,0xb4d0,0xb4d0,
0xb4d0,0xac8f,0xac8f,0xac8f,0xa46f,0x9c2e,0x9c2d,0x9c0d,0x8b8b,0x62c9,0x4a07,0x49c5,
0x5a87,0x7b29,0x8b8b,0x93cb,0x8ba9,0x8b89,0x836a,0x8b89,0x834a,0x7b29,0x6aa7,0x5a45,
0x49e5,0x49c5,0x49c5,0x49e5,0x41c5,0x3983,0x3142,0x3163,0x3984,0x4a05,0x4a05,0x6286,
0xc40c,0xd48d,0xa349,0xcc4d,0xecee,0xed2f,0xecee,0xed2f,0xdcce,0xdcad,0xcc4c,0xc42c,
0xcc6c,0xc44c,0xbc2c,0xbc2c,0xc42c,0xc42c,0xcc6c,0xcc6d,0xd46d,0xdcad,0xdcce,0xecce,
0xecee,0xecee,0xed2f,0xed0e,0xecee,0xecee,0xecee,0xdcce,0xd46d,0xcc4d,0xc42c,0xbbcb,
0xabaa,0xa36a,0xa36a,0xa36a,0xa36a,0xb3ab,0xab8b,0xa36a,0xa36a,0xbbcb,0xc3ab,0xc3ec,
0xd42d,0xd42d,0xb3ab,0xc42c,0xd42d,0xd46d,0xe48d,0xecad,0xecee,0xecee,0xecee,0xecae,
0xd44d,0xb3ea,0xa349,0x9b49,0x9b49,0x8ac8,0x8287,0x8287,0x8287,0x9308,0x9329,0xa34a,
0xbbcb,0xc3ab,0xbbeb,0xbbeb,0xbbeb,0xb38b,0xa36a,0x9329,0x9309,0x9309,0x9b29,0xabaa,
0xbbca,0xcc2b,0xf50e,0xf50c,0xfd6b,0xffcc,0xffcc,0xffcc,0xffcc,0xffcc,0xffcc,0xffcc,
0xffcc,0xffcc,0xffcc,0xffcc,0xffcc,0xffcc,0xffcc,0xffcc,0xffcc,0xffcc,0xffcc,0xffcc,
0xffcc,0xff8c,0xffcc,0xffcc,0xffcc,0xffcc,0xffcc,0xffcc,0xff8c,0xffac,0xffac,0xff6b,
0xff4b,0xffcc,0xff4b,0xff4b,0xff4b,0xff4b,0xff4b,0xff4b,0xff4b,0xff4b,0xff4b,0xff4b,
0xff2b,0xde8a,0xad09,0x8346,0x49c3,0x3142,0x28e1,0x2902,0x3142,0x3142,0x3142,0x3163,
0x3983,0x39a3,0x3983,0x3982,0x3142,0x2921,0x2942,0x3143,0x39c3,0x41e5,0x4a06,0x4a46,
0x4a05,0x41c4,0x41c4,0x41a4,0x41a4,0x41a4,0x3983,0x3163,0x3163,0x3163,0x3963,0x3963,
0x3984,0x3963,0x3163,0x3163,0x2922,0x0000,0x0000,0x0000,0x0000,0x0000,0x0000,0x0000,
0x0000,0x0000,0x0000,0x0000,0x0000,0x0000,0x0000,0xa44e,0xac8f,0xac8f,0xb4d0,0xb4d0,
0xb4d0,0xb4d0,0xacaf,0xacaf,0xb4d0,0xac8f,0xa46f,0xa44e,0x9c2d,0xa46e,0xacaf,0xb4d0,
0xb4d0,0xacaf,0xac8f,0xac8f,0xa46f,0xa46e,0x9c2e,0x9c0d,0x8bab,0x62c9,0x4a07,0x41e6,
0x5a67,0x7b29,0x8b8a,0x8ba9,0x8b69,0x8349,0x8329,0x8349,0x8b49,0x7b29,0x6ac8,0x5a46,
0x4a05,0x49e5,0x49e5,0x49c4,0x39a3,0x3142,0x2922,0x3142,0x3184,0x41e5,0x4a05,0x49e5,
0x5205,0xa38a,0xdccd,0xabaa,0xd48d,0xed2f,0xed2f,0xed2f,0xed2f,0xdcae,0xbc0b,0xc44c,
0xcc6d,0xcc4c,0xc42c,0xbc2c,0xc42c,0xc44c,0xcc4c,0xcc6c,0xd46d,0xdc8d,0xdcad,0xe4ae,
0xecee,0xecee,0xed0e,0xed0e,0xed2f,0xed2f,0xed0e,0xecee,0xe4ce,0xdcad,0xd46c,0xc42c,
0xbc0c,0xb3ab,0xab8a,0xa36a,0xa36a,0xa36a,0xab6a,0xa36a,0xb38b,0xb3ab,0xb3ab,0xc3ec,
0xdc6d,0xd40c,0xb38b,0xcc0c,0xd44d,0xe4ad,0xecad,0xecad,0xecee,0xecee,0xecee,0xdcce,
0xd44c,0xbbeb,0xbbcb,0xc40b,0xcc2c,0xc3eb,0xbbcb,0xb3aa,0xab8a,0xab6a,0x9329,0x9b29,
0xb3ab,0xc3ec,0xc40c,0xc40c,0xbbcb,0xb3ab,0xa36a,0xa349,0xa349,0xa369,0xb3aa,0xbbcb,
0xcc2c,0xd48d,0xf52d,0xf52f,0xf5cd,0xffcc,0xffcc,0xffcc,0xffcc,0xffcc,0xffcc,0xffcc,
0xffcc,0xffcc,0xffcc,0xffcc,0xffcc,0xffcc,0xffcc,0xffcc,0xffcc,0xffcc,0xffac,0xffac,
0xff8c,0xffac,0xffcc,0xffac,0xff8c,0xff8c,0xffac,0xff8c,0xff8c,0xff8c,0xff8c,0xff8c,
0xff8c,0xff6b,0xff8c,0xff8c,0xff6b,0xff8c,0xff6b,0xff4b,0xff4b,0xff4b,0xff4b,0xff4b,
0xff4b,0xeeab,0xcd88,0x93c7,0x5a65,0x3982,0x2902,0x2942,0x3142,0x3162,0x3163,0x3163,
0x3983,0x39a3,0x3983,0x3983,0x3142,0x3122,0x3143,0x3983,0x41c4,0x4a25,0x5266,0x5a67,
0x5a46,0x5225,0x5205,0x4a05,0x41e4,0x41a4,0x3983,0x3983,0x3983,0x4184,0x41a4,0x4184,
0x3984,0x3163,0x3143,0x3123,0x2922,0x0000,0x0000,0x0000,0x0000,0x0000,0x0000,0x0000,
0x0000,0x0000,0x0000,0x0000,0x0000,0x0000,0x0000,0xac8f,0xac8f,0xb4d0,0xb4d0,0xb4d0,
0xb4d0,0xb4d0,0xacaf,0xacd0,0xacaf,0xacd0,0xac8f,0xa46e,0x9c2d,0x9c2e,0xa46f,0xac8f,
0xacaf,0xac8f,0xa46f,0xa42e,0xa46f,0xa44e,0x9c2e,0x9c0d,0x8bab,0x62c8,0x4a06,0x41c5,
0x5a46,0x7b09,0x834a,0x836a,0x8b49,0x8329,0x8328,0x7b29,0x8349,0x7b29,0x72a7,0x5a45,
0x49e5,0x49c3,0x41c4,0x39a3,0x3183,0x2902,0x28e1,0x2922,0x3143,0x39a4,0x41c5,0x41c4,
0x41c4,0x49a4,0xbbeb,0xdccd,0x9308,0xc44c,0xed2f,0xe4ee,0xed0e,0xed2f,0xcc6d,0xbc4c,
0xd4ad,0xcc6d,0xc42c,0xbc2c,0xbc2c,0xc42c,0xcc2c,0xcc6c,0xcc6c,0xd46d,0xdcad,0xdcce,
0xdcce,0xecee,0xed2f,0xed0f,0xed2f,0xf54f,0xf52f,0xed2f,0xed0e,0xecce,0xdcad,0xd48d,
0xc42c,0xc40b,0xb3ab,0xab6a,0xa36a,0xa36a,0xa36a,0xa36a,0xa36a,0xa36a,0xb3aa,0xc3eb,
0xdc6d,0xb3ab,0xb3ab,0xd42d,0xe48d,0xe4ad,0xecad,0xecee,0xe4ad,0xe4ce,0xe4ad,0xd46d,
0xcc2c,0xcc2c,0xdc8d,0xecce,0xf52f,0xf52f,0xf54f,0xf52f,0xf54f,0xbbcb,0x9b29,0x9b29,
0xab6a,0xc3ec,0xcc2c,0xc40c,0xbbeb,0xb3ab,0xa36a,0xab6a,0xab6a,0xbbaa,0xc40b,0xd42c,
0xdc6d,0xeccd,0xfd4e,0xfdb0,0xfeab,0xffcc,0xffcc,0xffcc,0xffcc,0xffcc,0xffcc,0xffcc,
0xffcc,0xffcc,0xffcc,0xffcc,0xffcc,0xffcc,0xffcc,0xffcc,0xffcc,0xffcc,0xffcc,0xff6b,
0xffcc,0xffcc,0xffcc,0xff8c,0xffac,0xffac,0xff6b,0xff4b,0xff8c,0xff6b,0xff6b,0xff4b,
0xffac,0xff8c,0xffac,0xff4b,0xff4b,0xff4b,0xff4b,0xff4b,0xff4b,0xff4b,0xff4b,0xff4b,
0xff4b,0xfeeb,0xde4a,0xace8,0x7346,0x41c3,0x2942,0x2902,0x3143,0x3963,0x3982,0x3983,
0x3983,0x3983,0x39a3,0x3983,0x3162,0x3142,0x3983,0x41c3,0x4a04,0x4a25,0x5266,0x5a86,
0x5a87,0x5a66,0x5a66,0x5225,0x49e5,0x41c4,0x41a4,0x41a4,0x41a4,0x49c4,0x49e4,0x41a4,
0x3984,0x3163,0x2923,0x2922,0x2922,0x0000,0x0000,0x0000,0x0000,0x0000,0x0000,0x0000,
0x0000,0x0000,0x0000,0x0000,0x0000,0x0000,0x0000,0xac8f,0xb4d0,0xacd0,0xac8f,0xb4d0,
0xb4d0,0xb4d0,0xacaf,0xacaf,0xac8f,0xacaf,0xac8f,0xa46f,0x9c2e,0x9c0d,0x9bed,0x9c2e,
0xa44e,0xa44e,0x9c2e,0xa44e,0x9c2e,0xa44e,0x9c2e,0x9c2e,0x8bab,0x62e9,0x4a06,0x39c5,
0x5226,0x6ae8,0x8329,0x7b29,0x7b29,0x7b07,0x7b08,0x7ae8,0x7b09,0x72e8,0x6287,0x5226,
0x49e4,0x41c4,0x3983,0x3983,0x3142,0x2902,0x28e2,0x2902,0x2942,0x3183,0x3984,0x3983,
0x3983,0x3142,0x4983,0xb3eb,0xdccd,0xa36a,0xcc2c,0xed0e,0xd48d,0xecee,0xcc6d,0xbc0b,
0xd48d,0xd48d,0xc42c,0xbc2c,0xbc2c,0xbc2c,0xc42c,0xc42c,0xcc6c,0xd46d,0xdc8d,0xdcad,
0xe4ce,0xecee,0xed0e,0xed2f,0xf52f,0xf52f,0xf52f,0xf54f,0xed2f,0xecee,0xecce,0xdcad,
0xd46d,0xcc2c,0xc3ec,0xb3ab,0xa38a,0xa36a,0xa36a,0xa36a,0xa36a,0xb36a,0xb34a,0xbbab,
0xdc6d,0xcbeb,0xbbcb,0xd42c,0xdc6d,0xd46d,0xd44d,0xd44c,0xd44c,0xcc4c,0xcc2c,0xcc0c,
0xd46d,0xed0e,0xf52f,0xfdb0,0xfdb0,0xf54f,0xfd90,0xfdd1,0xed2f,0xbbcb,0xa349,0xa34a,
0xa36a,0xab6a,0xc3ec,0xc42c,0xc3eb,0xb3ab,0xb38a,0xb3ab,0xbbcb,0xc40c,0xd44d,0xdc8d,
0xe4ce,0xf52f,0xf60f,0xfeaf,0xffac,0xffcc,0xffcc,0xffcc,0xffcc,0xffcc,0xffcc,0xffcc,
0xffcc,0xffcc,0xffcc,0xffcc,0xffcc,0xffcc,0xffcc,0xffcc,0xffac,0xff6b,0xffac,0xffac,
0xff8c,0xffac,0xffcc,0xffac,0xff6b,0xffac,0xff4b,0xffac,0xff8c,0xff6b,0xff6b,0xff8c,
0xff4b,0xff6b,0xff8c,0xff4b,0xff6b,0xff4b,0xff4b,0xff4b,0xff4b,0xff4b,0xff4b,0xff4b,
0xff4b,0xff2b,0xee8b,0xbd89,0x8bc7,0x5a23,0x3163,0x2942,0x3142,0x3982,0x3983,0x3983,
0x3983,0x3983,0x3983,0x3983,0x3983,0x3983,0x3983,0x41a3,0x41c4,0x41e5,0x5226,0x5a67,
0x6287,0x6a87,0x6287,0x5a66,0x5225,0x49e5,0x41c4,0x49c4,0x49e4,0x5204,0x49e5,0x41e4,
0x3984,0x3163,0x2923,0x2923,0x2923,0x0000,0x0000,0x0000,0x0000,0x0000,0x0000,0x0000,
0x0000,0x0000,0x0000,0x0000,0x0000,0x0000,0x0000,0xac8f,0xb4d0,0xac8f,0xb4d0,0xacaf,
0xb4d0,0xac8f,0xacaf,0xa46f,0xa46f,0xa46f,0xa46f,0xa46e,0x9c2e,0x93ec,0x8bab,0x8b8b,
0x93cc,0x9c0d,0x9c2d,0x9c2e,0x9c2e,0x9c2e,0xa46e,0xa42e,0x93ec,0x7309,0x4a06,0x39a5,
0x5225,0x6aa7,0x7ae8,0x7ac7,0x7aa7,0x7ae8,0x7ac6,0x7aa7,0x72c8,0x6aa7,0x5a66,0x5204,
0x41c4,0x3983,0x3163,0x3142,0x3142,0x3142,0x3142,0x2922,0x2942,0x2942,0x3143,0x3142,
0x2922,0x2922,0x3142,0x49a4,0xc42c,0xd48d,0xbc0b,0xd48d,0xd48d,0xc42c,0xcc6c,0xb3eb,
0xd48d,0xd48d,0xc46c,0xc42c,0xbc0b,0xbc0b,0xc40b,0xc42c,0xcc6c,0xcc6c,0xd46d,0xdcad,
0xe4ad,0xe4ee,0xecee,0xed0f,0xed2f,0xed2f,0xf52f,0xed2f,0xed2f,0xed0e,0xecee,0xe4ad,
0xdc8d,0xcc4c,0xc40c,0xb3ab,0xab8a,0x9b69,0xa369,0xab6a,0xb3aa,0xbbab,0xbbab,0xbbcb,
0xd44d,0xc40c,0xa349,0xb38a,0xbbab,0xb3aa,0xbbab,0xb3aa,0xbbeb,0xc40b,0xcc2c,0xdc8d,
0xecee,0xf54f,0xf52f,0xed0e,0xdc8d,0xc3eb,0xe4ae,0xf54f,0xe4ad,0xc3eb,0x9b29,0xa36a,
0xa36a,0xa36a,0xbbab,0xc3ec,0xc3ec,0xbbcb,0xb3ab,0xbbcb,0xc40c,0xd46d,0xe4ad,0xed0e,
0xf52f,0xfd4f,0xfeeb,0xffcc,0xffcc,0xffcc,0xffcc,0xffcc,0xffcc,0xffcc,0xffcc,0xffcc,
0xffcc,0xffcc,0xffcc,0xffab,0xffcc,0xffcc,0xffac,0xffac,0xffac,0xffac,0xff8c,0xffac,
0xff8c,0xff8c,0xff6b,0xff8c,0xffac,0xff6c,0xff8c,0xffac,0xff4b,0xff8c,0xff8c,0xff6b,
0xff6b,0xff4b,0xff4b,0xff4b,0xff4b,0xff4b,0xff4b,0xff4b,0xff4b,0xff4b,0xff4b,0xff4b,
0xff4b,0xff0b,0xf6ab,0xde09,0xa488,0x6ac5,0x41c3,0x3142,0x3142,0x3142,0x3162,0x3163,
0x3983,0x3983,0x3983,0x3983,0x3983,0x3983,0x3983,0x3983,0x3983,0x39a4,0x4205,0x4a26,
0x5a67,0x6287,0x62a8,0x5a67,0x4a25,0x49e5,0x41e4,0x49e4,0x49e4,0x4a05,0x4a05,0x41e4,
0x39a4,0x3163,0x3163,0x3163,0x3163,0x0000,0x0000,0x0000,0x0000,0x0000,0x0000,0x0000,
0x0000,0x0000,0x0000,0x0000,0x0000,0x0000,0x0000,0xa44e,0xb4d0,0xa46f,0xac8f,0xa46f,
0xac8f,0xac8f,0xac8f,0xa46f,0xa46f,0xa46f,0xa46f,0xa44e,0x9c2d,0x93cc,0x836a,0x836a,
0x8b6b,0x8bab,0x93ed,0x9c2e,0x9c2e,0x9c2e,0xa46e,0xa44e,0x93ec,0x734b,0x4a26,0x41c5,
0x5226,0x6aa7,0x7ae8,0x7ac7,0x72e8,0x7ae6,0x7ac7,0x7ac6,0x6a87,0x62a6,0x5a45,0x4a05,
0x39a3,0x3982,0x3142,0x3142,0x3983,0x3983,0x3982,0x3142,0x2942,0x2942,0x3142,0x2922,
0x28e2,0x28e1,0x2902,0x3142,0x4163,0x9329,0xdcad,0xdcad,0xe4ce,0xb3eb,0xb3eb,0xbc0b,
0xdcae,0xdcae,0xc46c,0xc40c,0xbc2c,0xbc0c,0xbbeb,0xbc2c,0xc42c,0xcc6c,0xd46d,0xdc8d,
0xdcad,0xe4ce,0xecee,0xecee,0xed0e,0xecee,0xf50f,0xed2f,0xed0f,0xed0e,0xecee,0xe4ce,
0xdcad,0xcc4c,0xc40c,0xb3ab,0xab8a,0xa36a,0xb3aa,0xb3ab,0xbbab,0xcc0c,0xc40b,0xbbcb,
0xd46d,0xc40c,0x9b28,0x8aa7,0x9308,0xb3aa,0xb3aa,0xa369,0xa369,0xa349,0xa349,0xd44c,
0xecce,0xf54f,0xe4ae,0xcc2b,0xbbcb,0xe4ad,0xfdb0,0xf52f,0xdcad,0xc3cc,0xa36a,0xa349,
0xab6a,0xa36a,0xb38a,0xbbab,0xc3ec,0xbbeb,0xbbeb,0xc3ec,0xd46d,0xe4ad,0xed0e,0xf54f,
0xf54f,0xfd6f,0xff4c,0xffcc,0xffcc,0xffcc,0xffcc,0xffcc,0xffcc,0xffcc,0xffcc,0xffcc,
0xffcc,0xffcc,0xffcc,0xffcc,0xffcc,0xffcc,0xffcc,0xff6b,0xffcc,0xffac,0xff8c,0xffcc,
0xffcc,0xff6c,0xff4b,0xff8c,0xffac,0xff6b,0xff8c,0xff4b,0xff4b,0xff4b,0xff6b,0xff8c,
0xff4b,0xff4b,0xff4b,0xff4b,0xff4b,0xff4b,0xff4b,0xff4b,0xff4b,0xff4b,0xff4b,0xff4b,
0xff4b,0xff4b,0xff0b,0xe68b,0xbd69,0x8b86,0x5245,0x31a3,0x3142,0x3142,0x3142,0x3163,
0x3983,0x3983,0x39a3,0x3983,0x3983,0x3983,0x3983,0x3183,0x3142,0x3163,0x3984,0x41c5,
0x4a26,0x5287,0x5a67,0x5246,0x4a25,0x41e5,0x41e4,0x49e4,0x4a25,0x4a05,0x41e4,0x39a4,
0x3983,0x3163,0x3984,0x3984,0x3984,0x0000,0x0000,0x0000,0x0000,0x0000,0x0000,0x0000,
0x0000,0x0000,0x0000,0x0000,0x0000,0x0000,0x0000,0xa42e,0xac8f,0xa46f,0xa46f,0xa46f,
0xa46f,0xa46f,0xa46e,0xa44e,0xa44e,0xa44e,0x9c2e,0x9c2d,0x9c0d,0x93cc,0x836a,0x834a,
0x836a,0x8bab,0x93cc,0x93ec,0x9c0d,0x9c0d,0x9c2e,0x9c2e,0x9c0d,0x732a,0x5a67,0x41e6,
0x5246,0x6ae8,0x7ae8,0x7ae8,0x7ac7,0x7ac6,0x72c8,0x72c6,0x6287,0x6245,0x5225,0x41c4,
0x39a3,0x3983,0x3962,0x3983,0x3983,0x41a3,0x4183,0x3983,0x3162,0x3142,0x2942,0x2922,
0x2902,0x28e1,0x28e2,0x3142,0x3942,0x3963,0x6225,0xa38a,0xd4ad,0xcc6d,0xd48d,0xd48d,
0xdcce,0xdcad,0xcc6d,0xc42c,0xbbeb,0xb3eb,0xbbeb,0xc42b,0xc42c,0xc42c,0xcc6c,0xd46d,
0xdc8d,0xdcae,0xe4ce,0xecee,0xecee,0xed0e,0xecee,0xed0e,0xed0e,0xecee,0xecee,0xe4ce,
0xd46d,0xcc4c,0xc3ec,0xb3ab,0xb3ab,0xbbcb,0xbbab,0xc3eb,0xd42c,0xe48d,0xbbcb,0xc3ec,
0xd46d,0xd44c,0xc3cb,0xa369,0xab4a,0xcc0b,0xb38a,0x9308,0x9308,0x9309,0x9b28,0xcc0b,
0xe4ce,0xf50e,0xcc2b,0xab8a,0xc3eb,0xdc8d,0xdc6c,0xd42c,0xcc0c,0xb3aa,0x9b49,0x9b49,
0xa36a,0xa36a,0xab6a,0xb38a,0xbbcb,0xbbec,0xbbeb,0xcc2c,0xe4ad,0xed0e,0xf54f,0xf54f,
0xfd6f,0xfd8d,0xffac,0xffcc,0xffcc,0xffcc,0xffcc,0xffcc,0xffcc,0xffcc,0xffcc,0xffcc,
0xffcc,0xffcc,0xffcc,0xffcc,0xffcc,0xffac,0xff8c,0xff8c,0xffac,0xffcc,0xffac,0xff8c,
0xff8c,0xff8c,0xff8c,0xff8c,0xff6c,0xff6c,0xff6b,0xff8c,0xff6b,0xff4b,0xff4b,0xff6b,
0xff4b,0xff4b,0xff4b,0xff4b,0xff4b,0xff4b,0xff4b,0xff4b,0xff4b,0xff4b,0xff4b,0xff4b,
0xff0b,0xff4b,0xfeeb,0xeeab,0xd5ca,0xa4a8,0x72e5,0x41c4,0x3142,0x2942,0x3142,0x3143,
0x3983,0x3983,0x41c4,0x41c4,0x39a3,0x3983,0x3983,0x3163,0x2942,0x2942,0x3163,0x3984,
0x41c5,0x4a26,0x4a47,0x4a46,0x4a05,0x41c5,0x41c4,0x41e5,0x4a05,0x41e4,0x41a4,0x39a4,
0x3983,0x3983,0x3984,0x41a4,0x39a4,0x0000,0x0000,0x0000,0x0000,0x0000,0x0000,0x0000,
0x0000,0x0000,0x0000,0x0000,0x0000,0x0000,0x0000,0x9c0d,0xa46f,0xa46f,0xa46f,0xa46f,
0xa46f,0xa42e,0x9c2d,0x9c2d,0x9c2d,0x9c2d,0x9c2d,0x9c2d,0x9c0d,0x93cc,0x8bab,0x836a,
0x8b6b,0x8bab,0x93ec,0x93ec,0x93ec,0x9c0d,0x9c2e,0x9c2e,0x93ec,0x7b4a,0x5a67,0x4a06,
0x5a26,0x6ae8,0x7ae8,0x8329,0x7b29,0x7ae8,0x7b26,0x72a7,0x6287,0x5a45,0x51e4,0x41c3,
0x3983,0x3982,0x3983,0x3983,0x41c3,0x41a4,0x41c4,0x41c3,0x4183,0x3983,0x3183,0x3142,
0x2902,0x2902,0x2922,0x3142,0x3142,0x3143,0x3162,0x3963,0xabcb,0xdcad,0xdcce,0xdcce,
0xe4ee,0xdcce,0xd46d,0xc44c,0xb3eb,0xb3eb,0xb3eb,0xbbeb,0xc42b,0xc42c,0xc42c,0xcc6c,
0xd46d,0xdcad,0xdcad,0xdcce,0xe4ce,0xecee,0xecee,0xecee,0xecee,0xecee,0xdcce,0xdcce,
0xd46d,0xcc4c,0xbbeb,0xbbeb,0xbbeb,0xc3ab,0xcc2c,0xd42c,0xf50f,0xdc6c,0xb3aa,0xc3ec,
0xd46d,0xd46d,0xd44c,0xd42c,0xbbab,0xab6a,0x9b29,0x8ac7,0x8287,0x8aa7,0x9329,0xa349,
0xb3aa,0xbbaa,0x8ae8,0x8ac8,0x9308,0x9b49,0xa349,0xa349,0x9b49,0x9309,0x9329,0x9329,
0xa36a,0xa36a,0xb3ab,0xa36a,0xab8a,0xbbcb,0xbbeb,0xd46d,0xed0e,0xf54f,0xf54f,0xfdb0,
0xf54f,0xfe4b,0xffcc,0xffcc,0xffcc,0xffcc,0xffcc,0xffcc,0xffcc,0xffcc,0xffcc,0xffcc,
0xffcc,0xffcc,0xffcc,0xff8c,0xffcc,0xffcc,0xff6b,0xffcc,0xff8c,0xff4b,0xff6c,0xff4b,
0xffac,0xff6c,0xff4b,0xff4b,0xff6b,0xff6b,0xff4b,0xffac,0xff4b,0xff4b,0xff6b,0xff4b,
0xff4b,0xff4b,0xff4b,0xff4b,0xff4b,0xff4b,0xff4b,0xff4b,0xff4b,0xff4b,0xff4b,0xff4b,
0xff4b,0xfeeb,0xff4b,0xfecb,0xe62b,0xb569,0x8b87,0x5204,0x3142,0x2922,0x3142,0x3142,
0x3983,0x3983,0x41a4,0x41c3,0x41a4,0x41a3,0x3983,0x3163,0x2942,0x2942,0x2942,0x3163,
0x39c5,0x41c5,0x4a26,0x4a06,0x41e5,0x41c4,0x39c4,0x39c4,0x41c5,0x41a4,0x39a4,0x39a3,
0x39a4,0x39a4,0x41a4,0x41e4,0x41c4,0x0000,0x0000,0x0000,0x0000,0x0000,0x0000,0x0000,
0x0000,0x0000,0x0000,0x0000,0x0000,0x0000,0x0000,0xa44e,0xac8f,0xa46f,0xa46f,0xa46f,
0xa46f,0xa44e,0xa44e,0x9c2d,0x9c2d,0x9c2d,0x9c0d,0x9c0d,0x9c0d,0x93ec,0x8bab,0x8bac,
0x93cc,0x93ec,0x93cc,0x93ec,0x93ec,0x9c2e,0xa44e,0xa44e,0x9c0d,0x734b,0x5a87,0x4a06,
0x5a67,0x6ae8,0x8329,0x7b08,0x7b08,0x7ae8,0x7aa7,0x72a7,0x6286,0x5225,0x49c4,0x41a3,
0x3983,0x3983,0x3983,0x3983,0x41a3,0x41c4,0x41c4,0x49c4,0x49c4,0x49a4,0x41a3,0x3983,
0x2942,0x2902,0x28e2,0x2942,0x3142,0x3142,0x3142,0x2942,0x7aa7,0xd48d,0xe4ce,0xecee,
0xdcce,0xdcad,0xcc4c,0xbc0b,0xb3eb,0xb3eb,0xb3eb,0xb3eb,0xbbeb,0xc42c,0xc42c,0xcc6c,
0xcc6c,0xd46d,0xdc8d,0xdcad,0xdcad,0xdcce,0xe4ce,0xe4ce,0xe4ce,0xe4ce,0xdcce,0xdcce,
0xd46d,0xcc4c,0xc3ec,0xc3ec,0xc3eb,0xcc0c,0xd44c,0xecce,0xf4ce,0xbbaa,0xa36a,0xc3eb,
0xe48d,0xe48d,0xe46d,0xe46d,0xd44c,0xcbeb,0xb3aa,0x9b29,0x8ac8,0x82a7,0x82a7,0x7a87,
0x7a67,0x7266,0x61e5,0x61e5,0x7246,0x8ae8,0x8ae8,0x8ae8,0x9308,0x9308,0x9b49,0x9329,
0xa349,0xa36a,0xa36a,0xab8a,0xa36a,0xab8a,0xbbeb,0xdcad,0xf54f,0xfd90,0xfdb0,0xfdd1,
0xfd4e,0xff6c,0xffcc,0xffcc,0xffcc,0xffcc,0xffcc,0xffcc,0xffcc,0xffcc,0xffcc,0xff6c,
0xffac,0xffcc,0xffcc,0xff8c,0xff6b,0xffac,0xff8c,0xffac,0xff6b,0xffac,0xff8c,0xff6b,
0xff8c,0xff6b,0xff6b,0xff8c,0xff4b,0xff4b,0xff6b,0xff4b,0xff4b,0xff4b,0xff4b,0xff4b,
0xff4b,0xff4b,0xff4b,0xff4b,0xff4b,0xff4b,0xff4b,0xfeeb,0xff4b,0xff0b,0xfeeb,0xff2b,
0xff4b,0xff2b,0xfeeb,0xff0b,0xeeab,0xcd49,0x93e7,0x5a65,0x3982,0x2942,0x3102,0x3142,
0x3983,0x4183,0x41c3,0x41c4,0x41c4,0x41a3,0x4183,0x3983,0x3143,0x2922,0x2942,0x3183,
0x39a4,0x41c5,0x41e5,0x41e5,0x41e5,0x39a4,0x39a4,0x39a4,0x39c4,0x39a4,0x39a4,0x41a4,
0x41a4,0x41a4,0x41a4,0x41e4,0x41c4,0x0000,0x0000,0x0000,0x0000,0x0000,0x0000,0x0000,
0x0000,0x0000,0x0000,0x0000,0x0000,0x0000,0x0000,0xa44e,0xb4d0,0xac8f,0xa46f,0xac8f,
0xa46f,0xa46f,0x9c2e,0xa46e,0x9c2e,0x9c2e,0x9c2d,0x9c0d,0x9bed,0x9c0d,0x9bed,0x9bed,
0x93ec,0x93ec,0x93cc,0x93cc,0x93ec,0x9c0d,0xa46e,0xa44e,0x9c2d,0x7b4a,0x5a67,0x4a06,
0x5a67,0x6ae8,0x7b09,0x7b29,0x7b28,0x7ac7,0x7b09,0x72a7,0x6286,0x5225,0x49c4,0x3983,
0x3983,0x3983,0x3983,0x3983,0x3983,0x41c4,0x49c4,0x5204,0x5204,0x5204,0x49c4,0x3983,
0x3162,0x2922,0x2902,0x2922,0x2942,0x2942,0x2942,0x2942,0x49c4,0xbbeb,0xd4ad,0xdcce,
0xdcad,0xd48d,0xbc0c,0xabca,0xabaa,0xb3eb,0xb3aa,0xb3ea,0xbbeb,0xbbeb,0xc42b,0xc42c,
0xcc4c,0xcc6c,0xcc6d,0xd46d,0xdc8d,0xdcad,0xdcad,0xdcad,0xdcad,0xdcce,0xdcad,0xdcad,
0xd46d,0xcc4c,0xc3ec,0xc3eb,0xc40c,0xd42c,0xecad,0xf52f,0xc40c,0x9b29,0xab6a,0xcc2c,
0xecad,0xecad,0xecad,0xecad,0xecad,0xe4ad,0xdc6d,0xd40c,0xc3cb,0xab6a,0x92e8,0x8287,
0x6a05,0x5984,0x4143,0x4963,0x59e4,0x8ac8,0x9b29,0xa349,0xab69,0xab6a,0xab6a,0xab6a,
0xab6a,0xa36a,0xa36a,0xa36a,0xa36a,0xabaa,0xc42c,0xed0e,0xfd6f,0xfdd1,0xfdd1,0xfdb0,
0xfded,0xffcc,0xffcc,0xffcc,0xffcc,0xffcc,0xffcc,0xffcc,0xffab,0xffcb,0xffac,0xffcc,
0xffac,0xff6c,0xff6b,0xffac,0xffac,0xff8c,0xff8c,0xff8c,0xff8c,0xff6b,0xff6b,0xff8c,
0xff4b,0xff8c,0xff6b,0xff4b,0xff8c,0xff4b,0xff4b,0xff4b,0xff4b,0xff4b,0xff4b,0xff4b,
0xff4b,0xff4b,0xff4b,0xff4b,0xff4b,0xff4b,0xfeeb,0xff4b,0xff2b,0xff2b,0xff4b,0xff0b,
0xff2b,0xff2b,0xff2b,0xfecb,0xf6ab,0xddcb,0x9c68,0x6aa5,0x39a3,0x2942,0x3142,0x3142,
0x3962,0x3983,0x4183,0x41c3,0x41c4,0x41c3,0x41c4,0x39a4,0x3983,0x3183,0x3143,0x3183,
0x39c4,0x41c5,0x41e5,0x41e5,0x39a4,0x39a4,0x39a4,0x39a4,0x39c4,0x39c4,0x39c4,0x41e4,
0x49e4,0x49e4,0x49e4,0x49e5,0x41e4,0x0000,0x0000,0x0000,0x0000,0x0000,0x0000,0x0000,
0x0000,0x0000,0x0000,0x0000,0x0000,0x0000,0x0000,0xac8f,0xb4d0,0xacce,0xacb0,0xac8f,
0xa46f,0xa44e,0xa44e,0x9c2d,0xa44e,0x9c2e,0x9c2d,0x9c2d,0x9c2d,0x9c2d,0x9c2e,0x9c2e,
0x9c0d,0x93ec,0x8bab,0x8bab,0x8bab,0x93ec,0x9c2d,0x9c2e,0x93ed,0x734b,0x5a67,0x4a06,
0x5247,0x6ae8,0x8329,0x8329,0x7ac7,0x72c8,0x6a87,0x6a87,0x5a66,0x5225,0x49c4,0x3983,
0x3983,0x3983,0x3163,0x3983,0x3983,0x41c4,0x49c4,0x5204,0x5204,0x5204,0x41c4,0x41c3,
0x3983,0x3142,0x2942,0x2922,0x2942,0x2942,0x2942,0x2942,0x3142,0x5205,0x9349,0xbc0b,
0xbc0b,0xabaa,0x9b49,0x9b49,0xab6a,0xabaa,0xb3cb,0xb3aa,0xb3eb,0xb3eb,0xbbeb,0xc42b,
0xc42c,0xc42c,0xcc6c,0xcc6c,0xcc6d,0xd46d,0xd46d,0xd46d,0xdc8d,0xdc8d,0xdcad,0xdcad,
0xcc6d,0xcc4c,0xbc0c,0xc42c,0xcc2c,0xe4ad,0xf52f,0xe48d,0xa349,0xa349,0xb3ab,0xdc6d,
0xecad,0xecad,0xecad,0xecad,0xecad,0xecad,0xecad,0xec8d,0xdc4b,0xcc0b,0xbb8a,0xab49,
0x82a7,0x7226,0x5984,0x4983,0x6a05,0x9b29,0xc3eb,0xd44c,0xcc0c,0xcc0c,0xc40c,0xbbab,
0xbbab,0xa36a,0x9b29,0xa36a,0x9b69,0xab8a,0xd44d,0xf54f,0xfdb0,0xfdd1,0xfdd1,0xf54f,
0xfeac,0xffcc,0xffcc,0xffcc,0xffcc,0xffcc,0xffcc,0xff6c,0xffac,0xffac,0xff89,0xffcc,
0xffac,0xff4b,0xffac,0xff4b,0xff4b,0xffcc,0xff6b,0xff6b,0xff8c,0xff4b,0xff6b,0xffac,
0xff4b,0xff6b,0xff4b,0xff4b,0xff4b,0xff4b,0xff4b,0xff4b,0xff4b,0xff4b,0xff4b,0xff4b,
0xff4b,0xff4b,0xff4b,0xff4b,0xff4b,0xfecb,0xff4b,0xff4b,0xfeeb,0xff2b,0xfecb,0xff0b,
0xff2b,0xff0b,0xff0b,0xfeab,0xf6ab,0xddab,0xa468,0x72e5,0x39a3,0x3142,0x3142,0x3142,
0x3142,0x3142,0x3163,0x3983,0x3983,0x39c4,0x41a4,0x41c4,0x41c4,0x39a4,0x3983,0x39a3,
0x39c4,0x39c5,0x39e5,0x39c4,0x39a4,0x39c4,0x39c4,0x41c4,0x41c4,0x41c4,0x41e4,0x4a05,
0x5205,0x5226,0x5205,0x5205,0x49e5,0x0000,0x0000,0x0000,0x0000,0x0000,0x0000,0x0000,
0x0000,0x0000,0x0000,0x0000,0x0000,0x0000,0x0000,0xa46e,0xacaf,0xac8f,0xa46f,0xa46f,
0xa44e,0x9c2e,0x9c0d,0x9c0d,0x9c2d,0xa44e,0xa44e,0x9c2d,0x9c2d,0x9c2e,0x9c2e,0x9c2e,
0x9c2d,0x93ec,0x93cc,0x8bab,0x836a,0x8b8b,0x93cc,0x9c0d,0x93cc,0x732a,0x5248,0x41c6,
0x5226,0x6ac8,0x7b29,0x8329,0x7ae8,0x72a7,0x6286,0x6286,0x6245,0x5225,0x49c4,0x3983,
0x3183,0x3142,0x3142,0x3163,0x3983,0x41c4,0x41c5,0x41c4,0x41c4,0x41c4,0x41c3,0x41a3,
0x39a3,0x3983,0x3142,0x2942,0x2943,0x2963,0x3163,0x3163,0x3183,0x3183,0x49e4,0x5225,
0x5225,0x49e4,0x41c4,0x7287,0x9b69,0xabaa,0xabaa,0xabaa,0xb3cb,0xbbeb,0xbc0b,0xbc0b,
0xc42b,0xc42c,0xcc4c,0xcc6c,0xcc4c,0xcc6d,0xd46d,0xcc6d,0xcc6d,0xd46d,0xd46d,0xd46d,
0xd48d,0xcc6d,0xc40c,0xc42c,0xd44c,0xecad,0xf50f,0xbbcb,0xa369,0xb38b,0xd42d,0xe4ad,
0xecee,0xec6d,0xecad,0xecad,0xec8d,0xec6d,0xecad,0xec6d,0xe46d,0xdc2c,0xc3cb,0xb369,
0xab28,0x9b07,0x8287,0x7a66,0xab49,0xdc6c,0xecce,0xf52f,0xecee,0xdc8d,0xdc4d,0xcc0c,
0xab8a,0x7a87,0x7aa7,0x9308,0x9b29,0xb3ab,0xecee,0xfdb0,0xfdd1,0xfdd1,0xfdb0,0xf54f,
0xff4c,0xffcc,0xffcc,0xffcc,0xffcc,0xffac,0xffcc,0xffac,0xff8c,0xff8c,0xffac,0xff8c,
0xff8c,0xff8c,0xff8c,0xff8c,0xff8c,0xff6b,0xff8c,0xff4b,0xff6b,0xff8c,0xff4b,0xff4b,
0xff4b,0xff6b,0xff4b,0xff4b,0xff4b,0xff4b,0xff4b,0xff4b,0xff4b,0xff4b,0xff4b,0xff4b,
0xff4b,0xff4b,0xff4b,0xff0b,0xff2b,0xff0b,0xff2b,0xff0b,0xff0b,0xff2b,0xff0b,0xfeeb,
0xff0b,0xff0b,0xfecb,0xfeeb,0xf6ab,0xe62b,0xb4c8,0x72e5,0x41e4,0x3142,0x3142,0x3142,
0x3142,0x3142,0x3142,0x3183,0x3183,0x3983,0x39c3,0x41c4,0x41c5,0x41c4,0x39c3,0x3984,
0x39a4,0x31a3,0x39a4,0x39c5,0x39c4,0x41e4,0x41e4,0x41e5,0x41e5,0x41e5,0x4a05,0x5225,
0x5a66,0x5a66,0x5a46,0x5a46,0x5246,0x0000,0x0000,0x0000,0x0000,0x0000,0x0000,0x0000,
0x0000,0x0000,0x0000,0x0000,0x0000,0x0000,0x0000,0x9bed,0xa46f,0xa44e,0x9c2d,0x9c2d,
0x9c2d,0x9c2d,0x93ec,0x93ec,0x9c0d,0x9c2d,0x9c2d,0xa44e,0x9c2d,0x9c2e,0x9c2e,0xa44e,
0x9c2e,0x9c2e,0x93ec,0x8bab,0x8bab,0x8b6b,0x8bab,0x8bab,0x8bab,0x6ae9,0x4a26,0x41c6,
0x4a06,0x6a87,0x7309,0x8329,0x72e8,0x72a7,0x6225,0x5a45,0x5a45,0x5225,0x49e4,0x41c3,
0x3163,0x3163,0x3142,0x3183,0x3983,0x41c5,0x41c4,0x41c3,0x3983,0x3983,0x3983,0x41c3,
0x41c3,0x3983,0x3183,0x3142,0x3183,0x3183,0x3983,0x3983,0x3183,0x39c3,0x41e5,0x4a25,
0x5225,0x4a05,0x4a05,0x5a05,0x9329,0x9b69,0xab6a,0xabaa,0xb3aa,0xb3aa,0xb3eb,0xb3eb,
0xbbeb,0xbc0b,0xc42c,0xc42c,0xc42c,0xc42c,0xcc6c,0xcc6c,0xcc6d,0xcc6d,0xcc6d,0xcc6d,
0xcc6d,0xcc4d,0xc40c,0xc42c,0xdc6d,0xf54f,0xdc8d,0xa36a,0xa36a,0xc3cc,0xdcce,0xecce,
0xec6d,0xecad,0xec4d,0xec4d,0xe44c,0xec4d,0xec4d,0xec4d,0xec4d,0xe44c,0xd42b,0xbb6a,
0xbb28,0xbb6a,0xcbca,0xec4d,0xd44b,0x51a4,0x30e2,0x92c7,0xf52f,0xd44d,0xa36a,0x7246,
0x4123,0x4123,0x61e5,0x7aa7,0x9309,0xd44d,0xf54f,0xfdd1,0xfdd1,0xfdd1,0xfd90,0xfe0b,
0xffcc,0xffcc,0xffcc,0xffcc,0xff4b,0xffcc,0xffcc,0xff6b,0xffcc,0xffcc,0xff4b,0xffac,
0xff8c,0xff6b,0xff6b,0xff8c,0xffcc,0xff8c,0xffac,0xffac,0xff6c,0xff4b,0xff4b,0xffac,
0xff4b,0xff4b,0xff4b,0xff4b,0xff4b,0xff4b,0xff4b,0xff4b,0xff4b,0xff4b,0xff4b,0xff4b,
0xff4b,0xff0b,0xff2b,0xff2b,0xfeeb,0xff4b,0xff0b,0xff2b,0xff0b,0xfecb,0xfecb,0xff0b,
0xff2b,0xfeab,0xfecb,0xfecb,0xfeab,0xde8a,0xb508,0x7386,0x49e3,0x3142,0x3142,0x3142,
0x3142,0x3142,0x3142,0x3142,0x3163,0x3983,0x3983,0x3983,0x41c3,0x41c4,0x41c4,0x3983,
0x3183,0x3143,0x3164,0x31a4,0x39a4,0x39a4,0x41e4,0x41e5,0x41e5,0x4a05,0x5226,0x5a66,
0x5a66,0x5a66,0x5a66,0x62a6,0x5a66,0x0000,0x0000,0x0000,0x0000,0x0000,0x0000,0x0000,
0x0000,0x0000,0x0000,0x0000,0x0000,0x0000,0x0000,0x93ed,0x9c0d,0x9bed,0x9bed,0x9c2d,
0x9c2d,0x9c0d,0x9c0d,0x93ec,0x9c0d,0x9c2e,0xa44e,0xa44e,0x9c2d,0x9c2e,0xa44e,0xa44e,
0x9c2e,0x9c2e,0x9c0d,0x93ec,0x93cc,0x8bab,0x8b8b,0x8b8b,0x836a,0x62c8,0x4a26,0x39c5,
0x41e5,0x6287,0x7309,0x8328,0x7ae8,0x6aa7,0x5a45,0x5a25,0x5205,0x5204,0x49c4,0x41a3,
0x3183,0x3163,0x3143,0x3163,0x3983,0x39a4,0x39c3,0x3983,0x3963,0x3982,0x3983,0x41c3,
0x41a3,0x3983,0x3142,0x3142,0x3163,0x31a4,0x39c5,0x39c4,0x39a4,0x41e4,0x4a25,0x4a25,
0x4a25,0x4a05,0x5204,0x5225,0x7a87,0x9329,0xa369,0xabaa,0xabaa,0xb3aa,0xb3cb,0xb3eb,
0xb3eb,0xbbeb,0xbc0b,0xbc2c,0xc42c,0xc42c,0xc42c,0xc44c,0xcc4c,0xcc6c,0xcc6d,0xcc6d,
0xcc6d,0xcc6d,0xc42c,0xc40c,0xd44c,0xecee,0xc3cb,0x9b49,0xb38a,0xcc0c,0xdc8d,0xe4ae,
0xdc6d,0xd3ec,0xc3cb,0xbb48,0xa329,0xa329,0xbb69,0xbb49,0xab49,0xbb48,0xab49,0xab49,
0xa38a,0xa38a,0x9b09,0x82a7,0x7226,0x7266,0x61c4,0x28a1,0x28c2,0x1881,0x1020,0x0820,
0x0820,0x20a0,0x4963,0x7246,0xab8a,0xed2f,0xfdd1,0xfdd1,0xfdd1,0xfdd1,0xf54e,0xfeeb,
0xffcc,0xffcc,0xffac,0xffac,0xffcc,0xffac,0xff4b,0xff8c,0xff8c,0xff8c,0xff6b,0xff8c,
0xff8c,0xff6b,0xff6b,0xff8c,0xff4b,0xff8c,0xff8c,0xff8c,0xff4b,0xff4b,0xff4b,0xff4b,
0xff4b,0xff4b,0xff4b,0xff4b,0xff4b,0xff4b,0xff4b,0xff4b,0xff4b,0xff4b,0xff4b,0xff0b,
0xff0b,0xff0b,0xff4b,0xff2b,0xff0b,0xff0b,0xfeeb,0xfeab,0xfeeb,0xfeeb,0xfeeb,0xfecb,
0xff0b,0xfecb,0xfeeb,0xfecb,0xfeab,0xde8a,0xbce8,0x8346,0x49e4,0x3162,0x2942,0x2942,
0x2942,0x2942,0x2942,0x3143,0x3183,0x3983,0x3983,0x3983,0x3983,0x39a4,0x39a3,0x3183,
0x2923,0x2102,0x2122,0x2923,0x2943,0x3184,0x39a4,0x39a4,0x39e5,0x4a05,0x4a26,0x5246,
0x5a66,0x5a66,0x6287,0x62a7,0x62a6,0x0000,0x0000,0x0000,0x0000,0x0000,0x0000,0x0000,
0x0000,0x0000,0x0000,0x0000,0x0000,0x0000,0x0000,0x9c0d,0x9c2e,0x9c2d,0x9bec,0x9c2d,
0xa44c,0x9c4d,0x9c2e,0x9c2d,0x9c2e,0xa46f,0xa46f,0x9c2e,0x9c2e,0xa44e,0x9c2e,0x9c2e,
0x9c0d,0x9c0d,0x9c0d,0x93ec,0x93ec,0x93ec,0x8bcc,0x8bab,0x836a,0x6ac8,0x4a26,0x39c5,
0x41e6,0x6287,0x7309,0x8329,0x7b27,0x6a87,0x5a45,0x5a25,0x5204,0x4a05,0x49c5,0x41c4,
0x39a4,0x3183,0x3142,0x3183,0x3983,0x39a4,0x3983,0x3983,0x3983,0x3983,0x3983,0x41a3,
0x3983,0x3163,0x2942,0x2922,0x3143,0x3184,0x39c5,0x41c5,0x41e5,0x4a05,0x5225,0x5245,
0x4a05,0x4a05,0x4a05,0x5206,0x6a46,0x9309,0x9b69,0xa36a,0xabaa,0xabaa,0xabaa,0xb3ca,
0xb3cb,0xb3eb,0xbbeb,0xbc0b,0xbc2c,0xbc0c,0xc42c,0xc42c,0xc42c,0xc42d,0xc44c,0xcc6d,
0xcc6d,0xcc6d,0xc42d,0xc42c,0xc40c,0xd42c,0x92e8,0x8ac8,0xa349,0xc3ec,0xd44d,0xdc2d,
0xcc0c,0xc3aa,0xb349,0xab69,0xcc0b,0xd42c,0xe48d,0xecad,0xec8d,0xe48d,0xcc2c,0xc3ca,
0xbbaa,0xb38a,0xb3aa,0xcbeb,0xdc4c,0xc40b,0x6a26,0x20c1,0x0800,0x1040,0x20c2,0x4123,
0x4963,0x5184,0x59e5,0x8aa8,0xe48d,0xfd90,0xfdd1,0xfdd1,0xfdd1,0xfdb0,0xfd8e,0xffac,
0xffcc,0xff6b,0xff8c,0xffac,0xffac,0xff8c,0xffcc,0xff8c,0xff6b,0xffac,0xff8c,0xff6b,
0xff6b,0xff8c,0xffac,0xff4b,0xff4b,0xff4b,0xff6b,0xff4b,0xff6b,0xff4b,0xff4b,0xff4b,
0xff4b,0xff4b,0xff4b,0xff4b,0xff4b,0xff4b,0xff4b,0xff4b,0xff4b,0xff4b,0xff4b,0xff2b,
0xff2b,0xff2b,0xff2b,0xfeeb,0xff0b,0xff0b,0xff0b,0xff0b,0xff0b,0xfecb,0xff0b,0xff0b,
0xfeab,0xfecb,0xfecb,0xff0b,0xfeab,0xe66b,0xbd28,0x8b66,0x5204,0x3162,0x2942,0x2922,
0x2902,0x2942,0x3142,0x3163,0x3163,0x3983,0x3983,0x3983,0x3183,0x3983,0x39a3,0x3183,
0x2122,0x20e1,0x2102,0x2102,0x2923,0x2963,0x3163,0x3184,0x39a4,0x41c5,0x4a05,0x5226,
0x5226,0x5a66,0x62a6,0x62a7,0x6286,0x0000,0x0000,0x0000,0x0000,0x0000,0x0000,0x0000,
0x0000,0x0000,0x0000,0x0000,0x0000,0x0000,0x0000,0xa46f,0xa46f,0xa44e,0x9c2d,0x9c2d,
0x9c2d,0x9c2d,0x9c2e,0x9c2d,0x9c2e,0x9c2e,0x9c2e,0x9c0d,0x93ed,0x93ed,0x93cc,0x93cc,
0x8bac,0x93ec,0x93cc,0x8bac,0x8bac,0x8bab,0x8bac,0x8b8b,0x7b29,0x62c9,0x4a07,0x39c5,
0x41e6,0x6287,0x7309,0x8329,0x7b29,0x6ac8,0x5a47,0x5226,0x5204,0x49c5,0x41c4,0x41c4,
0x39c4,0x3983,0x3163,0x3143,0x3983,0x39a3,0x41c3,0x41c3,0x41a3,0x4183,0x41c3,0x41a3,
0x3983,0x3142,0x2942,0x2922,0x2942,0x3163,0x39c5,0x49e5,0x4a05,0x5206,0x4a25,0x4a05,
0x41e5,0x41c5,0x4a05,0x4a05,0x5a26,0x8ac8,0x9b49,0x9b69,0xab8a,0xabaa,0xb3cb,0xabca,
0xb3eb,0xb3eb,0xb3eb,0xb3eb,0xbbeb,0xbc0c,0xbc0b,0xbc2c,0xbc2c,0xc42c,0xc42d,0xc44d,
0xc42d,0xcc6d,0xcc6d,0xc42c,0xc3ec,0xab6a,0x7246,0x7a66,0x8ac8,0xa34a,0xab8a,0xab6a,
0xab6a,0xb38b,0xbb8b,0xbbab,0xcc0c,0xdc8d,0xecce,0xecee,0xecee,0xecad,0xcc6c,0xc40b,
0xbbeb,0xc3eb,0xc40b,0xcc2b,0xc3eb,0xa349,0x61e5,0x3902,0x30e2,0x3923,0x5184,0x6a26,
0x8ac8,0x82c7,0x9309,0xc42c,0xf52f,0xfdd1,0xfdd1,0xfdd1,0xfdd1,0xfd6f,0xfe2c,0xffcc,
0xff8c,0xff6b,0xff6c,0xffac,0xff4b,0xff8c,0xffcc,0xff8c,0xff4b,0xffac,0xff8c,0xff6b,
0xff8c,0xff4b,0xff4b,0xff8c,0xff4b,0xff4b,0xff4b,0xff4b,0xff4b,0xff4b,0xff4b,0xff4b,
0xff4b,0xff4b,0xff4b,0xff4b,0xff4b,0xff4b,0xff0b,0xff4b,0xff0b,0xfecb,0xff4b,0xfeeb,
0xff2b,0xff0b,0xff2b,0xfeeb,0xff0b,0xff2b,0xff0b,0xff2b,0xff0b,0xfecb,0xff0b,0xfeab,
0xfeab,0xfeeb,0xfecb,0xfeab,0xfeab,0xe66b,0xc528,0x9386,0x5a25,0x3162,0x2901,0x2902,
0x2902,0x2942,0x3142,0x3163,0x3983,0x39c3,0x3983,0x3983,0x3143,0x3183,0x3183,0x3143,
0x2922,0x20e2,0x2122,0x2102,0x2122,0x2963,0x3163,0x3184,0x3163,0x39a4,0x39e4,0x4a05,
0x4a26,0x5a66,0x5a66,0x5a66,0x5225,0x0000,0x0000,0x0000,0x0000,0x0000,0x0000,0x0000,
0x0000,0x0000,0x0000,0x0000,0x0000,0x0000,0x0000,0xa44e,0xa46e,0x9c0d,0x93cc,0x93cc,
0x93ec,0x8bac,0x83ac,0x83ad,0x8bac,0x8b8b,0x838b,0x7b6b,0x7b4a,0x7b09,0x732a,0x6b0a,
0x6ae9,0x7309,0x732a,0x6b2b,0x6b2b,0x732a,0x7309,0x6b0a,0x62ca,0x5248,0x41e6,0x31a5,
0x39c5,0x5a47,0x72e8,0x7309,0x7309,0x6287,0x5a26,0x4a05,0x41c5,0x41c4,0x41c4,0x41c5,
0x41c4,0x3983,0x3163,0x3162,0x3983,0x39a3,0x41a4,0x49c3,0x41c3,0x41c3,0x41a3,0x4183,
0x3983,0x3143,0x2942,0x2922,0x2942,0x3163,0x3984,0x41e5,0x4a05,0x4a26,0x4a05,0x4a05,
0x41e5,0x41c5,0x41e5,0x41e5,0x4a05,0x7287,0x9329,0x9b69,0xab6a,0xabaa,0xb3aa,0xb3ca,
0xb3cb,0xb3cb,0xb3eb,0xbbeb,0xb3eb,0xbc0b,0xbc0c,0xbc0c,0xc42c,0xc42c,0xc42c,0xc42c,
0xc44d,0xcc4d,0xcc6d,0xd46d,0xc42c,0xb38a,0xa34a,0xb3ab,0xc3ec,0xc3ec,0xc40c,0xd44d,
0xd46d,0xd46d,0xcc2c,0xcc2c,0xcc2c,0xdc6d,0xe4ae,0xecee,0xecee,0xecae,0xd48d,0xcc4c,
0xbbeb,0xb3aa,0xa36a,0xa349,0x92e8,0x7a87,0x51a4,0x4163,0x59c4,0x61e5,0x7a66,0x9308,
0xa349,0xab8a,0xc3eb,0xf50e,0xfdb0,0xfdd1,0xfdd1,0xfdd1,0xfdb0,0xf52f,0xff0b,0xff8c,
0xffac,0xffac,0xffac,0xff4b,0xff8c,0xff6b,0xff6c,0xff4b,0xff8c,0xff4b,0xff6b,0xff4b,
0xff6b,0xff6b,0xff4b,0xff4b,0xff4b,0xff4b,0xff4b,0xff4b,0xff4b,0xff4b,0xff4b,0xff4b,
0xff4b,0xff4b,0xff4b,0xff2b,0xff2b,0xff2b,0xfeeb,0xff4b,0xff2b,0xff0b,0xff0b,0xff2b,
0xff0b,0xff0b,0xfeeb,0xff0b,0xfecb,0xfeeb,0xfecb,0xfeab,0xfecb,0xfeab,0xfeab,0xfeab,
0xfeab,0xfeab,0xfeab,0xfeab,0xfeab,0xfe6b,0xd569,0x9c08,0x6264,0x3183,0x2942,0x20e1,
0x2902,0x2922,0x3142,0x3163,0x3983,0x39c4,0x39a4,0x3983,0x3183,0x3143,0x3163,0x3163,
0x3143,0x3162,0x3163,0x3143,0x3163,0x3163,0x3184,0x3184,0x31a4,0x39a4,0x39c4,0x4205,
0x4a05,0x5205,0x49e5,0x49e5,0x41c4,0x0000,0x0000,0x0000,0x0000,0x0000,0x0000,0x0000,
0x0000,0x0000,0x0000,0x0000,0x0000,0x0000,0x0000,0x7b8d,0x8bac,0x7b6c,0x736d,0x6b0a,
0x630b,0x630a,0x5aa8,0x5aa8,0x5288,0x5a88,0x4a69,0x5267,0x4a27,0x4a07,0x41c6,0x4207,
0x4a07,0x4207,0x4a07,0x4a07,0x4a48,0x4a07,0x4a48,0x4207,0x41c6,0x39c5,0x2985,0x2944,
0x3185,0x41c6,0x5a87,0x5a87,0x5267,0x4a07,0x41c6,0x39a5,0x3983,0x3983,0x39a3,0x41c3,
0x41c5,0x39c3,0x3983,0x3163,0x3982,0x3983,0x41c3,0x41c3,0x41a4,0x41c4,0x41a3,0x41c3,
0x3983,0x3163,0x3142,0x3142,0x3142,0x3183,0x3984,0x41c5,0x4a05,0x4a05,0x4a05,0x4a05,
0x4a05,0x41e5,0x41c5,0x4a05,0x41c5,0x5a05,0x8ac8,0x9b69,0xa36a,0xa36a,0xabaa,0xabaa,
0xb3eb,0xb3ca,0xb3eb,0xbbeb,0xb3eb,0xb3eb,0xbc0b,0xbc2c,0xc42c,0xc42c,0xc42d,0xc42c,
0xc42d,0xc42c,0xcc6d,0xd46d,0xd46d,0xd42d,0xcc2c,0xd42c,0xd46d,0xdcad,0xecad,0xecce,
0xecee,0xecae,0xdcad,0xe4ad,0xdcad,0xd46d,0xd46d,0xdcad,0xecee,0xe4ae,0xdcad,0xd42c,
0xc40c,0xb3ea,0xa36a,0x8ac8,0x7a67,0x6a25,0x59c5,0x61e4,0x7246,0x82c7,0x9b29,0xb38a,
0xb3ab,0xc3ec,0xe4ae,0xfd6f,0xfdd1,0xfdd1,0xfdd1,0xfdd1,0xf54f,0xfdec,0xff6b,0xffcc,
0xff8c,0xff4b,0xff6b,0xff4b,0xffac,0xff8c,0xff4b,0xffac,0xff4b,0xff4b,0xff4b,0xffac,
0xff4b,0xff4b,0xff4b,0xff4b,0xff4b,0xff4b,0xff4b,0xff4b,0xff4b,0xff4b,0xff4b,0xff4b,
0xff4b,0xff4b,0xfeab,0xff4b,0xff2b,0xff2b,0xfeeb,0xff4b,0xfeeb,0xff2b,0xff2b,0xfeab,
0xff2b,0xfeab,0xfecb,0xfeeb,0xff0b,0xfeab,0xfeab,0xfeab,0xfeab,0xff2b,0xfeab,0xfeab,
0xfeab,0xfeab,0xfeab,0xfeab,0xfeab,0xfeab,0xdda9,0x9c68,0x6a84,0x3983,0x28e2,0x20e2,
0x28e1,0x2922,0x2942,0x3142,0x3183,0x3983,0x41c3,0x3983,0x3942,0x3163,0x3142,0x3183,
0x3983,0x41c3,0x49e4,0x49e5,0x49e5,0x41e4,0x41e4,0x39c4,0x39a4,0x39a4,0x39c4,0x41c4,
0x41e4,0x39a4,0x39a3,0x3163,0x2923,0x0000,0x0000,0x0000,0x0000,0x0000,0x0000,0x0000,
0x0000,0x0000,0x0000,0x0000,0x0000,0x0000,0x0000,0x5289,0x52aa,0x5a89,0x4a48,0x4a27,
0x4207,0x39c6,0x39c6,0x3185,0x3185,0x3185,0x3185,0x3185,0x2944,0x2123,0x2103,0x2123,
0x2103,0x2123,0x2944,0x2965,0x31a5,0x2965,0x2964,0x2164,0x2123,0x2103,0x1903,0x18e3,
0x2103,0x2164,0x3185,0x39a5,0x3185,0x2964,0x2123,0x2923,0x2943,0x3163,0x3183,0x39a3,
0x39c4,0x39a4,0x3983,0x3162,0x3163,0x3983,0x39a3,0x41a3,0x41a3,0x41a3,0x41a3,0x3983,
0x3983,0x3163,0x3162,0x3163,0x3983,0x3983,0x3984,0x39c4,0x41c5,0x41e5,0x4a05,0x49e5,
0x4a05,0x4a05,0x4a05,0x41c5,0x39c4,0x39a4,0x7a87,0x9b29,0x9b69,0xab8a,0xabaa,0xabaa,
0xb3aa,0xb3cb,0xb3eb,0xb3eb,0xbbeb,0xbc0b,0xbc0c,0xbc2c,0xc42c,0xc42c,0xc46c,0xc42c,
0xc42d,0xc42c,0xc42c,0xcc6d,0xd46d,0xdc8d,0xd46d,0xdc8d,0xe4ad,0xecad,0xecce,0xecee,
0xf52f,0xf54f,0xf52f,0xed0e,0xecee,0xecce,0xe4ad,0xdcad,0xdcad,0xdc8d,0xd46d,0xcc4c,
0xc40b,0xb3cb,0xa36a,0x9309,0x82c7,0x7a87,0x7a87,0x8287,0x82c7,0x9b29,0xb38b,0xc40c,
0xcc2c,0xe48d,0xf52f,0xfdd1,0xfdd1,0xfdd1,0xfdd1,0xfdd1,0xf54f,0xfeac,0xff8c,0xff8c,
0xff6b,0xff8c,0xff6b,0xff6b,0xff4b,0xff4b,0xff4b,0xff4b,0xff4b,0xff4b,0xff4b,0xff4b,
0xff4b,0xff4b,0xff4b,0xff4b,0xff4b,0xff4b,0xff4b,0xff4b,0xff2b,0xff4b,0xff2b,0xff0b,
0xff0b,0xff2b,0xfeeb,0xfeeb,0xff4b,0xfeeb,0xfeeb,0xff0b,0xfecb,0xfeab,0xff0b,0xfeeb,
0xfeab,0xff0b,0xfeeb,0xfeab,0xfeab,0xfeeb,0xfeab,0xfeeb,0xfeab,0xfeab,0xfeab,0xfeab,
0xfeab,0xfeab,0xfeab,0xfeab,0xfeab,0xfe4b,0xdd8a,0xac48,0x72c5,0x41a3,0x2942,0x20e1,
0x2101,0x2902,0x2942,0x3142,0x3143,0x3183,0x3984,0x3983,0x3163,0x3142,0x3143,0x39a3,
0x49c4,0x5225,0x5a66,0x5a66,0x5a46,0x5245,0x4a25,0x41e4,0x41e4,0x39c4,0x39c4,0x39a4,
0x3163,0x3163,0x3163,0x3143,0x3123,0x0000,0x0000,0x0000,0x0000,0x0000,0x0000,0x0000,
0x0000,0x0000,0x0000,0x0000,0x0000,0x0000,0x0000,0x39c6,0x41e6,0x39c6,0x31c6,0x31a5,
0x2964,0x2964,0x2964,0x2964,0x2964,0x2124,0x2124,0x2123,0x2123,0x2103,0x2103,0x2103,
0x2103,0x2103,0x1903,0x2123,0x2123,0x2144,0x1903,0x18e2,0x18e3,0x10c2,0x10c2,0x10c2,
0x10c2,0x10c2,0x18e2,0x18e2,0x18e3,0x18e3,0x18e3,0x2103,0x2942,0x2943,0x3163,0x3983,
0x39a3,0x3983,0x3983,0x3143,0x3162,0x3983,0x3983,0x39a3,0x3983,0x3983,0x3983,0x3983,
0x3983,0x3163,0x3982,0x3962,0x3963,0x3983,0x3983,0x3983,0x39a4,0x39a4,0x41c5,0x4a05,
0x4a06,0x4a05,0x4a05,0x41e5,0x41c4,0x3183,0x5a05,0x8ae8,0x9b49,0xa349,0xab8a,0xb3aa,
0xabaa,0xb3aa,0xb3eb,0xb3eb,0xb3eb,0xbbeb,0xbc2c,0xbc2c,0xc42c,0xc44d,0xc46d,0xc44c,
0xc44c,0xc44c,0xc42d,0xcc4d,0xd46d,0xd46d,0xe4ad,0xe4ad,0xecce,0xecce,0xecee,0xecee,
0xecee,0xf52f,0xf54f,0xf54f,0xf54f,0xed0e,0xed0e,0xecad,0xecad,0xdcad,0xd46d,0xd46c,
0xc42b,0xbbea,0xb3aa,0x9b49,0x9308,0x8ae8,0x8aa7,0x8ae8,0x9b69,0xbbeb,0xcc4c,0xdc6d,
0xdc8d,0xed0e,0xfd90,0xfdd1,0xfdd1,0xfdd1,0xfdd1,0xfdb0,0xfd8e,0xff4b,0xff6b,0xff4b,
0xff6b,0xff4b,0xff4b,0xff8c,0xff4b,0xff4b,0xff4b,0xff4b,0xff4b,0xff4b,0xff4b,0xff4b,
0xff4b,0xff4b,0xff4b,0xff4b,0xff4b,0xff4b,0xff4b,0xff4b,0xff2b,0xff2b,0xff2b,0xff4b,
0xff4b,0xfeeb,0xff4b,0xff0b,0xfecb,0xff2b,0xff0b,0xfecb,0xfeeb,0xff0b,0xfeab,0xfecb,
0xff2b,0xfeab,0xfecb,0xfecb,0xfeab,0xfeab,0xfeab,0xfeab,0xfeab,0xfeab,0xfeab,0xfeab,
0xfeab,0xfeab,0xfeab,0xfeab,0xfeab,0xfe8b,0xe5c9,0xb468,0x7b05,0x41c4,0x2942,0x20e2,
0x20e2,0x20e1,0x28e2,0x2922,0x2922,0x3142,0x3183,0x3183,0x3142,0x3142,0x3143,0x39a4,
0x4a25,0x5a45,0x6286,0x62a6,0x5a66,0x5a66,0x5246,0x4a25,0x4a25,0x41e5,0x41c4,0x39a4,
0x3163,0x3163,0x3163,0x3162,0x3123,0x0000,0x0000,0x0000,0x0000,0x0000,0x0000,0x0000,
0x0000,0x0000,0x0000,0x0000,0x0000,0x0000,0x0000,0x2164,0x2965,0x29a5,0x31a5,0x39a5,
0x39c5,0x39c5,0x39c5,0x39c5,0x41c5,0x41c6,0x41c6,0x41c6,0x41c6,0x39a4,0x39a4,0x39a5,
0x39a4,0x3164,0x2944,0x2123,0x2123,0x2944,0x2964,0x2964,0x2963,0x2923,0x2123,0x18e2,
0x18e2,0x10c2,0x18e2,0x18e2,0x18e3,0x2122,0x2123,0x2923,0x3143,0x3183,0x3163,0x3983,
0x3983,0x3983,0x3163,0x3142,0x3142,0x3183,0x3983,0x3983,0x3183,0x3183,0x3163,0x3983,
0x3983,0x3983,0x3983,0x3962,0x3963,0x3983,0x3983,0x3183,0x3183,0x3183,0x39a4,0x41e5,
0x4a06,0x4a26,0x4a05,0x41e5,0x41c4,0x3183,0x4184,0x7aa7,0x9b49,0x9b69,0xa36a,0xabaa,
0xabaa,0xb3cb,0xb3aa,0xb3eb,0xbbeb,0xbbeb,0xbc2c,0xbc2c,0xc42c,0xc42d,0xcc6d,0xcc4d,
0xcc4d,0xcc4d,0xcc4d,0xcc4d,0xd46d,0xd42d,0xdcad,0xe4ad,0xecad,0xecee,0xecee,0xecee,
0xecee,0xecee,0xf54f,0xf54f,0xf54f,0xf54f,0xed2f,0xed0e,0xecce,0xe4ae,0xdcad,0xd46d,
0xcc4c,0xbbeb,0xb3ca,0xa36a,0x9b29,0x9309,0x9b49,0xa349,0xbbcb,0xd46d,0xe4ad,0xecce,
0xed0e,0xf54f,0xfdd1,0xfdd1,0xfdd1,0xfdd1,0xfdd1,0xfd70,0xfe2c,0xff4b,0xff6b,0xff4b,
0xff8c,0xff4b,0xff4b,0xff4b,0xff4b,0xff4b,0xff4b,0xff4b,0xff4b,0xff4b,0xff4b,0xff4b,
0xff4b,0xff4b,0xff4b,0xff4b,0xfecb,0xff4b,0xff2b,0xff2b,0xff2b,0xff2b,0xff2b,0xff2b,
0xff2b,0xfeeb,0xfecb,0xfeeb,0xff0b,0xff0b,0xfecb,0xfecb,0xfeeb,0xfecb,0xfecb,0xfecb,
0xfeab,0xfeab,0xfeab,0xfeab,0xfeab,0xfeab,0xfeab,0xfeab,0xfeab,0xfeab,0xfeab,0xfeab,
0xfeab,0xfeab,0xfeab,0xfe4b,0xfe6b,0xfe8b,0xedeb,0xb468,0x7b05,0x41c4,0x2942,0x20e2,
0x28e2,0x20e1,0x28e2,0x28e1,0x2902,0x3142,0x3143,0x3163,0x3142,0x3142,0x3983,0x39a4,
0x4a25,0x5246,0x5a87,0x5a67,0x5266,0x5a66,0x5a46,0x5a66,0x5a46,0x5225,0x4a05,0x41a4,
0x3983,0x3963,0x3963,0x3163,0x3163,0x0000,0x0000,0x0000,0x0000,0x0000,0x0000,0x0000,
0x0000,0x0000,0x0000,0x0000,0x0000,0x0000,0x0000,0x2123,0x2144,0x2964,0x39e5,0x4a27,
0x5a47,0x5a87,0x5a88,0x6288,0x62c8,0x62c8,0x62c8,0x62c8,0x62c8,0x62a8,0x5a87,0x5a87,
0x6287,0x5267,0x41e6,0x3185,0x2964,0x39a5,0x4206,0x5246,0x5246,0x4a06,0x41e5,0x41c5,
0x3984,0x3164,0x3164,0x3164,0x39a4,0x41c5,0x41e5,0x41e5,0x39c5,0x3984,0x3983,0x3183,
0x3183,0x3183,0x3163,0x3142,0x3183,0x3183,0x3983,0x3183,0x3163,0x2942,0x2942,0x3163,
0x3163,0x3983,0x3163,0x3163,0x3163,0x3163,0x3183,0x3183,0x3142,0x2942,0x3183,0x39c4,
0x4a05,0x4a05,0x41e5,0x39c4,0x39a3,0x3183,0x3163,0x6a26,0x8ae8,0x9b49,0xa369,0xabaa,
0xb3aa,0xb3eb,0xb3cb,0xb3eb,0xb3eb,0xbbeb,0xbc0c,0xc42c,0xc42c,0xc46c,0xcc6d,0xcc6d,
0xcc6d,0xcc4d,0xcc6d,0xcc4c,0xcc4d,0xd46d,0xd46d,0xdcae,0xecce,0xecce,0xecee,0xed0e,
0xecee,0xecee,0xf54f,0xf54f,0xf54f,0xf54f,0xf54f,0xed0f,0xecee,0xecce,0xdcad,0xd46d,
0xcc2c,0xbbeb,0xb3ca,0xab6a,0xab69,0xab69,0xb3aa,0xbbeb,0xd44c,0xecee,0xf54f,0xf54f,
0xf54f,0xfdd1,0xfdd1,0xfdd1,0xfdd1,0xfdd1,0xfdd1,0xfd6f,0xff0b,0xff8c,0xff4b,0xff4b,
0xff4b,0xff4b,0xff4b,0xff4b,0xff4b,0xff4b,0xff4b,0xff4b,0xff4b,0xff4b,0xff4b,0xff4b,
0xff4b,0xff4b,0xfeeb,0xff2b,0xff4b,0xff0b,0xff2b,0xff4b,0xff0b,0xfeeb,0xfeeb,0xfeeb,
0xfeeb,0xff0b,0xff0b,0xfeeb,0xfeab,0xfecb,0xfecb,0xfeab,0xfeab,0xfeab,0xfeab,0xfeab,
0xfeab,0xfeab,0xfeab,0xfeab,0xfeab,0xfeab,0xfeab,0xfeab,0xfeab,0xfeab,0xfeab,0xfeab,
0xfeab,0xfe8b,0xfe6b,0xfe6b,0xfeab,0xfe0b,0xe5eb,0xc4c8,0x7b26,0x49c3,0x2942,0x2902,
0x20e2,0x20e2,0x20e1,0x28e1,0x2922,0x3142,0x3163,0x3183,0x3163,0x3963,0x3983,0x39a4,
0x4a05,0x5246,0x5267,0x5a66,0x5a66,0x5a66,0x62a6,0x6aa8,0x62a6,0x5a66,0x49e5,0x49e4,
0x41a4,0x39a3,0x3163,0x3163,0x3163,0x0000,0x0000,0x0000,0x0000,0x0000,0x0000,0x0000,
0x0000,0x0000,0x0000,0x0000,0x0000,0x0000,0x0000,0x2963,0x2964,0x3185,0x5267,0x72e9,
0x834a,0x834a,0x7b2a,0x836a,0x836a,0x8bab,0x8bab,0x8bab,0x836a,0x7b6c,0x836a,0x7b6c,
0x836b,0x7b2a,0x62a7,0x4a06,0x41c6,0x4a26,0x6ac8,0x6b0a,0x7b29,0x72e9,0x6ae8,0x6ae8,
0x5a87,0x5a47,0x5247,0x5a47,0x5a47,0x5a87,0x5a87,0x5247,0x4a05,0x39c4,0x3163,0x3983,
0x3183,0x3983,0x3183,0x3983,0x3983,0x3983,0x3983,0x3183,0x3143,0x2942,0x2942,0x3142,
0x3163,0x3163,0x3183,0x3163,0x3142,0x3143,0x3183,0x3982,0x3163,0x3142,0x3163,0x3984,
0x41c5,0x41c5,0x39c5,0x39a3,0x3183,0x3183,0x3163,0x4183,0x82a7,0x9b29,0x9b69,0xab6a,
0xabaa,0xabaa,0xb3eb,0xb3cb,0xb3eb,0xbc2c,0xbc0b,0xbc2c,0xc44c,0xc44c,0xcc6d,0xcc6d,
0xcc6d,0xcc6d,0xd42d,0xcc6d,0xcc4d,0xcc6d,0xd46d,0xd46d,0xdcae,0xecad,0xecee,0xecee,
0xecee,0xf52f,0xed0e,0xf54f,0xf54f,0xf54f,0xf54f,0xf54f,0xf54f,0xecce,0xe4ad,0xd46d,
0xcc4c,0xbbeb,0xb3eb,0xb3aa,0xb3ea,0xbbeb,0xcc0c,0xdc8d,0xecee,0xf54f,0xf58f,0xf68f,
0xf650,0xfdd1,0xf632,0xfdd1,0xfdd1,0xfdd1,0xfdd1,0xe56d,0xdccd,0xff4c,0xffcc,0xffcc,
0xff8c,0xff4b,0xff4b,0xff4b,0xff4b,0xff4b,0xff4b,0xff4b,0xff4b,0xff4b,0xff4b,0xff4b,
0xff4b,0xfecb,0xfecb,0xff4b,0xfeab,0xfeeb,0xff4b,0xff4b,0xfeeb,0xfeab,0xff4b,0xfecb,
0xfecb,0xff0b,0xfeab,0xfeab,0xff2b,0xfeab,0xfeab,0xff4b,0xfeab,0xfeab,0xfeab,0xfeab,
0xfeab,0xfeab,0xfeab,0xfeab,0xfeab,0xfeab,0xfeab,0xfeab,0xfeab,0xfeab,0xfeab,0xfe4b,
0xfeab,0xfeab,0xfe2b,0xfeab,0xfe6b,0xfeab,0xedcb,0xc4c9,0x8366,0x49c4,0x2942,0x2902,
0x2941,0x2902,0x28e1,0x28e1,0x2922,0x3142,0x3142,0x3183,0x3942,0x3982,0x3982,0x39a3,
0x41e5,0x4a06,0x5287,0x5a67,0x62a7,0x6aa8,0x7b26,0x7307,0x6aa7,0x6266,0x5246,0x49e5,
0x49e4,0x39a4,0x3163,0x3163,0x2923,0x0000,0x0000,0x0000,0x0000,0x0000,0x0000,0x0000,
0x0000,0x0000,0x0000,0x0000,0x0000,0x0000,0x0000,0x39c5,0x3185,0x39a5,0x5267,0x7b4a,
0x8b8b,0x93cc,0x8bab,0x8bab,0x8bac,0x93ec,0x93ec,0x93cc,0x8bab,0x8bac,0x8bab,0x93cc,
0x93cc,0x7b6c,0x6ae9,0x4a48,0x41e7,0x5a67,0x6b0a,0x8b8b,0x93cc,0x8bac,0x8b8b,0x7b6b,
0x7b4a,0x7309,0x6b09,0x6ae8,0x6aea,0x6ae9,0x6ae8,0x5a87,0x4a06,0x39a4,0x3163,0x3183,
0x3163,0x3983,0x3983,0x3983,0x3983,0x3983,0x3983,0x3183,0x3163,0x2902,0x2922,0x2942,
0x2942,0x3143,0x3142,0x3163,0x3163,0x3162,0x3183,0x3983,0x3183,0x3142,0x3163,0x3983,
0x39c4,0x39c4,0x39c3,0x3183,0x3142,0x3143,0x3163,0x3183,0x6226,0x9308,0x9b29,0xa369,
0xab6a,0xabaa,0xabaa,0xb3ca,0xb3eb,0xbbeb,0xbc2c,0xc42c,0xc42c,0xc42c,0xcc6c,0xcc6d,
0xcc6d,0xcc6d,0xcc6d,0xcc6d,0xcc4d,0xcc4c,0xd44c,0xd46d,0xdc8d,0xecad,0xecad,0xecce,
0xecee,0xecee,0xecee,0xecee,0xed0e,0xf50f,0xf52f,0xf52f,0xecee,0xecce,0xdcad,0xd46c,
0xcc2c,0xbbeb,0xc40b,0xc40b,0xc40b,0xd44c,0xe4ce,0xecee,0xe4ad,0xdcab,0xd48b,0xd46b,
0xed8b,0xff0d,0xfdf0,0xfdd1,0xfdd1,0xfdd1,0xfdd1,0xc44b,0xbc0b,0xc42a,0xf5cc,0xff6c,
0xffcc,0xff8c,0xff4b,0xff4b,0xff4b,0xff4b,0xff4b,0xff0b,0xff2b,0xff4b,0xff0b,0xfeeb,
0xff2b,0xff0b,0xff0b,0xff2b,0xff4b,0xff2b,0xff0b,0xff0b,0xff0b,0xfeab,0xfeeb,0xfeeb,
0xfecb,0xff0b,0xfeab,0xfecb,0xfeab,0xfeab,0xfecb,0xfeab,0xfeab,0xfeab,0xfeab,0xfeab,
0xfeab,0xfeab,0xfeab,0xfeab,0xfeab,0xfeab,0xfeab,0xfeab,0xfe6b,0xfeab,0xfe6b,0xfeab,
0xfe6b,0xfe8b,0xfe6b,0xfe2b,0xfe6b,0xfe4b,0xedcb,0xcd47,0x8b86,0x5203,0x3142,0x2922,
0x2902,0x2922,0x28e1,0x28e1,0x2922,0x3142,0x3142,0x3143,0x3142,0x3142,0x3162,0x3983,
0x39c4,0x4a06,0x5287,0x5aa7,0x6aa8,0x72e8,0x7b29,0x7309,0x6ae8,0x5a87,0x5246,0x4a25,
0x49e5,0x41c4,0x39a4,0x3183,0x2963,0x0000,0x0000,0x0000,0x0000,0x0000,0x0000,0x0000,
0x0000,0x0000,0x0000,0x0000,0x0000,0x0000,0x0000,0x5226,0x41e5,0x39c6,0x5267,0x7b2b,
0x93cc,0x93ec,0x8bab,0x8bab,0x8bab,0x93ec,0x93ed,0x93ec,0x93ec,0x93cc,0x93ec,0x93ec,
0x8c0e,0x8bab,0x732b,0x5268,0x4a07,0x5268,0x734c,0x838b,0x93ec,0x93ed,0x93ec,0x8bcc,
0x8b8b,0x736c,0x7b29,0x7b29,0x7b29,0x6ae9,0x630b,0x5a67,0x4a05,0x3984,0x3183,0x3143,
0x3983,0x3983,0x3983,0x3983,0x3983,0x3983,0x3983,0x3983,0x3143,0x2942,0x2922,0x2942,
0x2942,0x2942,0x2942,0x3142,0x3183,0x3183,0x3983,0x3983,0x3983,0x3982,0x3142,0x3183,
0x3983,0x39c4,0x3983,0x3183,0x3143,0x3142,0x3183,0x3982,0x49c4,0x82a7,0x9329,0x9b49,
0xa349,0xabaa,0xabaa,0xabaa,0xb3eb,0xbbeb,0xbc0b,0xbc2c,0xc42c,0xc46c,0xc42c,0xcc6d,
0xcc6d,0xcc6d,0xcc6d,0xcc6d,0xcc6d,0xcc4c,0xcc4c,0xd44d,0xd46d,0xdcad,0xe4ad,0xecad,
0xecad,0xe4ad,0xecae,0xecee,0xecee,0xecee,0xecee,0xecee,0xecee,0xe4ce,0xdc8d,0xcc6c,
0xc42c,0xc42c,0xc42c,0xd46c,0xdcad,0xecee,0xf54f,0xcc4c,0xb3eb,0xb3eb,0xabaa,0xa369,
0x9b29,0xdc6a,0xfdee,0xfdd1,0xfdd1,0xfdd1,0xfd6e,0xc48a,0xcc6d,0xb3eb,0xa369,0xed2b,
0xfe6b,0xff8c,0xff6b,0xff4b,0xff4b,0xff4b,0xff4b,0xff4b,0xff2b,0xff2b,0xff2b,0xff4b,
0xff2b,0xff2b,0xff4b,0xfeeb,0xff2b,0xff0b,0xfeeb,0xfecb,0xff0b,0xff2b,0xff0b,0xfeab,
0xfeab,0xfecb,0xff2b,0xfeab,0xff0b,0xfeab,0xfeab,0xfeab,0xfeab,0xfeab,0xfeab,0xfeab,
0xfeab,0xfeab,0xfeab,0xfeab,0xfeab,0xfeab,0xfeab,0xfe2b,0xfeab,0xfeab,0xfeab,0xfe6b,
0xfe2b,0xfe6b,0xfe6b,0xfe8b,0xfe4b,0xfe8b,0xedcb,0xcd09,0x93c7,0x5a23,0x3142,0x2902,
0x2922,0x2922,0x2902,0x28e1,0x2922,0x3142,0x3142,0x3142,0x3142,0x3142,0x3142,0x3163,
0x3984,0x4a05,0x5286,0x5aa8,0x6ac8,0x72e9,0x7388,0x7309,0x6ac8,0x5a87,0x5246,0x4a25,
0x4a25,0x41e5,0x41c4,0x39a4,0x2963,0x0000,0x0000,0x0000,0x0000,0x0000,0x0000,0x0000,
0x0000,0x0000,0x0000,0x0000,0x0000,0x0000,0x0000,0x6287,0x49e6,0x39e6,0x5267,0x732b,
0x8bac,0x93ec,0x8bab,0x8bab,0x93cc,0x93ed,0x9c0d,0x9c0d,0x93ed,0x93ec,0x93ec,0x93ec,
0x9c0d,0x8bab,0x7b2a,0x5268,0x4a06,0x5268,0x6b0a,0x8bac,0x93ec,0x93ed,0x93ed,0x8bcc,
0x7b6c,0x736c,0x7b2a,0x6b0b,0x6b0b,0x7309,0x6ae8,0x5267,0x41e5,0x3984,0x3183,0x3183,
0x3983,0x39a3,0x39a3,0x39a3,0x3983,0x3183,0x3143,0x3163,0x3163,0x3142,0x2942,0x2902,
0x2922,0x2902,0x2942,0x2942,0x3163,0x3983,0x39a3,0x41a3,0x39a3,0x3983,0x3142,0x3142,
0x3183,0x39a3,0x41c3,0x39c3,0x3183,0x3162,0x3983,0x41a3,0x41a4,0x6225,0x9308,0x9b29,
0x9b69,0xab8a,0xabaa,0xb3ca,0xabaa,0xb3eb,0xbbeb,0xbc2c,0xc42c,0xc42c,0xc42c,0xcc6c,
0xd46d,0xd46d,0xd46d,0xd46d,0xd46d,0xcc4c,0xcc4c,0xd46c,0xd46d,0xdc8d,0xdcad,0xecad,
0xe4ce,0xdcad,0xdc8d,0xdcad,0xdcad,0xecad,0xecad,0xe4ad,0xdcad,0xdc6d,0xcc6c,0xc42c,
0xcc2b,0xd44c,0xe48d,0xecee,0xf52f,0xfd6f,0xe50f,0xbc0b,0xbc2c,0xbc0c,0xb3cb,0xab8a,
0x9b49,0x7a87,0xdd4a,0xfdd1,0xfdd1,0xfd90,0xfeeb,0xbc6b,0xdcce,0xd48d,0xabaa,0x82e7,
0xd408,0xfd4a,0xff0b,0xff4b,0xff4b,0xff0b,0xff4b,0xfeeb,0xff2b,0xff2b,0xff2b,0xff4b,
0xfecb,0xff2b,0xfeeb,0xff2b,0xfeab,0xfeeb,0xfeeb,0xfeeb,0xfecb,0xfeab,0xfeeb,0xfeab,
0xfeab,0xfecb,0xfeab,0xfeab,0xfeab,0xfeab,0xfeab,0xfeab,0xfeab,0xfeab,0xfeab,0xfeab,
0xfeab,0xfeab,0xfeab,0xfeab,0xfeab,0xfeab,0xfe6b,0xfeab,0xfe6b,0xfeab,0xfeab,0xfe6b,
0xfe2b,0xfe6b,0xfe6b,0xfe6b,0xfe4b,0xfe0b,0xf60b,0xdd6a,0xa3e7,0x6284,0x3982,0x2922,
0x2902,0x2902,0x2922,0x2921,0x2902,0x2942,0x3142,0x3142,0x3102,0x3122,0x2921,0x2922,
0x3163,0x41c4,0x5247,0x52a7,0x5aa8,0x6ae8,0x6ae8,0x6ac8,0x5aa8,0x5a86,0x5267,0x5266,
0x4a46,0x4a25,0x41e4,0x39a4,0x2963,0x0000,0x0000,0x0000,0x0000,0x0000,0x0000,0x0000,
0x0000,0x0000,0x0000,0x0000,0x0000,0x0000,0x0000,0x6ac8,0x5227,0x39c5,0x4a27,0x6ae9,
0x8bab,0x93cc,0x93cc,0x8bac,0x93cc,0x93ed,0x9c2d,0x9c2e,0xa44e,0x9c2e,0x9c2e,0x9c2e,
0x940d,0x93cc,0x732a,0x4a68,0x41e6,0x5247,0x6b0a,0x838b,0x93cc,0x93ed,0x93ec,0x93cc,
0x838c,0x836a,0x7b2a,0x730a,0x6ae9,0x6ae9,0x6287,0x5247,0x41c4,0x3984,0x3983,0x3983,
0x39a3,0x3984,0x39a4,0x3983,0x3983,0x2943,0x2942,0x2942,0x3163,0x3142,0x2942,0x2942,
0x2122,0x2922,0x2922,0x2942,0x3183,0x39a3,0x41c4,0x41c4,0x39a3,0x3982,0x3142,0x3142,
0x3142,0x3183,0x39c3,0x39c3,0x39a3,0x3983,0x39a3,0x41c3,0x49a3,0x51c4,0x82a7,0x9329,
0x9b49,0xa369,0xab8a,0xabaa,0xb3aa,0xb3cb,0xb3eb,0xbc0c,0xc42c,0xc42c,0xc46c,0xcc4c,
0xd46d,0xd46d,0xd46d,0xd46d,0xcc6d,0xcc6c,0xcc4c,0xd46c,0xd44c,0xd46d,0xd46d,0xdcad,
0xe4ad,0xdc8d,0xd46d,0xd46d,0xd46c,0xd48d,0xd46d,0xd46c,0xcc4c,0xc42b,0xcc2b,0xcc2c,
0xd48d,0xecce,0xf50f,0xf54f,0xf54f,0xfdb0,0xc42b,0xc44c,0xd46c,0xcc4c,0xc42c,0xbc0b,
0xabaa,0x82c7,0xab87,0xfdd1,0xfdd1,0xfe2e,0xff8c,0xbc2a,0xe4ee,0xe50e,0xcc4c,0x9b49,
0x7266,0xb345,0xece9,0xfeeb,0xff4b,0xff0b,0xff4b,0xff0b,0xff0b,0xff2b,0xfeeb,0xff0b,
0xff0b,0xfecb,0xff0b,0xfecb,0xff0b,0xfeeb,0xfecb,0xfeab,0xfeeb,0xff0b,0xfeab,0xfeab,
0xfeab,0xfeab,0xfeab,0xfeab,0xfeab,0xfeab,0xfeab,0xfeab,0xfeab,0xfeab,0xfeab,0xfeab,
0xfeab,0xfe8b,0xfeab,0xfeab,0xfe8b,0xfeab,0xfe4b,0xfeab,0xfe4b,0xfe6b,0xfe4b,0xfe6b,
0xfe6b,0xfe4b,0xfe2b,0xfe0b,0xfe6b,0xfe0b,0xfe0b,0xd589,0xac27,0x72c5,0x39a3,0x2942,
0x2922,0x2922,0x2902,0x2902,0x2922,0x2942,0x2942,0x3142,0x3142,0x2901,0x28e1,0x28e2,
0x3143,0x39c4,0x4a26,0x5267,0x5aa8,0x5aa8,0x5aa8,0x5aa8,0x5287,0x5287,0x5a67,0x5266,
0x4a26,0x4a25,0x41e4,0x39a4,0x3163,0x0000,0x0000,0x0000,0x0000,0x0000,0x0000,0x0000,
0x0000,0x0000,0x0000,0x0000,0x0000,0x0000,0x0000,0x6ac8,0x4a26,0x41e6,0x41e6,0x62ea,
0x836b,0x93cc,0x93ec,0x93ec,0x93ec,0x9c2d,0x9c2d,0xa44e,0xa46f,0xac6f,0xac6f,0xa44e,
0x9c0d,0x8bab,0x6ae8,0x4a07,0x39c6,0x5227,0x6ac8,0x7b6b,0x8bab,0x93ec,0x93ed,0x8bcc,
0x8bab,0x738d,0x7b6c,0x7b29,0x7b29,0x6b0a,0x5a87,0x4a26,0x41c4,0x3983,0x3983,0x3983,
0x3983,0x3183,0x3183,0x3983,0x3183,0x2943,0x28e2,0x28e2,0x2942,0x3142,0x3142,0x2942,
0x2942,0x2942,0x2942,0x3163,0x3983,0x39a4,0x41c3,0x41c3,0x3983,0x3982,0x3102,0x2922,
0x2922,0x3163,0x3983,0x39a3,0x41c3,0x41a3,0x41c4,0x49c4,0x51c4,0x49c3,0x6a26,0x8ae8,
0x9329,0xa369,0xa349,0xab8a,0xabaa,0xb3aa,0xb3cb,0xbbeb,0xc42c,0xc42c,0xc42c,0xcc6c,
0xcc6d,0xd48d,0xd46d,0xcc6d,0xd46d,0xd42d,0xd46c,0xcc6c,0xd46d,0xd46d,0xd46d,0xd46d,
0xdcad,0xdc8d,0xd46d,0xcc6c,0xcc2b,0xcc2c,0xcc2b,0xbbeb,0xbbeb,0xc40b,0xcc2c,0xdc8d,
0xecae,0xf52f,0xf54f,0xf54f,0xfd70,0xf590,0xb3cb,0xd48d,0xdcce,0xdcad,0xd48d,0xc46c,
0xbc0b,0x9309,0x7a66,0xedce,0xfdd1,0xfeeb,0xff4b,0xb40a,0xe4ee,0xf54f,0xdcad,0xb3eb,
0x82a7,0x59c5,0x8aa4,0xedcb,0xfeab,0xff4b,0xff2b,0xff0b,0xfeeb,0xfecb,0xfeab,0xff4b,
0xfeeb,0xff2b,0xff2b,0xfeeb,0xfeab,0xfeeb,0xfeab,0xfeab,0xfeab,0xfeab,0xfeab,0xfeab,
0xfeab,0xfeab,0xfeab,0xfeab,0xfeab,0xfeab,0xfeab,0xfeab,0xfeab,0xfeab,0xfeab,0xfeab,
0xfe2b,0xfeab,0xfeab,0xfeab,0xfe4b,0xfe2b,0xfeab,0xfe0b,0xfeab,0xfe8b,0xfe0b,0xfe6b,
0xfeab,0xfe0b,0xfe8b,0xfe8b,0xfe0b,0xfeab,0xfe0b,0xdd8a,0xbc47,0x72c5,0x4183,0x3162,
0x3142,0x2942,0x2942,0x3142,0x2942,0x3142,0x3142,0x3142,0x3102,0x2902,0x28e1,0x28e1,
0x2923,0x3983,0x4206,0x4a26,0x5287,0x5aa8,0x5aa8,0x5aa8,0x5a67,0x5a67,0x5267,0x4a26,
0x4a26,0x41e5,0x41e4,0x39c4,0x3163,0x0000,0x0000,0x0000,0x0000,0x0000,0x0000,0x0000,
0x0000,0x0000,0x0000,0x0000,0x0000,0x0000,0x0000,0x6ae8,0x5267,0x41e5,0x41e6,0x62a8,
0x7b6c,0x93cc,0x93ed,0x9c0d,0x9c0d,0x9c0d,0x9c2d,0xa42e,0xa44e,0xa46e,0xac8f,0xa46e,
0x9c2e,0x8bac,0x62ea,0x4a07,0x39c5,0x41e6,0x62c9,0x7b4a,0x8bab,0x93ec,0x8bee,0x838c,
0x7b8c,0x7b8c,0x836b,0x834a,0x7b29,0x62e9,0x5a67,0x49e6,0x39a3,0x3983,0x3983,0x3183,
0x3163,0x2943,0x3143,0x3143,0x3143,0x2922,0x28e2,0x20e2,0x2902,0x3142,0x2943,0x3142,
0x2943,0x2943,0x3163,0x3183,0x3983,0x39a3,0x39a3,0x31a3,0x3163,0x2942,0x2902,0x28e2,
0x2902,0x2942,0x3183,0x3983,0x41c3,0x41c4,0x49e5,0x5204,0x51e4,0x49c3,0x6225,0x7a87,
0x9329,0x9b49,0xa369,0xa36a,0xabaa,0xabaa,0xb3ca,0xb3eb,0xbc0b,0xc42c,0xc42c,0xcc4c,
0xcc6d,0xdc8d,0xd46d,0xd46d,0xd46d,0xd46c,0xcc4c,0xcc4c,0xcc6c,0xcc4c,0xcc4c,0xd46c,
0xd46d,0xd46d,0xd46d,0xcc6c,0xc40b,0xbbeb,0xb3ca,0xbbeb,0xc40b,0xcc4c,0xd46d,0xe4ad,
0xecce,0xf54f,0xf54f,0xf54f,0xfd6f,0xed4f,0xb3cb,0xdcce,0xed0e,0xed0e,0xe4ce,0xd48d,
0xc42c,0xa36a,0x6a46,0xdccb,0xe60a,0xff0b,0xff4b,0xabea,0xe4ee,0xf54f,0xed0e,0xc44c,
0x9329,0x6a26,0x59c4,0xcc49,0xfeeb,0xff0a,0xfeeb,0xff0b,0xfecb,0xff0b,0xfeeb,0xff0b,
0xfeeb,0xfecb,0xfeab,0xfeeb,0xfeab,0xfecb,0xfeab,0xfeeb,0xfeab,0xfeab,0xfeab,0xfeab,
0xfeab,0xfeab,0xfeab,0xfeab,0xfeab,0xfeab,0xfe6b,0xfe4b,0xfe8b,0xfeab,0xfe6b,0xfe8b,
0xfeab,0xfe4b,0xfe6b,0xfe6b,0xfe4b,0xfe4b,0xfe4b,0xfe4b,0xfe2b,0xfe4b,0xfe4b,0xfe2b,
0xfe0b,0xfe2b,0xfe4b,0xfe0b,0xfe2b,0xfe0b,0xfe0b,0xdd8a,0xb468,0x7b05,0x49c3,0x3162,
0x2942,0x2942,0x2922,0x3122,0x3142,0x3162,0x3142,0x3142,0x3142,0x2922,0x28e2,0x2902,
0x3143,0x39a3,0x4206,0x4a26,0x5247,0x5267,0x5287,0x5a87,0x5aa7,0x5287,0x4a26,0x4a06,
0x41e5,0x41e5,0x41e5,0x41c4,0x39a4,0x0000,0x0000,0x0000,0x0000,0x0000,0x0000,0x0000,
0x0000,0x0000,0x0000,0x0000,0x0000,0x0000,0x0000,0x6ae8,0x5a67,0x41e6,0x41e6,0x5a88,
0x7b2a,0x93cc,0x9bed,0x9c2d,0x9c0d,0x93ec,0x93ec,0x93cc,0x9c0d,0x9c2d,0x9c2e,0xa46f,
0x9c0d,0x8b6b,0x6ae8,0x4a07,0x39c5,0x41e6,0x5a87,0x7b29,0x738c,0x8bab,0x8bac,0x8bac,
0x838c,0x8bac,0x7b6b,0x736c,0x72e9,0x62a8,0x5247,0x41c5,0x3983,0x3942,0x3162,0x3142,
0x2942,0x2922,0x2942,0x3143,0x3142,0x2922,0x28e1,0x20e1,0x2902,0x3142,0x3183,0x3183,
0x3183,0x3183,0x3183,0x3163,0x3183,0x3143,0x3142,0x3122,0x2922,0x28e2,0x28e2,0x28e1,
0x28e1,0x2922,0x3142,0x3983,0x4183,0x49c4,0x4a05,0x5204,0x5204,0x5a05,0x7246,0x6a26,
0x82c7,0x9309,0xa349,0xa36a,0xabaa,0xb3aa,0xabaa,0xb3ab,0xbbeb,0xbc2c,0xc42c,0xcc4c,
0xcc6c,0xd46d,0xd46d,0xd46d,0xcc6c,0xcc6c,0xcc6c,0xcc2c,0xcc4c,0xcc2c,0xcc6c,0xcc2c,
0xcc6c,0xd46d,0xd46d,0xcc6c,0xc40b,0xbbeb,0xbbeb,0xcc2b,0xcc6c,0xd46d,0xdcad,0xecad,
0xed0e,0xf54f,0xf54f,0xf54f,0xfd90,0xdcad,0xbc2c,0xe4ee,0xed2f,0xed2f,0xed2f,0xdcce,
0xcc4d,0xabaa,0x7266,0xaba9,0x70e1,0x7940,0x9b44,0xabab,0xe4ee,0xfd4f,0xf52f,0xdcad,
0xab8a,0x7a87,0x6225,0xa348,0xfe8b,0xfeeb,0xfecb,0xfecb,0xff0b,0xfeab,0xfeeb,0xfeab,
0xfecb,0xff0b,0xfeab,0xfeab,0xfeab,0xfeab,0xfeab,0xfeab,0xfeab,0xfeab,0xfeab,0xfeab,
0xfeab,0xfeab,0xfeab,0xfeab,0xfe8b,0xfe6b,0xfeab,0xfeab,0xfe6b,0xfe2b,0xfe4b,0xfe6b,
0xfe8b,0xfe8b,0xfe2b,0xfe4b,0xfe6b,0xfe8b,0xfe0b,0xfe8b,0xfe6b,0xfe2b,0xfe2b,0xfe0b,
0xfe0b,0xfe0b,0xfe0b,0xfe8b,0xfe0b,0xfe8b,0xfe0b,0xe56a,0xb488,0x7b05,0x49c3,0x3163,
0x2942,0x2942,0x2922,0x3142,0x3142,0x3943,0x3983,0x3162,0x3142,0x3122,0x3142,0x3142,
0x3983,0x41c4,0x4a06,0x4a26,0x5247,0x5247,0x5267,0x5267,0x5267,0x4a26,0x4a06,0x39c5,
0x39e5,0x39e5,0x39e5,0x41e5,0x39a4,0x0000,0x0000,0x0000,0x0000,0x0000,0x0000,0x0000,
0x0000,0x0000,0x0000,0x0000,0x0000,0x0000,0x0000,0x6ae8,0x5a67,0x4206,0x41e6,0x5a88,
0x7b2a,0x8bac,0x93ed,0x9c2d,0x93ed,0x93ec,0x93cc,0x8bab,0x8bac,0x93ed,0x9c2e,0x9c2e,
0x93ed,0x7b8c,0x6ae9,0x4a07,0x39c5,0x41e6,0x5a87,0x7b2a,0x7b6c,0x8bab,0x83ac,0x83ac,
0x7b6b,0x836b,0x7b4b,0x7309,0x6ae9,0x5a87,0x4a07,0x39a4,0x3942,0x3142,0x3142,0x3142,
0x2922,0x28e2,0x2922,0x2942,0x3143,0x2922,0x2922,0x2922,0x2942,0x3163,0x39a3,0x41a3,
0x39a4,0x3983,0x3183,0x2943,0x2942,0x2902,0x2102,0x20e1,0x2101,0x20e1,0x20e2,0x28e2,
0x28e2,0x2902,0x2942,0x3163,0x3983,0x41c4,0x4a05,0x5204,0x4a04,0x5a25,0x7a87,0x82a7,
0x6a46,0x82c8,0x9329,0x9b49,0xa349,0xab6a,0xabaa,0xb3aa,0xb3cb,0xbbeb,0xc42c,0xc42c,
0xcc6c,0xd46c,0xd46c,0xd46c,0xcc6c,0xcc2c,0xc42c,0xc42b,0xc40b,0xc42b,0xc42c,0xcc2b,
0xc42c,0xcc2b,0xcc4c,0xcc2c,0xc42b,0xbbeb,0xc40b,0xcc4c,0xd46d,0xdc8d,0xecad,0xecce,
0xecee,0xf54f,0xf54f,0xf54f,0xf54f,0xbbeb,0xc44c,0xe4ee,0xf54f,0xf54f,0xf54f,0xecee,
0xd48d,0xb3aa,0x7ac7,0xa349,0x68e1,0x6060,0x7100,0xb3cb,0xecee,0xfd6f,0xf52f,0xdcad,
0xb3cb,0x82c7,0x7266,0x9b28,0xfe0b,0xfeeb,0xfeab,0xff0b,0xfeab,0xfeab,0xfeab,0xff0b,
0xfeab,0xfeab,0xfeab,0xfeab,0xfeab,0xfeab,0xfeab,0xfeab,0xfeab,0xfeab,0xfeab,0xfeab,
0xfeab,0xfeab,0xfe2b,0xfe8b,0xfeab,0xfe8b,0xfe4b,0xfeab,0xfe6b,0xfeab,0xfe2b,0xfe6b,
0xfe8b,0xfe8b,0xfe4b,0xfe4b,0xfe6b,0xfe0b,0xfe2b,0xfe6b,0xfe0b,0xfe0b,0xfe0b,0xfe2b,
0xfe8b,0xfe0b,0xfe0b,0xfe0b,0xfe0b,0xfe0b,0xfe0b,0xe58b,0xbc88,0x8305,0x5204,0x3963,
0x2942,0x2902,0x2922,0x3142,0x3142,0x3983,0x3983,0x3163,0x3142,0x3142,0x3142,0x3162,
0x3983,0x41c4,0x4a26,0x4a26,0x4a26,0x4a26,0x4a26,0x4a26,0x4a26,0x41e6,0x39c5,0x31a4,
0x31a4,0x39a4,0x39c5,0x39e4,0x39a4,0x0000,0x0000,0x0000,0x0000,0x0000,0x0000,0x0000,
0x0000,0x0000,0x0000,0x0000,0x0000,0x0000,0x0000,0x6ac8,0x5a67,0x41e6,0x41e6,0x5287,
0x6b0a,0x838b,0x8bcc,0x93ec,0x93ec,0x93ec,0x93cc,0x8bcc,0x8bac,0x93cc,0x93ed,0x8c0e,
0x93ec,0x8bab,0x62ea,0x4a07,0x39c6,0x41e6,0x62a8,0x6b2b,0x7b6b,0x7b6c,0x7b6c,0x7b6c,
0x7b6c,0x7b29,0x732b,0x6ae8,0x62a8,0x5a87,0x4a06,0x3984,0x3142,0x2902,0x2922,0x2902,
0x2922,0x2902,0x2902,0x2942,0x3142,0x3142,0x3142,0x3142,0x3163,0x3983,0x39a4,0x41c4,
0x41c4,0x39a3,0x3143,0x2922,0x28e2,0x20e2,0x18e1,0x18e2,0x18e1,0x18e1,0x28e2,0x2902,
0x2902,0x28e2,0x2922,0x3142,0x3983,0x41c4,0x49c5,0x5204,0x49e5,0x6a46,0x7aa7,0x8ae8,
0x82c8,0x6a26,0x82c7,0x9308,0x9b49,0xa349,0xa349,0xab8a,0xabaa,0xb3ca,0xbbeb,0xc3eb,
0xc42b,0xcc4c,0xd46c,0xcc6c,0xcc2c,0xc42b,0xc40b,0xbbeb,0xbbeb,0xbbeb,0xbbeb,0xbbeb,
0xbbeb,0xc40b,0xc40b,0xc40b,0xc3eb,0xbbeb,0xc42c,0xcc2c,0xd46d,0xdc8d,0xdcad,0xecce,
0xecce,0xf54f,0xfd4e,0xf54f,0xf52f,0xa369,0xcc8d,0xed0f,0xf54f,0xfd90,0xf54f,0xed2f,
0xd4ad,0xb3eb,0x8ae8,0x9b28,0x71c2,0x5040,0x7100,0xb3eb,0xed0e,0xfd90,0xf52f,0xdc8d,
0xb3ab,0x8ac8,0x82a7,0xa369,0xf5ab,0xfecb,0xff0b,0xfeab,0xfeab,0xfeab,0xfeab,0xfeab,
0xfeab,0xfeab,0xfeab,0xfeab,0xfeab,0xfeab,0xfeab,0xfeab,0xfeab,0xfeab,0xfe8b,0xfe8b,
0xfe8b,0xfe4b,0xfeab,0xfe4b,0xfe6b,0xfe6b,0xfe8b,0xfe4b,0xfe4b,0xfe0b,0xfe6b,0xfe2b,
0xfe4b,0xfe2b,0xfe0b,0xfe0b,0xfe2b,0xfe6b,0xfe4b,0xfe0b,0xfe0b,0xfe0b,0xfe0b,0xfe0b,
0xfe0b,0xfe0b,0xfe0b,0xfe0b,0xfe0b,0xfe0b,0xfe0b,0xe54a,0xbc88,0x8346,0x4a05,0x3962,
0x3142,0x3142,0x2922,0x2902,0x3142,0x3983,0x3163,0x3142,0x2942,0x2922,0x3142,0x3142,
0x3983,0x41c4,0x4a05,0x4a06,0x4a06,0x4a06,0x4a06,0x41e6,0x41c5,0x39a4,0x3164,0x3164,
0x3184,0x31a4,0x39a4,0x39a4,0x39a4,0x0000,0x0000,0x0000,0x0000,0x0000,0x0000,0x0000,
0x0000,0x0000,0x0000,0x0000,0x0000,0x0000,0x0000,0x5aa8,0x5267,0x41e6,0x39e6,0x4a48,
0x62a8,0x6b0b,0x836b,0x738d,0x8bab,0x8bac,0x93ec,0x93ed,0x93ed,0x93ec,0x93ed,0x93cc,
0x93ed,0x8bac,0x6ae8,0x4a07,0x39c6,0x39e6,0x5a87,0x6aea,0x7b2a,0x738d,0x736c,0x736c,
0x6b2a,0x7b29,0x6ae9,0x6ae9,0x5aa8,0x5a87,0x4a06,0x39a4,0x3122,0x28e2,0x28e1,0x2902,
0x2922,0x2902,0x2942,0x2943,0x3142,0x3142,0x3962,0x3963,0x3983,0x4183,0x39a3,0x41c3,
0x39a3,0x3183,0x3142,0x2902,0x20e3,0x18e3,0x18e3,0x18e2,0x18e2,0x10c2,0x20e2,0x2902,
0x2902,0x3122,0x3122,0x3142,0x3983,0x41a3,0x41c4,0x41c5,0x41e5,0x7aa7,0x8ac7,0x8b29,
0x9329,0x7a87,0x6a46,0x82a7,0x8ae8,0x9329,0x9b69,0x9b69,0xa369,0xab69,0xb3aa,0xbbea,
0xbbeb,0xc42c,0xcc2c,0xcc6c,0xc42b,0xcc2b,0xc42b,0xbbeb,0xb3ea,0xb3aa,0xb3aa,0xb3ca,
0xb3aa,0xb3aa,0xb3aa,0xb3aa,0xb3ca,0xbbeb,0xcc2b,0xd44c,0xd46d,0xdc8d,0xdcad,0xecad,
0xed0e,0xf54f,0xf54f,0xf54f,0xd48d,0xa38a,0xd48d,0xf52f,0xf54f,0xfd70,0xf54f,0xed2f,
0xd4ae,0xb3eb,0x9308,0xa369,0x8aa5,0x4020,0x5121,0xbbeb,0xed2f,0xfdb0,0xf54f,0xdcad,
0xb3eb,0x9309,0x9308,0xb3ab,0xf56b,0xfeab,0xfeab,0xfeab,0xfeab,0xfeab,0xfeab,0xfeab,
0xfeab,0xfeab,0xfeab,0xfeab,0xfeab,0xfeab,0xfeab,0xfeab,0xfeab,0xfe0b,0xfeab,0xfe8b,
0xfe8b,0xfe4b,0xfe0b,0xfe4b,0xfe8b,0xfe8b,0xfe0b,0xfe0b,0xfe4b,0xfeab,0xfe2b,0xfe6b,
0xfe0b,0xfe0b,0xfe0b,0xfe0b,0xfe0b,0xfe0b,0xfe0b,0xfe0b,0xfe0b,0xfe0b,0xfe0b,0xfe0b,
0xfe0b,0xfe0b,0xfe0b,0xfe0b,0xfe0b,0xfe0b,0xfe0b,0xe54a,0xbc88,0x7b05,0x49c3,0x3982,
0x3142,0x3142,0x3142,0x3142,0x3142,0x3982,0x3143,0x2942,0x2902,0x2922,0x2901,0x2942,
0x3143,0x3984,0x39e5,0x39e5,0x39e5,0x39e5,0x41e5,0x39c5,0x31a4,0x2963,0x2923,0x2923,
0x2963,0x31a4,0x39c4,0x41e5,0x41c4,0x0000,0x0000,0x0000,0x0000,0x0000,0x0000,0x0000,
0x0000,0x0000,0x0000,0x0000,0x0000,0x0000,0x0000,0x4a27,0x4207,0x39a6,0x31a5,0x39c6,
0x4a27,0x5268,0x5aa9,0x6ae9,0x734b,0x734b,0x738d,0x83ac,0x8bcd,0x93ed,0x838c,0x7b8d,
0x8bac,0x7b4b,0x5aca,0x4207,0x3185,0x31a6,0x4228,0x5289,0x62c9,0x62ea,0x62c9,0x62c9,
0x62c9,0x62c9,0x5ac9,0x5288,0x5288,0x5247,0x41e6,0x3984,0x2922,0x28e1,0x2902,0x2922,
0x2942,0x3142,0x3142,0x3143,0x3163,0x3163,0x3983,0x39a3,0x41a3,0x39a3,0x3983,0x3983,
0x3183,0x3143,0x3162,0x49a2,0x7a81,0x9ae0,0xb340,0xb360,0xcb41,0xb2e2,0x7241,0x3142,
0x3122,0x3142,0x3142,0x3143,0x3963,0x3983,0x41c4,0x41e5,0x5205,0x8ac8,0x8ae8,0x9b29,
0x9b69,0x9b49,0x7266,0x6a26,0x82a7,0x8aa7,0x9309,0x9329,0x9b29,0xa369,0xa369,0xab8a,
0xb3ca,0xbbeb,0xc40b,0xcc2b,0xcc2c,0xc40b,0xc3eb,0xbbea,0xb3ca,0xb3aa,0xabaa,0xab8a,
0xab8a,0xabaa,0xb3aa,0xb3ea,0xbbeb,0xc40b,0xcc2b,0xcc6c,0xd46d,0xdc8d,0xecad,0xecee,
0xed0e,0xfd4d,0xf54f,0xf54f,0xbc0b,0xbc0c,0xdcce,0xf52f,0xfd90,0xfd70,0xf54f,0xed0e,
0xd4ad,0xbc0b,0x9b29,0xa38a,0xaba8,0x4020,0x5122,0xbc0c,0xed4f,0xfd4f,0xf52f,0xdcad,
0xb3cb,0x9309,0xa369,0xc3eb,0xecee,0xe508,0xfe6b,0xfecb,0xfeab,0xfeab,0xfeab,0xfeab,
0xfeab,0xfeab,0xfeab,0xfe8b,0xfe6b,0xfe6b,0xfe8b,0xfe6b,0xfe8b,0xfe4b,0xfe6b,0xfe6b,
0xfe6b,0xfe4b,0xfe4b,0xfe6b,0xfe0b,0xfe6b,0xfe2b,0xfe4b,0xfe2b,0xfe0b,0xfe4b,0xfe0b,
0xfe4b,0xfe2b,0xfe0b,0xfe0b,0xfe0b,0xfe0b,0xfe0b,0xfe0b,0xfe0b,0xfe0b,0xfe0b,0xfe0b,
0xfe0b,0xfe0b,0xfe0b,0xfe0b,0xfdeb,0xfdcb,0xfdab,0xe54a,0xbc47,0x8305,0x49c3,0x3163,
0x3163,0x3142,0x3142,0x3142,0x3142,0x3183,0x3142,0x2922,0x28e1,0x28e1,0x2902,0x2902,
0x3143,0x3983,0x39a4,0x39c4,0x39c5,0x41e5,0x39e5,0x39a5,0x3164,0x2923,0x2123,0x2923,
0x2963,0x31a4,0x41c5,0x4a06,0x4a05,0x0000,0x0000,0x0000,0x0000,0x0000,0x0000,0x0000,
0x0000,0x0000,0x0000,0x0000,0x0000,0x0000,0x0000,0x3185,0x3185,0x2944,0x2144,0x2944,
0x3185,0x3985,0x39c6,0x4a07,0x4a48,0x5a88,0x6ae9,0x632b,0x736d,0x736d,0x736d,0x632b,
0x62ea,0x5268,0x4228,0x31c5,0x2184,0x2184,0x2985,0x39e6,0x4207,0x4207,0x4207,0x4207,
0x4a28,0x4a48,0x4a07,0x4a07,0x4207,0x41c6,0x39c4,0x3143,0x3142,0x3142,0x3142,0x3142,
0x3142,0x3142,0x3143,0x3183,0x3983,0x3983,0x4183,0x41a3,0x3983,0x3983,0x3983,0x3183,
0x3183,0x6a21,0xab40,0xc3a0,0xbba0,0xc3a0,0xbba0,0xbba0,0xc3a0,0xf381,0xf381,0xbb61,
0x3962,0x3142,0x3942,0x3142,0x3142,0x3163,0x39a3,0x41c5,0x5a66,0x8ae8,0x9309,0xa36a,
0xabaa,0xa36a,0x9b49,0x6225,0x6a25,0x7a87,0x8aa7,0x8ae8,0x9309,0x9309,0x9329,0xa349,
0xa36a,0xb3ca,0xbbeb,0xbbeb,0xc42b,0xbbeb,0xbbeb,0xb3aa,0xb3aa,0xabaa,0xabaa,0xabaa,
0xab69,0xab8a,0xabaa,0xb3ea,0xbbeb,0xc42b,0xcc2c,0xd44c,0xd46d,0xdc8d,0xe4ad,0xe4ad,
0xecad,0xecad,0xecad,0xf52f,0xab8a,0xcc6c,0xecee,0xf54f,0xf54f,0xf54f,0xf54f,0xed0e,
0xd4ae,0xbc2c,0xa38a,0xab8a,0xc40b,0x4060,0x5101,0xbbeb,0xf54f,0xfd90,0xf52f,0xcc6d,
0xb3aa,0x9b29,0xabcb,0xcc2b,0xf52e,0xf384,0xdaa1,0xed49,0xfe8b,0xfeab,0xfeab,0xfeab,
0xfe8b,0xfe4b,0xfeab,0xfeab,0xfe8b,0xfe6b,0xfe2b,0xfe2b,0xfe6b,0xfe8b,0xfe6b,0xfe2b,
0xfe2b,0xfe6b,0xfe8b,0xfe0b,0xfe8b,0xfe0b,0xfe4b,0xfe0b,0xfe0b,0xfe0b,0xfe0b,0xfe0b,
0xfe0b,0xfe0b,0xfe0b,0xfe0b,0xfe0b,0xfe0b,0xfe0b,0xfe0b,0xfe0b,0xfe0b,0xfe0b,0xfe0b,
0xfe0b,0xfdeb,0xfdab,0xfdab,0xfdcb,0xfe0b,0xfdab,0xe54a,0xbc88,0x7ae6,0x49c3,0x3983,
0x3943,0x3983,0x3142,0x3142,0x3142,0x3142,0x3142,0x2922,0x28e1,0x28e1,0x28e1,0x2922,
0x3143,0x3983,0x39c4,0x41e5,0x41e5,0x39e5,0x39e5,0x39c5,0x3164,0x2923,0x2923,0x2943,
0x3163,0x39e4,0x4a06,0x5266,0x5266,0x0000,0x0000,0x0000,0x0000,0x0000,0x0000,0x0000,
0x0000,0x0000,0x0000,0x0000,0x0000,0x0000,0x0000,0x2124,0x2124,0x1903,0x1903,0x1903,
0x1903,0x2103,0x2124,0x2944,0x3185,0x39c6,0x4207,0x4a48,0x52a9,0x5289,0x5288,0x4a48,
0x39e7,0x39a6,0x3165,0x2144,0x2103,0x1903,0x2103,0x2123,0x2144,0x2964,0x2964,0x2964,
0x2964,0x2964,0x2965,0x2964,0x2984,0x2964,0x3143,0x3142,0x3142,0x3142,0x3163,0x3163,
0x3183,0x3163,0x3163,0x3183,0x3983,0x3983,0x41c3,0x41a3,0x39a3,0x3183,0x41a3,0x7a81,
0xab40,0xbba0,0xb380,0xbb00,0xb360,0xab40,0xa320,0xa320,0xab40,0xab40,0xbba0,0xd3a0,
0xb341,0x7241,0x3963,0x2922,0x2902,0x2922,0x3163,0x41c5,0x7287,0x8ae8,0x9b49,0xab8a,
0xabaa,0xabaa,0xa36a,0x9329,0x59e5,0x6a25,0x7a67,0x82c7,0x8ac8,0x8ae8,0x8ae8,0x9308,
0x9b29,0xab69,0xabaa,0xb3ea,0xc3eb,0xc3eb,0xbbeb,0xbbeb,0xb3ea,0xbbcb,0xbbcb,0xbbcb,
0xbbcb,0xb3cb,0xb3ca,0xbbeb,0xbbeb,0xc42b,0xcc2c,0xcc4c,0xd46d,0xd46d,0xdcad,0xe4ce,
0xecee,0xf52f,0xf52f,0xdcad,0xb3cb,0xd4ad,0xed2f,0xf54f,0xfd6f,0xfd6f,0xf54f,0xed0e,
0xdcae,0xc42c,0xa38a,0xb3ca,0xcc2b,0x4060,0x40a0,0xb3eb,0xed2f,0xfd90,0xed0f,0xd48d,
0xcd0b,0xcd0b,0xcc6c,0xd42c,0xed2e,0xfc25,0xfb81,0xeb01,0xe3a4,0xed8a,0xfe8b,0xfeab,
0xfe8b,0xfe4b,0xfe4b,0xfe6b,0xfe6b,0xfe6b,0xfe4b,0xfe4b,0xfe6b,0xfe8b,0xfe0b,0xfe2b,
0xfe0b,0xfe4b,0xfe8b,0xfe0b,0xfe0b,0xfe0b,0xfe0b,0xfe0b,0xfe0b,0xfe0b,0xfe0b,0xfe0b,
0xfe0b,0xfe0b,0xfe0b,0xfe0b,0xfe0b,0xfe0b,0xfe0b,0xfdab,0xfe0b,0xfe0b,0xfdcb,0xfdeb,
0xfe0b,0xfdeb,0xfdcb,0xfdab,0xfdcb,0xfdab,0xfd8b,0xe54a,0xbc29,0x7b05,0x5204,0x3983,
0x3183,0x3183,0x3142,0x3142,0x3142,0x3143,0x2943,0x2922,0x2902,0x28e1,0x2901,0x2922,
0x3163,0x39a3,0x39c5,0x41e5,0x41e5,0x41e5,0x39e5,0x39c5,0x39a4,0x3163,0x3143,0x3163,
0x31a4,0x41e5,0x5246,0x5287,0x5266,0x0000,0x0000,0x0000,0x0000,0x0000,0x0000,0x0000,
0x0000,0x0000,0x0000,0x0000,0x0000,0x0000,0x0000,0x18e3,0x18e3,0x1903,0x18e3,0x18e3,
0x18e3,0x18c2,0x18e3,0x18e3,0x1903,0x2144,0x3185,0x31c6,0x39c6,0x39c6,0x31a6,0x3185,
0x2964,0x2943,0x1923,0x18e3,0x18c2,0x18e2,0x18e3,0x18e3,0x18e3,0x18e3,0x18e3,0x18e2,
0x18e2,0x18e3,0x18e3,0x1903,0x1923,0x2102,0x2942,0x3142,0x3142,0x3983,0x3983,0x3983,
0x3983,0x3983,0x3183,0x3183,0x3183,0x3983,0x3983,0x3183,0x49c3,0x7262,0xab40,0xbb80,
0xab40,0xab40,0xa320,0xa320,0x9b00,0x9b00,0x9b00,0x92c0,0x8aa0,0x8aa0,0x8a80,0x92c0,
0xa300,0xb360,0xab40,0x8aa1,0x4161,0x3101,0x2942,0x41c5,0x8b08,0x9329,0x9b69,0xabca,
0xb3eb,0xb3cb,0xabaa,0xabaa,0xa36a,0x7a87,0x6a46,0x7246,0x8287,0x82a7,0x8ac8,0x8ac8,
0x8ae8,0x9b29,0xa349,0xab8a,0xb3aa,0xb3ca,0xbbca,0xbbeb,0xc3eb,0xc3eb,0xcc2b,0xcc2c,
0xcc2c,0xcc2b,0xcc2c,0xcc2b,0xd46c,0xd46c,0xdc6d,0xdc8d,0xecae,0xecce,0xf52f,0xf54f,
0xf54f,0xf54f,0xf54f,0xbbeb,0xbc2c,0xdcce,0xed2f,0xf54f,0xfd90,0xfd90,0xf54f,0xed2f,
0xdcae,0xc42c,0xab8a,0xb3cb,0xcc2b,0x3060,0x38e1,0xb3cb,0xed2f,0xfd4e,0xed2e,0xdcad,
0xd50c,0xedeb,0xf6cd,0xe58d,0xecee,0xfc86,0xfb81,0xfb81,0xf361,0xe2c1,0xe406,0xfe0a,
0xfe6b,0xfeab,0xfeab,0xfe4b,0xfe4b,0xfe4b,0xfe6b,0xfe6b,0xfe2b,0xfe2b,0xfe4b,0xfe2b,
0xfe2b,0xfe0b,0xfe0b,0xfe0b,0xfe0b,0xfe0b,0xfe0b,0xfe0b,0xfe0b,0xfe0b,0xfe0b,0xfe0b,
0xfe0b,0xfe0b,0xfe0b,0xfe0b,0xfdeb,0xfe0b,0xfdcb,0xfe0b,0xfdcb,0xfdeb,0xfdeb,0xfdeb,
0xfdeb,0xfdab,0xfdeb,0xfdeb,0xfdab,0xfdab,0xfdab,0xe54a,0xbc27,0x8306,0x49c3,0x3963,
0x3142,0x3142,0x3162,0x3142,0x3142,0x3143,0x3163,0x3142,0x2902,0x28e1,0x2902,0x3142,
0x3983,0x3984,0x39c5,0x39a5,0x39c5,0x41e5,0x41e5,0x41e5,0x39a4,0x3984,0x3163,0x3983,
0x41c4,0x4a25,0x5267,0x5aa7,0x4a26,0x0000,0x0000,0x0000,0x0000,0x0000,0x0000,0x0000,
0x0000,0x0000,0x0000,0x0000,0x0000,0x0000,0x0000,0x1903,0x2103,0x2123,0x2103,0x2103,
0x18e3,0x18e3,0x18e2,0x18c2,0x18e3,0x1903,0x2123,0x2964,0x2985,0x2964,0x2985,0x2944,
0x2944,0x2943,0x2943,0x2122,0x2122,0x2122,0x2922,0x2922,0x2922,0x2122,0x2122,0x2122,
0x20e2,0x18e1,0x18e2,0x10c2,0x18e2,0x20e2,0x2902,0x2942,0x3142,0x3983,0x3984,0x39c3,
0x3983,0x3183,0x3143,0x3143,0x3142,0x3142,0x2942,0x6a21,0xab60,0xb360,0xab40,0xb360,
0xa320,0xa320,0xa320,0x92e0,0x92e0,0x8aa0,0x8aa0,0x8a80,0x8260,0x7a40,0x7a40,0x7a40,
0x7a40,0x8260,0x8260,0x7a40,0x6a00,0x61a0,0x59a0,0x59a0,0x7264,0x8aa7,0xa38a,0xbbeb,
0xbc2c,0xbbeb,0xbbeb,0xbc2c,0xc42c,0xbc0c,0xabaa,0x8ac7,0x7a67,0x7a66,0x7aa7,0x8ac7,
0x8ae8,0x8ae8,0x8ae8,0x9b29,0x9b49,0xa369,0xab8a,0xb3aa,0xbbeb,0xc42b,0xcc6c,0xd46c,
0xd46d,0xd46d,0xdcad,0xdcad,0xdcad,0xecad,0xecad,0xecce,0xecee,0xecee,0xfd2c,0xf52f,
0xf54f,0xf54f,0xecee,0xab6a,0xd46d,0xecee,0xf54f,0xf54f,0xfdb0,0xf54f,0xf54f,0xecee,
0xdcae,0xc42c,0xab8a,0xbc0b,0xd46c,0x2840,0x3060,0xb3eb,0xe52b,0xc44c,0xc40b,0xbc2c,
0xab8a,0x82c7,0xe489,0xf60c,0xecee,0xfca6,0xfb81,0xfb81,0xfb81,0xfb81,0xf361,0xe4aa,
0xe5cc,0xe5cc,0xee2d,0xfeeb,0xfeab,0xfe0b,0xfe2b,0xfe2b,0xfe0b,0xfe0b,0xfe0b,0xfe0b,
0xfe0b,0xfe0b,0xfe0b,0xfe0b,0xfe0b,0xfe0b,0xfe0b,0xfe0b,0xfe0b,0xfe0b,0xfe0b,0xfe0b,
0xfe0b,0xfe0b,0xfe0b,0xfdcb,0xfdeb,0xfe0b,0xfdcb,0xfdab,0xfdcb,0xfe0b,0xfdab,0xfdcb,
0xfdeb,0xfdcb,0xfdab,0xfdab,0xfdcb,0xfdab,0xfd8b,0xe54a,0xb448,0x7ac5,0x49c3,0x3162,
0x3142,0x3142,0x3163,0x3183,0x3163,0x3183,0x3983,0x3163,0x3142,0x2902,0x2901,0x3142,
0x3183,0x3983,0x39c4,0x39e4,0x39e5,0x41e5,0x41e6,0x41e5,0x41e5,0x41a4,0x41a4,0x41c4,
0x4a25,0x5a66,0x5a88,0x5a67,0x4206,0x0000,0x0000,0x0000,0x0000,0x0000,0x0000,0x0000,
0x0000,0x0000,0x0000,0x0000,0x0000,0x0000,0x0000,0x3164,0x39a4,0x41c4,0x41c4,0x39a4,
0x3184,0x3164,0x2943,0x2943,0x2943,0x2943,0x2144,0x2164,0x2964,0x2944,0x2944,0x3163,
0x39a4,0x4a04,0x4a04,0x4a04,0x41c4,0x41c4,0x4a04,0x4a05,0x4a05,0x4a04,0x4a04,0x41c4,
0x3983,0x3163,0x2922,0x2902,0x2102,0x2902,0x2902,0x2922,0x3142,0x3983,0x39a3,0x39a3,
0x3983,0x3183,0x3142,0x3142,0x2942,0x51c2,0x92e1,0xb360,0xb360,0xa320,0xa320,0xa320,
0x9b00,0xa2a0,0x92e0,0x92c0,0x8aa0,0x8a80,0x8260,0x8260,0x7a40,0x7a40,0x7a40,0x7a40,
0x7a40,0x7a40,0x7a20,0x7a40,0x7220,0x7220,0x69e0,0x69e0,0x59a0,0x59a0,0x61e1,0x7a64,
0x9327,0xb3aa,0xcc6c,0xd48d,0xd46c,0xd48d,0xd46c,0xbc2c,0xabaa,0x9b29,0x8ac8,0x7ac7,
0x7a67,0x82a7,0x8ac7,0x8ac8,0x8ae8,0x9308,0x9b49,0xab6a,0xabaa,0xbbeb,0xcc2c,0xcc4c,
0xd46c,0xd48d,0xdc8d,0xe4ad,0xe4ad,0xe4ae,0xecce,0xecce,0xecee,0xf50f,0xed0e,0xf50e,
0xecee,0xecee,0xcc2c,0xb3eb,0xdcae,0xed0e,0xf54f,0xf54f,0xfd90,0xf54f,0xf54f,0xecee,
0xdcae,0xc44c,0xabaa,0xd46d,0xdc8d,0x7224,0xb408,0xcc4c,0xbc0b,0xc42c,0xcc6c,0xd48e,
0xc42c,0x9329,0x7224,0xd50a,0xecee,0xe4aa,0xba20,0xdac1,0xe321,0xdba5,0xcc4b,0xc44c,
0xc42c,0xbbeb,0xabaa,0xb42a,0xf60b,0xfe8b,0xfe0b,0xfe0b,0xfe0b,0xfe0b,0xfe0b,0xfe0b,
0xfe0b,0xfe0b,0xfe0b,0xfe0b,0xfe0b,0xfe0b,0xfe0b,0xfe0b,0xfe0b,0xfe0b,0xfdeb,0xfdeb,
0xfe0b,0xfdeb,0xfdcb,0xfdeb,0xfdcb,0xfdcb,0xfdcb,0xfdcb,0xfdcb,0xfdcb,0xfdcb,0xfdab,
0xfdcb,0xfdab,0xfdcb,0xfd8b,0xfdab,0xfd8b,0xf58b,0xe52a,0xb407,0x72a5,0x3983,0x2922,
0x2922,0x3163,0x3163,0x3983,0x3183,0x3983,0x3983,0x3983,0x3142,0x2902,0x2902,0x3122,
0x3163,0x3983,0x39c5,0x41e5,0x4205,0x4a26,0x4a26,0x4a05,0x41e5,0x41c4,0x41e4,0x4a05,
0x5266,0x5aa8,0x5a67,0x5246,0x39c5,0x0000,0x0000,0x0000,0x0000,0x0000,0x0000,0x0000,
0x0000,0x0000,0x0000,0x0000,0x0000,0x0000,0x0000,0x5225,0x62a6,0x6aa8,0x6aa8,0x5a66,
0x5226,0x4a25,0x4a05,0x49e5,0x41e5,0x39a4,0x2963,0x2964,0x2164,0x2144,0x3143,0x39a4,
0x5a45,0x6aa7,0x7aa7,0x7aa7,0x6aa7,0x6aa7,0x6aa7,0x72c8,0x7ac7,0x7ac7,0x72c8,0x6aa7,
0x6285,0x49c5,0x41a4,0x3983,0x3142,0x3142,0x2901,0x28e2,0x3142,0x3163,0x3983,0x39c4,
0x39a3,0x3983,0x3143,0x3162,0x7a60,0xb360,0xab40,0xa320,0xa320,0xa300,0xa300,0x92e0,
0x92e0,0x92e0,0x8aa0,0x8aa0,0x8a80,0x8a80,0x7a40,0x7a40,0x7a40,0x7a40,0x7220,0x7a40,
0x7a40,0x7a40,0x7a40,0x7a40,0x7a40,0x7a40,0x7220,0x7220,0x7220,0x61c0,0x61c0,0x59a0,
0x59a0,0x5180,0x7a44,0xc3eb,0xdcae,0xdcce,0xdcce,0xdcad,0xd44d,0xbbeb,0xab6a,0xa369,
0x9b29,0x82c7,0x7a67,0x82a7,0x8aa7,0x8ac8,0x9308,0x9b29,0xa349,0xb3aa,0xbbeb,0xbbeb,
0xc40b,0xc40b,0xcc4c,0xcc6c,0xd46d,0xd46d,0xdcad,0xe4ad,0xe4ad,0xdcad,0xd46d,0xd46c,
0xd48d,0xecee,0xb3cb,0xc46c,0xe4ce,0xed2f,0xf54f,0xf54f,0xf54f,0xf54f,0xf54f,0xecee,
0xdcae,0xbc2c,0xb3ca,0xeccd,0xdccd,0xc42c,0xbc2c,0xbc2c,0xc42c,0xd4ad,0xdcce,0xecee,
0xd4ae,0xa38a,0x61e5,0x9b46,0xed2e,0xe52b,0x8180,0x99c0,0xaa63,0xb3eb,0xc44c,0xcc6d,
0xdcce,0xd48d,0xc42c,0x9349,0x8aa7,0xf6cb,0xfeab,0xfe0b,0xfe0b,0xfe0b,0xfe0b,0xfe0b,
0xfe0b,0xfe0b,0xfe0b,0xfe0b,0xfe0b,0xfe0b,0xfe0b,0xfe0b,0xfe0b,0xfdab,0xfe0b,0xfe0b,
0xfe0b,0xfdcb,0xfdeb,0xfdeb,0xfdab,0xfd8b,0xfdcb,0xfd8b,0xfdcb,0xfd8b,0xfdeb,0xfd8b,
0xfd8b,0xfdab,0xfd8b,0xfd8b,0xfd8b,0xfd8b,0xfd8b,0xe4aa,0xac08,0x7283,0x3982,0x28e2,
0x3142,0x3162,0x3983,0x3983,0x3183,0x3983,0x3983,0x3983,0x3142,0x2902,0x2921,0x3142,
0x3143,0x3983,0x41e5,0x4a25,0x5266,0x5266,0x5246,0x4a06,0x41e5,0x41c4,0x41e4,0x5205,
0x5266,0x5a66,0x5267,0x4a06,0x39a4,0x0000,0x0000,0x0000,0x0000,0x0000,0x0000,0x0000,
0x0000,0x0000,0x0000,0x0000,0x0000,0x0000,0x0000,0x7309,0x8369,0x8369,0x8369,0x8329,
0x7b29,0x72e9,0x72e8,0x6aa8,0x5a67,0x4a06,0x39a4,0x2944,0x2963,0x2943,0x3983,0x5225,
0x6aa6,0x8328,0x8b89,0x93a8,0x8b89,0x8368,0x8328,0x8369,0x8b89,0x8b89,0x8b89,0x8349,
0x7ac8,0x6287,0x5205,0x49e4,0x41a4,0x3963,0x3142,0x2902,0x2902,0x3142,0x3983,0x39c5,
0x39c4,0x39a4,0x6202,0x92e1,0xab20,0xa320,0xa320,0xa320,0x9ae0,0x9a80,0x92e0,0x92e0,
0x92c0,0x8aa0,0x8aa0,0x8a80,0x8260,0x8260,0x7a40,0x7a40,0x7a40,0x7a40,0x7a40,0x7a40,
0x7a40,0x7a40,0x8280,0x8260,0x8260,0x8260,0x7a40,0x7a40,0x7a40,0x7a40,0x7220,0x6a00,
0x61c0,0x61a0,0x5180,0x4980,0x7244,0xcc4b,0xed0e,0xed0e,0xe4ee,0xe4cd,0xc42c,0xabaa,
0xabaa,0xb3ca,0xabaa,0x9b69,0x9308,0x92e8,0x9308,0x9b29,0x9b49,0xa369,0xab69,0xabaa,
0xabca,0xb3ca,0xbbca,0xbbea,0xbbea,0xbbea,0xc40b,0xcc4c,0xdc6d,0xe4cd,0xed0e,0xf52f,
0xf52f,0xe4ae,0xabcb,0xd48d,0xed0f,0xf54f,0xf54f,0xfd70,0xfd70,0xf54f,0xed2f,0xecee,
0xdcad,0xd44b,0xc42b,0xbc0b,0xbc0c,0xc42c,0xcc4d,0xd48d,0xdcae,0xe4ce,0xed2f,0xf54f,
0xed0e,0xc42c,0x7266,0x8ac7,0xed2d,0xed8e,0x7940,0x7120,0x9b29,0xc40c,0xd48d,0xdcce,
0xe50e,0xed0f,0xdcae,0xbbeb,0x82a7,0xabc8,0xffcc,0xfeab,0xfe0b,0xfe0b,0xfe0b,0xfe0b,
0xfe0b,0xfe0b,0xfdab,0xfe0b,0xfdcb,0xfe0b,0xfe0b,0xfdab,0xfe0b,0xfdcb,0xfe0b,0xfdab,
0xfd8b,0xfdeb,0xfdcb,0xfdcb,0xfdab,0xfdcb,0xfdab,0xfdab,0xfdab,0xfdcb,0xfd8b,0xfdab,
0xfd8b,0xfd8b,0xfd8b,0xfd8b,0xfd8b,0xfd8b,0xf58b,0xe4ca,0xac08,0x6a85,0x3982,0x2902,
0x2942,0x3142,0x3982,0x3983,0x3142,0x3143,0x3163,0x3142,0x3142,0x2942,0x2922,0x3142,
0x3163,0x3983,0x4205,0x5226,0x5267,0x5267,0x4a26,0x41e5,0x39a4,0x39a4,0x41c4,0x4a05,
0x5226,0x5266,0x5246,0x4a06,0x3984,0x0000,0x0000,0x0000,0x0000,0x0000,0x0000,0x0000,
0x0000,0x0000,0x0000,0x0000,0x0000,0x0000,0x0000,0x8b6a,0x9bcb,0x9bcb,0x93cb,0x93cb,
0x8bab,0x8b8a,0x8b6a,0x8349,0x7309,0x5a67,0x41c5,0x2964,0x2923,0x3163,0x49e5,0x6285,
0x7ae7,0x8b49,0x9bc9,0x9bcb,0x9bcb,0x938a,0x8b89,0x9389,0x8ba9,0x9389,0x9389,0x8b49,
0x8329,0x6aa7,0x6266,0x5a25,0x5205,0x41a4,0x3143,0x2922,0x2922,0x3143,0x3984,0x39a5,
0x41e4,0x7262,0xab20,0xa320,0xa300,0xa300,0x92e0,0x9ae0,0x92e0,0x92c0,0x92c0,0x8a80,
0x8a80,0x92c0,0x8280,0x8260,0x7a40,0x7a40,0x7a40,0x7220,0x7220,0x7220,0x7a40,0x7a40,
0x7a40,0x8260,0x8260,0x8260,0x8280,0x8260,0x8280,0x7a40,0x7a40,0x7a40,0x7a40,0x7220,
0x7220,0x6a00,0x69e0,0x59a0,0x5180,0x4940,0xa368,0xed0e,0xf52f,0xed2f,0xe4ce,0xc40c,
0xabaa,0xabaa,0xb3ca,0xbbcb,0xbbeb,0xbbeb,0xbbeb,0xc3ea,0xc42b,0xc42c,0xcc6c,0xcc6c,
0xd46c,0xd46d,0xdcad,0xdcad,0xe4ad,0xdcad,0xe4ad,0xe4ce,0xe4ce,0xe4ad,0xdc8d,0xd48d,
0xd46c,0xabaa,0xbc0c,0xdcce,0xed2f,0xf54f,0xfd90,0xfd4f,0xfd6f,0xf54f,0xed2f,0xe4cd,
0xcc4c,0xbc2c,0xbc2c,0xc42c,0xcc6c,0xd48d,0xe4ce,0xe4ee,0xed0e,0xed2f,0xf54f,0xf54f,
0xf52f,0xcc6d,0x82c7,0x92e8,0xed0e,0xf5ed,0x9b05,0x50e1,0xa36a,0xc44c,0xdcae,0xed0e,
0xed2f,0xf54f,0xed2f,0xcc6d,0x9329,0x7264,0xf68e,0xffac,0xfe6b,0xfe0b,0xfe0b,0xfe0b,
0xfe0b,0xfdcb,0xfdeb,0xfdcb,0xfe0b,0xfdcb,0xfdcb,0xfdeb,0xfdcb,0xfdeb,0xfd8b,0xfdcb,
0xfdeb,0xfdcb,0xfdab,0xfd8b,0xfdcb,0xfd8b,0xfdab,0xfdab,0xfd8b,0xfd8b,0xfd8b,0xfdcb,
0xfd8b,0xfd8b,0xfd8b,0xfd8b,0xfd8b,0xfd8b,0xfd8b,0xe50a,0xac07,0x7265,0x3982,0x2902,
0x2901,0x3122,0x3122,0x2942,0x2922,0x2942,0x3142,0x3142,0x3142,0x3142,0x3142,0x3163,
0x3163,0x3983,0x41e5,0x4a06,0x5246,0x4a06,0x4206,0x39a4,0x3144,0x3143,0x3164,0x41c5,
0x4a05,0x4a26,0x4a26,0x4a06,0x3164,0x0000,0x0000,0x0000,0x0000,0x0000,0x0000,0x0000,
0x0000,0x0000,0x0000,0x0000,0x0000,0x0000,0x0000,0x93cb,0xa3ca,0xa42b,0x93cb,0x9beb,
0x9c2b,0x93cc,0x93cb,0x8b8b,0x7b29,0x6287,0x41e5,0x3184,0x2963,0x41a4,0x5a65,0x7aa6,
0x8b08,0x9329,0x93aa,0x9bc9,0x93aa,0x93aa,0x8b49,0x8b89,0x836a,0x8b49,0x8b89,0x8b49,
0x8329,0x6a87,0x6246,0x6225,0x5a45,0x49e4,0x4183,0x3142,0x3122,0x3143,0x3184,0x41c4,
0x8aa0,0xa320,0x9ae0,0x9ae0,0x92e0,0x92e0,0x92e0,0x8aa0,0x92c0,0x92c0,0x8aa0,0x8a80,
0x8a80,0x8280,0x8280,0x8260,0x7a40,0x7220,0x7a40,0x7220,0x7220,0x7a40,0x7a40,0x7a40,
0x7a40,0x8a80,0x8260,0x8a80,0x8a80,0x8a80,0x8260,0x8a80,0x8a80,0x7a40,0x7a40,0x7a40,
0x7a40,0x7220,0x7220,0x6a00,0x61c0,0x59a0,0x5180,0x6a44,0xd44c,0xfd90,0xfdb0,0xe4ee,
0xbbcb,0xa36a,0xabaa,0xabaa,0xabaa,0xabaa,0xb3ca,0xb3ea,0xb3aa,0xb3ca,0xbbcb,0xbbeb,
0xc3eb,0xc3eb,0xcc2b,0xcc2c,0xcc2c,0xcc2b,0xc40b,0xbbeb,0xbbca,0xbbea,0xb3eb,0xbbea,
0xbbeb,0xabaa,0xcc8d,0xecee,0xf54f,0xfd6f,0xfd4f,0xf54f,0xfd4f,0xf54f,0xd48d,0xbbeb,
0xb40b,0xc42c,0xcc6d,0xdcad,0xdcce,0xe4ce,0xed2f,0xed2f,0xf54f,0xf52f,0xf54f,0xf54f,
0xf52f,0xd48d,0x9308,0xabaa,0xecee,0xed0e,0xcd09,0x3880,0xa36a,0xcc6d,0xdcae,0xed2f,
0xf590,0xf54f,0xf54f,0xdcad,0xa34a,0x7a67,0xf58e,0xf6cf,0xfe8b,0xfe0b,0xfdcb,0xfe0b,
0xfe0b,0xfdeb,0xfdeb,0xfdeb,0xfdab,0xfdab,0xfdcb,0xfdeb,0xfdcb,0xfdab,0xfdeb,0xfd8b,
0xfd8b,0xfdcb,0xfdab,0xfdab,0xfd8b,0xfd8b,0xfd8b,0xfdab,0xfdcb,0xfd8b,0xfd8b,0xfd8b,
0xfd8b,0xfd8b,0xfd8b,0xfd8b,0xfd8b,0xfd8b,0xfd4b,0xe52a,0xac08,0x72a5,0x3982,0x2902,
0x28e2,0x2901,0x28e1,0x2901,0x2901,0x2901,0x2942,0x3142,0x3142,0x3983,0x3942,0x3983,
0x3983,0x3983,0x39c4,0x41e5,0x41e5,0x41e5,0x39a4,0x3164,0x2923,0x2923,0x2963,0x39c4,
0x41e5,0x4a26,0x4a26,0x41e5,0x3164,0x0000,0x0000,0x0000,0x0000,0x0000,0x0000,0x0000,
0x0000,0x0000,0x0000,0x0000,0x0000,0x0000,0x0000,0x9bcb,0x9c0c,0x9bcb,0x9c0c,0x9bec,
0x93ec,0x93ec,0x93cb,0x8bab,0x7b29,0x6287,0x41e5,0x3164,0x3184,0x4a04,0x62a6,0x8328,
0x8b48,0x9389,0x93a9,0x93aa,0x93aa,0x8b89,0x8b49,0x8b49,0x8b49,0x8b49,0x8349,0x8329,
0x7ac8,0x6a87,0x6286,0x6245,0x5a45,0x5205,0x41a3,0x3142,0x3142,0x3163,0x51e2,0x8aa0,
0x9ae0,0x92e0,0x92e0,0x92c0,0x92c0,0x92c0,0x8a80,0x92c0,0x8a80,0x8a80,0x8a80,0x8260,
0x8260,0x7a40,0x7a40,0x7a40,0x7a40,0x7a40,0x7220,0x7220,0x7a40,0x7220,0x7a40,0x7a40,
0x8260,0x8260,0x8260,0x8a80,0x8260,0x8a80,0x8a80,0x8260,0x8280,0x8260,0x8260,0x8260,
0x7a40,0x7a40,0x7a40,0x7220,0x7220,0x69e0,0x59a0,0x4960,0x4961,0x9b27,0xed0e,0xfd70,
0xdc8d,0xa38a,0x9b49,0x9b49,0xa349,0xa349,0xa34a,0x9b49,0x9b49,0x9b49,0xa349,0x9b49,
0x9b29,0xa36a,0xa36a,0xa36a,0xa349,0xa349,0xa349,0xa349,0xa36a,0xa36a,0xa38a,0xa38a,
0xa36a,0xbc2c,0xdcae,0xed2f,0xf54f,0xfd4f,0xfd90,0xfd6f,0xfd70,0xd48d,0xabaa,0xb3eb,
0xc44c,0xd48d,0xe4ce,0xe4ee,0xed2f,0xed2f,0xf52f,0xf54f,0xf54f,0xf52f,0xed2f,0xed0e,
0xdcce,0xd48d,0xcdac,0xe5ae,0xed8f,0xdc8c,0xee0c,0x5983,0x9329,0xcc6c,0xe4ce,0xed2f,
0xf54f,0xfd70,0xf54f,0xdcce,0xa38a,0x9b29,0xed2e,0xfe30,0xf62d,0xe3c3,0xf4e9,0xfdeb,
0xfdcb,0xfdcb,0xfdcb,0xfdcb,0xfdcb,0xfdeb,0xfdab,0xfd8b,0xfdcb,0xfd8b,0xfdab,0xfdab,
0xfdcb,0xfd8b,0xfd8b,0xfd8b,0xfd8b,0xfd8b,0xfdab,0xfd8b,0xfd8b,0xfd8b,0xfd8b,0xfd8b,
0xfd8b,0xfd8b,0xfd8b,0xfd8b,0xfd8b,0xfd8b,0xf56b,0xdcaa,0xb3e8,0x7285,0x4183,0x2902,
0x28e1,0x28e1,0x20e1,0x20e1,0x18e1,0x20e1,0x2922,0x3142,0x3183,0x3183,0x3983,0x3983,
0x3983,0x3983,0x3984,0x39a4,0x39a4,0x3184,0x3164,0x2923,0x2122,0x2923,0x2943,0x3984,
0x41e5,0x4a26,0x4a05,0x41c5,0x3163,0x0000,0x0000,0x0000,0x0000,0x0000,0x0000,0x0000,
0x0000,0x0000,0x0000,0x0000,0x0000,0x0000,0x0000,0x93cb,0x9bcb,0x93cc,0x93cb,0x93cb,
0x93ec,0x93cb,0x93cc,0x836a,0x7b09,0x6287,0x49e6,0x3184,0x39a4,0x5225,0x7ac7,0x8387,
0x9349,0x8ba9,0x9b8a,0x9bcb,0x9bcb,0x93ca,0x8b49,0x8b49,0x8b49,0x8b49,0x8329,0x7ac7,
0x7ae6,0x6a87,0x6245,0x6285,0x5a45,0x51e5,0x4183,0x3163,0x3142,0x49a2,0x8aa0,0x92e0,
0x92c0,0x8a80,0x8a80,0x92c0,0x8a80,0x8a80,0x8a80,0x8a80,0x8280,0x8a80,0x8260,0x8260,
0x8260,0x7a40,0x7a40,0x7a40,0x7220,0x7a40,0x7220,0x7a40,0x7a40,0x7a40,0x7a40,0x8260,
0x8260,0x8280,0x8a80,0x8a80,0x8a80,0x8a80,0x8a80,0x8a80,0x8a80,0x8a80,0x8a80,0x8240,
0x8a80,0x7a40,0x7a40,0x7a40,0x7a40,0x7220,0x69e0,0x61c0,0x59a0,0x4120,0x6202,0xe4ad,
0xf54f,0xc42b,0x9b49,0x9329,0x9329,0x9329,0x9329,0x9329,0x8ae8,0x9308,0x8ae8,0x8ae8,
0x8ae8,0x8ae8,0x8ae8,0x8ae8,0x8ae8,0x8ae8,0x8ae8,0x8ae8,0x8ae8,0x8ae8,0x9309,0x8ae8,
0xa36a,0xd48d,0xe50e,0xed2f,0xfd90,0xf54f,0xfdb0,0xfd90,0xd48d,0x9b69,0xbbeb,0xcc6d,
0xdcae,0xdcce,0xecee,0xed2f,0xf54f,0xf54f,0xed2f,0xf52f,0xed2f,0xecee,0xdcce,0xcc6c,
0xbc0b,0xcc6c,0xed2b,0xfe8b,0xffac,0xe54d,0xf52b,0xc42a,0x82a7,0xc44c,0xdcae,0xed2f,
0xf54f,0xf56f,0xed2f,0xdcae,0xbcca,0xe54e,0xfdd0,0xfdd0,0xf68f,0xf4ea,0xf321,0xdc26,
0xfdcb,0xfdcb,0xfd8b,0xfd8b,0xfdeb,0xfd8b,0xfdcb,0xfe0b,0xfd8b,0xfdab,0xfdab,0xfd8b,
0xfd8b,0xfd8b,0xfd8b,0xfd8b,0xfd8b,0xfd8b,0xfd8b,0xfd8b,0xfd8b,0xfd8b,0xfd8b,0xfd8b,
0xfd8b,0xfd8b,0xfd8b,0xfd4b,0xfd6b,0xfd8b,0xfd4b,0xe4aa,0xac08,0x7286,0x4183,0x2902,
0x20e1,0x20e1,0x18e1,0x20a0,0x18e1,0x28e1,0x2922,0x3143,0x3983,0x3983,0x3983,0x39c3,
0x3983,0x3183,0x3163,0x2963,0x3163,0x2963,0x2923,0x2122,0x2122,0x2922,0x2963,0x3184,
0x39e4,0x39e5,0x39e5,0x39c5,0x2963,0x0000,0x0000,0x0000,0x0000,0x0000,0x0000,0x0000,
0x0000,0x0000,0x0000,0x0000,0x0000,0x0000,0x0000,0x8b8b,0x93cc,0x9beb,0x9c2c,0x93cc,
0x93ec,0x93cb,0x93cc,0x8bab,0x7b29,0x6287,0x41e5,0x31a5,0x41c5,0x5a45,0x7ac7,0x8b69,
0x93aa,0x9bca,0x9bca,0x9bcb,0x9bcb,0x9bcb,0x8baa,0x8b69,0x8b49,0x8329,0x8308,0x7ae6,
0x7aa7,0x6aa7,0x6aa6,0x6266,0x5a66,0x5a45,0x41c3,0x3143,0x49a2,0x8280,0x8aa0,0x8a80,
0x8a80,0x8a80,0x8a80,0x8a80,0x8a80,0x8280,0x8260,0x8260,0x8260,0x7a40,0x8260,0x7a40,
0x7a40,0x7a40,0x7220,0x7220,0x7220,0x7220,0x7a40,0x7a40,0x7a40,0x7a40,0x7a40,0x8280,
0x8a80,0x8280,0x8a80,0x8a80,0x8a80,0x8a80,0x8a80,0x8a80,0x8a80,0x8280,0x8a80,0x8a80,
0x8280,0x8280,0x8280,0x7a40,0x7a40,0x7220,0x7220,0x7220,0x61c0,0x59a0,0x4120,0x59e3,
0xcc6c,0xed0e,0xc42c,0xa349,0x8ae8,0x8ae8,0x8ae8,0x8ae8,0x8aa7,0x8aa7,0x82c7,0x82a7,
0x82c7,0x82a7,0x7aa7,0x82c7,0x7aa7,0x7aa7,0x7a67,0x7aa7,0x7a87,0x7a67,0x7aa7,0x82a7,
0xb3eb,0xdcae,0xed2f,0xf54f,0xfd6f,0xfdb0,0xf54f,0xe52f,0x9308,0xabaa,0xc46d,0xdcae,
0xe4ee,0xed0e,0xf52f,0xf54f,0xf54f,0xed2f,0xf52f,0xe4ee,0xdcad,0xc44c,0xb3cb,0xb3cb,
0xbc2c,0xb40b,0x9329,0xa347,0xf56a,0xee2b,0xabaa,0x9349,0x7246,0xb3eb,0xd48d,0xe4ce,
0xe4ee,0xc42c,0xb3eb,0xcc4c,0xc48b,0xcc8c,0xd58c,0xf68c,0xfe30,0xfe0b,0xfb81,0xf341,
0xf343,0xecc8,0xfdcb,0xfdab,0xfd8b,0xfd8b,0xfd8b,0xfd8b,0xfd8b,0xfd8b,0xfd8b,0xfd8b,
0xfd8b,0xfd8b,0xfd8b,0xfd8b,0xfd8b,0xfd8b,0xfd8b,0xfd8b,0xfd8b,0xfd8b,0xfd8b,0xfd8b,
0xfd8b,0xfd8b,0xfd6b,0xfd6b,0xfd6b,0xfd4b,0xf52b,0xe48a,0xb407,0x7286,0x3983,0x2902,
0x20e1,0x18c1,0x18c1,0x18a1,0x20e1,0x2901,0x2922,0x3142,0x3983,0x3983,0x3983,0x3983,
0x3983,0x3142,0x2943,0x2122,0x2122,0x2122,0x2122,0x2122,0x2922,0x2923,0x2943,0x3164,
0x31a4,0x31a4,0x39c4,0x31a4,0x2963,0x0000,0x0000,0x0000,0x0000,0x0000,0x0000,0x0000,
0x0000,0x0000,0x0000,0x0000,0x0000,0x0000,0x0000,0x9bcb,0x9c0c,0x9c0c,0xa44c,0x9c0d,
0x93cb,0x93cb,0x93ab,0x8bab,0x7b4a,0x5a88,0x4206,0x39a5,0x41e5,0x5a66,0x7ae7,0x8b89,
0x9bc9,0x9bcb,0x9beb,0x9bcb,0x9c0b,0x9bcb,0x93cb,0x8b49,0x7b09,0x7b27,0x7ae7,0x82e7,
0x7ae7,0x7aa7,0x72a7,0x72a7,0x6a46,0x5a45,0x4184,0x51c2,0x8260,0x8260,0x8260,0x7a40,
0x8260,0x7a40,0x7a40,0x7a40,0x7a40,0x8260,0x7a40,0x7a40,0x7a40,0x7a40,0x7a40,0x7a40,
0x7220,0x7220,0x7220,0x7a40,0x7220,0x7a40,0x7a40,0x7a40,0x7a40,0x7a40,0x8260,0x8260,
0x8280,0x8a80,0x8a80,0x8a80,0x8a80,0x8a80,0x8aa0,0x8a80,0x8a80,0x8a80,0x8a80,0x8a80,
0x8260,0x8a80,0x7a40,0x8280,0x7a40,0x7a40,0x7a40,0x7220,0x7220,0x69c0,0x59a0,0x4120,
0x4980,0xc40b,0xed0e,0xd46d,0xa38a,0x8aa7,0x7aa7,0x8287,0x7a87,0x7a87,0x7a87,0x7a87,
0x7266,0x7266,0x7a87,0x7246,0x7246,0x7246,0x7246,0x6a25,0x6a25,0x6225,0x6205,0x8ae8,
0xcc4c,0xecee,0xed2f,0xfd6f,0xfd90,0xfd70,0xfdb0,0xbbeb,0x8b49,0xbc0b,0xd48d,0xdcce,
0xed0e,0xed2f,0xf52f,0xf54f,0xed2f,0xed0e,0xdcae,0xcc6d,0xb3cb,0xabaa,0xbc0b,0xbc2c,
0xcc4c,0xcc6d,0xab8a,0x7246,0x8b05,0xdc28,0x9b49,0x6a46,0x3923,0x8ae8,0xb3eb,0xc42c,
0xabaa,0xb3eb,0xc42c,0xcc4c,0xc42c,0xb3eb,0x9b49,0xab89,0xf6ab,0xfe0f,0xf321,0xf361,
0xfb81,0xe2c1,0xe408,0xf58a,0xfdab,0xfd8b,0xfd8b,0xfd8b,0xfd8b,0xfd8b,0xfd8b,0xfd8b,
0xfd8b,0xfd8b,0xfd8b,0xfd8b,0xfd8b,0xfd8b,0xfd8b,0xfd6b,0xfd8b,0xfd4b,0xfd4b,0xfd8b,
0xfd4b,0xfd6b,0xfd6b,0xfd8b,0xfd4b,0xfd2b,0xf52a,0xdcaa,0xaba9,0x72a5,0x4183,0x2101,
0x18a1,0x1881,0x18a1,0x18e1,0x20c1,0x28e2,0x2922,0x3142,0x3142,0x3163,0x3163,0x3183,
0x3163,0x2942,0x2122,0x18c2,0x20e2,0x20e2,0x28e2,0x2923,0x2923,0x2963,0x2963,0x2963,
0x2963,0x3184,0x3184,0x3184,0x2943,0x0000,0x0000,0x0000,0x0000,0x0000,0x0000,0x0000,
0x0000,0x0000,0x0000,0x0000,0x0000,0x0000,0x0000,0x9bcb,0xabec,0xa46c,0x9c2d,0x9c0d,
0x93cb,0x8bab,0x8bab,0x8bab,0x7b4a,0x5a87,0x41e5,0x39a5,0x4a05,0x6aa6,0x8b49,0x93aa,
0x9bcb,0x9bcb,0x9bcb,0x9bcb,0x9bcb,0x9bcb,0x8b6b,0x8b49,0x7b09,0x7ae7,0x8b07,0x8b48,
0x8327,0x7b09,0x72c8,0x72a7,0x6a87,0x5a46,0x51c4,0x7a40,0x7a40,0x7a40,0x8260,0x7a40,
0x8260,0x7a40,0x7a40,0x7a40,0x7a40,0x7a40,0x7a40,0x7a40,0x7a40,0x7220,0x7a40,0x7220,
0x7220,0x7220,0x7220,0x7a40,0x7a40,0x7a40,0x7a40,0x7a40,0x7a40,0x8280,0x8280,0x8a80,
0x8a80,0x8a80,0x8a80,0x8aa0,0x8a80,0x8a80,0x8aa0,0x8a80,0x8a80,0x92c0,0x8a80,0x8a80,
0x8a80,0x8a80,0x8280,0x8280,0x8280,0x8260,0x7a40,0x7220,0x7220,0x7220,0x61c0,0x59a0,
0x4140,0x51a2,0xc40b,0xed0e,0xdc8d,0xab8a,0x82c7,0x7246,0x7246,0x7246,0x6a26,0x7246,
0x6a26,0x6a26,0x6a25,0x6a25,0x6a25,0x6a25,0x6205,0x59c5,0x59c5,0x59c5,0x61e5,0xabaa,
0xdcad,0xed0f,0xf54f,0xfd6f,0xfd90,0xfd70,0xe50f,0x8b28,0x9b69,0xc44c,0xdcad,0xed0f,
0xed2f,0xed2f,0xed2f,0xecee,0xdcad,0xcc6d,0xb3cb,0xab8a,0xb3eb,0xbc2c,0xc42c,0xd48d,
0xdcce,0xe4ee,0xbc0c,0x82c7,0x4964,0x7a66,0x8287,0x4163,0x4183,0x59c5,0x82e8,0x9b49,
0xb3eb,0xcc6d,0xd48d,0xdcce,0xdcce,0xd46d,0xb40b,0x9b29,0x9327,0xffac,0xbb23,0xb200,
0xda81,0xf301,0xf361,0xe2e2,0xf4a8,0xfd8b,0xfd8b,0xfd8b,0xfd8b,0xfd8b,0xfd8b,0xfd8b,
0xfd8b,0xfd8b,0xfd8b,0xfd4b,0xfd8b,0xfd8b,0xfd6b,0xfd6b,0xfd6b,0xfd4b,0xfd4b,0xfd6b,
0xfd8b,0xfd6b,0xfd4b,0xfd4b,0xfd4b,0xfd8b,0xfd2b,0xe48a,0xabe8,0x6a66,0x3982,0x20e2,
0x18a1,0x18a1,0x18a1,0x20a0,0x20e1,0x28e1,0x2902,0x2942,0x3142,0x2942,0x2942,0x2943,
0x2942,0x2902,0x2102,0x18c2,0x18c2,0x18e2,0x28e2,0x2923,0x3143,0x3163,0x3163,0x2923,
0x2943,0x2963,0x2963,0x2963,0x2122,0x0000,0x0000,0x0000,0x0000,0x0000,0x0000,0x0000,
0x0000,0x0000,0x0000,0x0000,0x0000,0x0000,0x0000,0x9bec,0xa46d,0x9c2e,0xa42c,0x9bec,
0x8bab,0x8bab,0x8bab,0x8bab,0x7b2a,0x5a88,0x41e6,0x39a5,0x5226,0x72e8,0x8b69,0x9bcb,
0x9bcb,0x9bcb,0x9bcb,0x93cb,0x93aa,0x8baa,0x8b89,0x8b49,0x8327,0x8b49,0x8b48,0x8b49,
0x8308,0x7ae6,0x72c7,0x6aa8,0x6a87,0x5a45,0x7220,0x7a40,0x8260,0x8260,0x8260,0x8260,
0x8260,0x7a40,0x7a40,0x7a40,0x7a40,0x7a40,0x7220,0x7a20,0x7220,0x7220,0x7220,0x7220,
0x7220,0x7a40,0x7a40,0x7a40,0x7a40,0x7a40,0x7a40,0x8260,0x8280,0x8260,0x8280,0x8a80,
0x8a80,0x8a80,0x8a80,0x8aa0,0x8aa0,0x8aa0,0x8aa0,0x8aa0,0x8aa0,0x8a80,0x8280,0x8280,
0x8280,0x8280,0x8a80,0x8280,0x8260,0x8260,0x8260,0x7a40,0x7a40,0x7220,0x7220,0x69e0,
0x59a0,0x4940,0x61c4,0xcc2c,0xe4ce,0xd48c,0xb3ab,0x82c7,0x6a25,0x6225,0x6205,0x6225,
0x6205,0x6205,0x6205,0x6225,0x6205,0x59e5,0x59c4,0x51c4,0x4983,0x4984,0x7286,0xcc4c,
0xe4ee,0xf52f,0xfd6f,0xfd90,0xfd70,0xfdb0,0xab8a,0x8ae8,0xabaa,0xc44c,0xdcce,0xe4ee,
0xe4ee,0xe4ee,0xdcae,0xcc6d,0xb3eb,0xabaa,0xb3eb,0xbc0c,0xc44c,0xd46c,0xdcae,0xe4ee,
0xed2f,0xf52f,0xd4ad,0x9b49,0x59e4,0x61e5,0x82a7,0x5184,0x61e5,0x6225,0x7266,0xa38a,
0xc44c,0xd48d,0xe4ce,0xe50e,0xed0e,0xe4ee,0xcc6d,0xb3cb,0x6a05,0xbc68,0xe68b,0xa282,
0xba00,0xd281,0xf341,0xf341,0xe301,0xe3c5,0xed09,0xfd8b,0xfd8b,0xfd8b,0xfd8b,0xfd6b,
0xfd6b,0xfd6b,0xfd8b,0xfd6b,0xfd6b,0xfd8b,0xfd6b,0xfd2b,0xfd6b,0xfd6b,0xfd6b,0xfd6b,
0xfd6b,0xfd6b,0xfd4b,0xfd6b,0xfd4b,0xfd2b,0xfd0b,0xe4a9,0xabc8,0x72a5,0x3983,0x2102,
0x18c1,0x18c1,0x18c1,0x20c1,0x20e1,0x28e1,0x28e1,0x28e1,0x28e2,0x2922,0x2942,0x2942,
0x2922,0x2902,0x2102,0x18c2,0x20c2,0x20c2,0x2902,0x3143,0x3983,0x3983,0x3163,0x2963,
0x2943,0x2923,0x2963,0x2943,0x2122,0x0000,0x0000,0x0000,0x0000,0x0000,0x0000,0x0000,
0x0000,0x0000,0x0000,0x0000,0x0000,0x0000,0x0000,0x9bcb,0xa40d,0x9c2d,0x93ec,0x93cb,
0x8bab,0x93ab,0x8bab,0x8bab,0x7b09,0x5a47,0x41e5,0x39a4,0x5a46,0x7b08,0x9bcb,0x9bcb,
0x9bcb,0x9bcb,0x9bcb,0x8ba9,0x9369,0x8b89,0x8ba9,0x9389,0x8b49,0x8b49,0x8b49,0x7b26,
0x8329,0x7aa7,0x7aa7,0x72a7,0x6a87,0x7241,0x7a40,0x7a40,0x7a40,0x8280,0x8260,0x8260,
0x8260,0x7a40,0x7a40,0x7a40,0x7a40,0x7a40,0x7220,0x7a40,0x7a40,0x7a40,0x7a20,0x7a40,
0x7a40,0x7a40,0x7a40,0x7a40,0x7a40,0x7a40,0x7a40,0x7a40,0x8260,0x8a80,0x8a80,0x8a80,
0x8a80,0x8aa0,0x8a80,0x92c0,0x8aa0,0x8aa0,0x92c0,0x8a80,0x8aa0,0x8a80,0x8260,0x7a40,
0x7a40,0x7a40,0x7a40,0x7a40,0x8280,0x7a40,0x7a40,0x7a40,0x7a40,0x7a40,0x7220,0x7220,
0x61c0,0x5180,0x4140,0x7a46,0xc44c,0xdcad,0xdc8d,0xc40c,0x9b49,0x7286,0x59c5,0x59c5,
0x59c5,0x59c5,0x59c5,0x59c5,0x59c4,0x51c4,0x51a4,0x4983,0x4184,0x4984,0xa38a,0xdcae,
0xed0e,0xed2f,0xf54f,0xfdb0,0xf54f,0xe4ce,0x82c7,0x9349,0xb3eb,0xc44d,0xdcad,0xdcce,
0xdcad,0xcc6d,0xbc0b,0xab6a,0xb3eb,0xbc0b,0xbc2c,0xcc6d,0xdcad,0xdcce,0xed0e,0xed2f,
0xf54f,0xf54f,0xe4ee,0xb3cb,0x6a46,0x7246,0xab89,0x6a25,0x7266,0x7aa7,0x82c7,0xabaa,
0xcc4d,0xdcce,0xed2f,0xf52f,0xf54f,0xf52f,0xdcae,0xbc0b,0x6a66,0x8ae8,0xff4d,0xcda8,
0x7140,0xa9e0,0xb340,0xeae1,0xeb01,0xfb81,0xeae1,0xe48a,0xfd8b,0xfd8b,0xfd8b,0xfd6b,
0xfd8b,0xfd6b,0xfd2b,0xfd8b,0xfd4b,0xfd2b,0xfd6b,0xfd8b,0xfd6b,0xfd2b,0xfd2b,0xfd4b,
0xfd2b,0xfd2b,0xfd6b,0xfd8b,0xfd2b,0xfd2b,0xfd2b,0xe48a,0xabe8,0x7266,0x4183,0x2102,
0x18e1,0x20a1,0x18e1,0x28e2,0x28e2,0x20e1,0x28e1,0x20e1,0x20e1,0x28e2,0x2942,0x2942,
0x2942,0x2902,0x2922,0x2102,0x20c2,0x28e2,0x2922,0x3163,0x3963,0x3984,0x39a3,0x3163,
0x3163,0x3163,0x3163,0x2963,0x2923,0x0000,0x0000,0x0000,0x0000,0x0000,0x0000,0x0000,
0x0000,0x0000,0x0000,0x0000,0x0000,0x0000,0x0000,0x9bcb,0x9c0d,0x9bec,0x93cc,0x93cb,
0x93cc,0x93cc,0x93cc,0x8bab,0x7b09,0x5a67,0x41c5,0x39a5,0x5a47,0x7b08,0x9bcb,0x9bcb,
0x9bcb,0x93aa,0x93ca,0x9baa,0x93ca,0x9389,0x9ba9,0x93a9,0x9389,0x8b49,0x8348,0x8329,
0x7ac7,0x7ac8,0x72c7,0x72c8,0x7263,0x7a40,0x7a40,0x8260,0x8280,0x8260,0x8260,0x8260,
0x8260,0x8260,0x7a40,0x7a40,0x7a40,0x7a40,0x7a40,0x7a40,0x7a40,0x7a40,0x7a40,0x7a40,
0x7a40,0x7a40,0x7a40,0x7a40,0x7a40,0x8260,0x8260,0x8a80,0x8280,0x8a80,0x8a80,0x8aa0,
0x8aa0,0x8aa0,0x92e0,0x8aa0,0x92c0,0x92c0,0x8aa0,0x92c0,0x8aa0,0x8a80,0x8260,0x7a40,
0x7220,0x7220,0x7220,0x7220,0x7220,0x7220,0x7a40,0x7a40,0x7a40,0x7a40,0x7a20,0x7220,
0x7220,0x61c0,0x4960,0x4940,0x7a86,0xbc0b,0xcc4c,0xcc4c,0xcc4c,0xb3cb,0x8ae8,0x6225,
0x51a4,0x51a4,0x51a4,0x51a4,0x5184,0x4983,0x4983,0x4164,0x4143,0x6a26,0xc44c,0xdcce,
0xed0e,0xed2f,0xed2f,0xf52f,0xd4ad,0x9b6a,0x82c7,0xa36a,0xb3eb,0xc44c,0xd48d,0xd48d,
0xc44c,0xbc0b,0xa38a,0xb3eb,0xc42c,0xcc4d,0xd48d,0xdcce,0xed0e,0xed2f,0xed2f,0xf54f,
0xf54f,0xf54f,0xed0e,0xbc2c,0x82a7,0x8ae8,0xcc2c,0x7aa7,0x82e8,0x9308,0x8b08,0xb3cb,
0xcc6d,0xe4ce,0xed2f,0xf54f,0xfd90,0xf54f,0xe4ee,0xc44c,0x82c7,0x92e8,0xf60f,0xeead,
0x71c2,0x7120,0x8180,0xaa00,0xd261,0xeb01,0xf321,0xf341,0xeb64,0xf4c9,0xfd6b,0xfd8b,
0xfd6b,0xfd6b,0xfd8b,0xfd6b,0xfd4b,0xfd2b,0xfd4b,0xfd6b,0xfd4b,0xfd4b,0xfd4b,0xfd2b,
0xfd6b,0xfd4b,0xfd2b,0xfd2b,0xfd2b,0xfd2b,0xfd0b,0xe48a,0xaba9,0x6a85,0x3983,0x2902,
0x18e1,0x20e1,0x28e1,0x28e2,0x28e2,0x2922,0x28e1,0x28e2,0x20e1,0x2102,0x2902,0x2922,
0x2922,0x28e2,0x2922,0x2922,0x2902,0x2922,0x3123,0x3143,0x3163,0x3983,0x39a4,0x39a4,
0x39a4,0x39a4,0x39a4,0x39a3,0x3163,0x0000,0x0000,0x0000,0x0000,0x0000,0x0000,0x0000,
0x0000,0x0000,0x0000,0x0000,0x0000,0x0000,0x0000,0x9bcb,0xa44c,0x93ec,0x93ec,0x93cc,
0x93cb,0x93cb,0x93cc,0x8bab,0x7309,0x5a67,0x41e5,0x39c5,0x5a47,0x7b08,0x9bcb,0x9bcb,
0x93ca,0x9369,0x93aa,0x9baa,0x9bc9,0x9bca,0x9bca,0x9ba9,0x8ba9,0x8b69,0x8328,0x7ae8,
0x7ac7,0x7aa7,0x72e9,0x7285,0x7a40,0x7a40,0x7a40,0x8260,0x8280,0x8280,0x8260,0x8260,
0x8260,0x8260,0x8280,0x8a80,0x8a80,0x8280,0x8a80,0x8a80,0x8a80,0x8260,0x8280,0x8260,
0x8260,0x8260,0x8260,0x8260,0x8280,0x8260,0x8a80,0x8a80,0x8a80,0x8a80,0x8aa0,0x8aa0,
0x8aa0,0x92c0,0x92e0,0x92c0,0x92c0,0x8aa0,0x92c0,0x8aa0,0x92c0,0x8aa0,0x8aa0,0x8260,
0x8260,0x7a40,0x7220,0x7220,0x7220,0x7220,0x7220,0x7220,0x7200,0x6a00,0x7220,0x7220,
0x7220,0x69e0,0x61c0,0x4960,0x4941,0x8ae8,0xb3cb,0xbbeb,0xc40c,0xc40c,0xbbeb,0xa36a,
0x7ac7,0x59c5,0x4984,0x4984,0x4963,0x4983,0x4143,0x4143,0x3922,0x8ae8,0xcc6d,0xdcce,
0xe4ee,0xed2f,0xe4ee,0xbc2c,0x9349,0x8ae8,0x8b29,0xabaa,0xbc2c,0xc42c,0xc44c,0xc42c,
0xb3eb,0xab6a,0xb3eb,0xc44c,0xcc6d,0xdcce,0xe4ee,0xed0e,0xf52f,0xf54f,0xf54f,0xed2f,
0xed2f,0xed0f,0xdcce,0xc42c,0x9b29,0xbbcb,0xe4ee,0x92e8,0x8b29,0x9b69,0x9328,0xabaa,
0xcc6d,0xe4ee,0xed2f,0xfd70,0xfd6f,0xf54f,0xed0f,0xbc2c,0x8ac8,0xbbcb,0xf54f,0xf66f,
0xac69,0x48a0,0x58e0,0x7940,0x9201,0xc220,0xeb01,0xfb81,0xfb81,0xdac1,0xec47,0xfd4b,
0xfd4b,0xfd6b,0xfd4b,0xfd6b,0xfd4b,0xfd6b,0xfd6b,0xfd2b,0xfd2b,0xfd4b,0xfd2b,0xfd4b,
0xfd2b,0xfd2b,0xfd2b,0xfd2b,0xfd2b,0xfd2b,0xfd0b,0xdc89,0xab88,0x6a65,0x3982,0x2102,
0x20e2,0x28e2,0x2902,0x2921,0x2922,0x2922,0x2922,0x2901,0x28e1,0x2902,0x2942,0x2922,
0x20e2,0x20e1,0x2902,0x2102,0x2922,0x2922,0x2922,0x2943,0x3143,0x3963,0x3963,0x39a4,
0x39c4,0x39c4,0x39a4,0x39a4,0x3163,0x0000,0x0000,0x0000,0x0000,0x0000,0x0000,0x0000,
0x0000,0x0000,0x0000,0x0000,0x0000,0x0000,0x0000,0x93cb,0x9beb,0x93ec,0x93ec,0x93cc,
0x93ec,0x9c2b,0x93cb,0x8bab,0x7b29,0x6287,0x49e5,0x41c5,0x5a47,0x7b29,0x9bcb,0x9bcb,
0x93cb,0x8ba9,0x93aa,0x9ba9,0xa3aa,0x9bcb,0x9bcb,0x9bca,0x9ba9,0x8b69,0x8b29,0x7b09,
0x7ac7,0x7b09,0x72c8,0x7a40,0x7a40,0x7a40,0x7a40,0x8260,0x8260,0x8260,0x8280,0x8260,
0x8a80,0x8a80,0x92c0,0x8aa0,0x92c0,0x92c0,0x92c0,0x92c0,0x92c0,0x8aa0,0x8a80,0x8a80,
0x8260,0x8a80,0x8a80,0x8260,0x8280,0x8a80,0x8a80,0x8a80,0x8aa0,0x8a80,0x8aa0,0x92c0,
0x92c0,0x92c0,0x92e0,0x92c0,0x92c0,0x8aa0,0x92c0,0x8aa0,0x92c0,0x8aa0,0x8aa0,0x8a80,
0x8a80,0x8280,0x7a40,0x7a40,0x7a40,0x7220,0x7220,0x7200,0x6a00,0x6a00,0x69c0,0x7220,
0x7220,0x7200,0x61c0,0x59a0,0x4140,0x4962,0x92e8,0xabaa,0xabaa,0xb3ab,0xb3eb,0xb3eb,
0xb3cb,0xa349,0x7a67,0x59c5,0x4943,0x4143,0x3943,0x3922,0x4123,0xa38a,0xcc6d,0xdcce,
0xdcce,0xe4ce,0xc44c,0x9b29,0x8b29,0x8ae8,0x9b49,0xabcb,0xbc2c,0xbc2c,0xb3eb,0xabca,
0x9b69,0xabaa,0xc44c,0xdcad,0xdcce,0xecee,0xed2f,0xf54f,0xf52f,0xf52f,0xed2f,0xecee,
0xe4ee,0xd46d,0xc44c,0xb3eb,0xabcb,0xe4ee,0xf590,0x9b49,0x9b49,0xabaa,0x9b29,0x9b49,
0xcc4d,0xe4ee,0xed2f,0xf54f,0xfd6f,0xf52f,0xdcce,0xab8a,0xabaa,0xf52f,0xfdb0,0xfdf0,
0xf66e,0x4941,0x3860,0x48a0,0x6900,0x8180,0x9a01,0xdaa1,0xe2c1,0xfb81,0xf361,0xeb23,
0xecaa,0xfd8b,0xfd8b,0xfd6b,0xfd4b,0xfd2b,0xfd2b,0xfd2b,0xfd6b,0xfd4b,0xfd2b,0xfd4b,
0xfd2b,0xfd2b,0xfd2b,0xfd2b,0xfd2b,0xfd2b,0xfd0b,0xdc6a,0xa387,0x6a65,0x3942,0x20e1,
0x20e1,0x2922,0x2902,0x2922,0x3142,0x3142,0x3122,0x3122,0x2922,0x2942,0x3142,0x2922,
0x20e2,0x18e1,0x2102,0x2102,0x2102,0x2922,0x2922,0x2922,0x2922,0x3123,0x3163,0x3963,
0x39a4,0x31a4,0x31a4,0x39a4,0x3183,0x0000,0x0000,0x0000,0x0000,0x0000,0x0000,0x0000,
0x0000,0x0000,0x0000,0x0000,0x0000,0x0000,0x0000,0x8b8b,0x93cc,0x93cc,0x93cb,0x93cc,
0x9c0b,0x93cc,0x93cb,0x93ab,0x7b2a,0x5a87,0x41e5,0x41e5,0x5a47,0x7b28,0x9bcb,0x9bcb,
0x9bca,0x8b69,0x9389,0x9baa,0x9bca,0x9bca,0x9bca,0x9bca,0x9b89,0x8b89,0x8329,0x7b27,
0x7b08,0x72c7,0x6a84,0x7220,0x7a40,0x7a40,0x7a40,0x8260,0x8260,0x8260,0x8a80,0x92e0,
0x92c0,0x92e0,0x9ae0,0x9ae0,0x9ae0,0x9ae0,0x9ae0,0x9ae0,0x9ae0,0x9ae0,0x92e0,0x8aa0,
0x8aa0,0x8280,0x8a80,0x8a80,0x8a80,0x8a80,0x8a80,0x8aa0,0x92c0,0x92e0,0x92c0,0x92c0,
0x92e0,0x92c0,0x92c0,0x92c0,0x92c0,0x92c0,0x92c0,0x92e0,0x8aa0,0x92c0,0x92c0,0x92c0,
0x8aa0,0x8a80,0x8a80,0x8260,0x7a40,0x7a40,0x7220,0x7220,0x6a00,0x69e0,0x7220,0x7220,
0x7220,0x7220,0x6a00,0x59a0,0x4960,0x3900,0x6205,0x9308,0x9b49,0xa36a,0xa38a,0xab8a,
0xb38a,0xb3cb,0xa38a,0x9309,0x7246,0x5184,0x3922,0x30e2,0x6205,0xbc0b,0xd48d,0xd48d,
0xd48d,0xc44c,0xa38a,0x8b29,0x8b29,0x9308,0x9b49,0xabcb,0xbc0b,0xbbeb,0xabaa,0x9329,
0xa36a,0xc44c,0xd48d,0xdcce,0xed2f,0xed2f,0xf52f,0xf52f,0xf52f,0xed0f,0xe4ee,0xd4ae,
0xcc6c,0xc40c,0xbbeb,0xbc0b,0xcc4c,0xd46d,0xbcac,0x9b49,0xabaa,0xb3eb,0x9309,0x6a66,
0xc44c,0xdcce,0xed0e,0xed2f,0xed0f,0xdcae,0xbc2b,0xb3cb,0xe4ee,0xfdd1,0xfdd1,0xfdd1,
0xf66f,0x59c3,0x2020,0x3840,0x4080,0x50c0,0x7120,0x81a1,0xb200,0xdaa1,0xf341,0xf361,
0xf321,0xe3c5,0xfd0a,0xfd4b,0xfd4b,0xfd6b,0xfd4b,0xfd2b,0xfd4b,0xfd2b,0xfd2b,0xfd2b,
0xfd2b,0xfd2b,0xfd2b,0xfd2b,0xfd2b,0xfd2b,0xfcea,0xdc89,0xa388,0x6a04,0x3142,0x20e1,
0x20e1,0x2902,0x2942,0x3142,0x2942,0x3142,0x3142,0x3142,0x3142,0x3142,0x3142,0x2942,
0x2102,0x18e1,0x2102,0x2902,0x2122,0x2922,0x2922,0x2922,0x2922,0x3123,0x3123,0x3143,
0x3163,0x3163,0x3164,0x31a4,0x39a4,0x0000,0x0000,0x0000,0x0000,0x0000,0x0000,0x0000,
0x0000,0x0000,0x0000,0x0000,0x0000,0x0000,0x0000,0x8b6a,0x8bab,0x93ab,0x93cb,0x93cb,
0x93cb,0x93cc,0x93cb,0x836a,0x7b09,0x5a87,0x49e5,0x39e5,0x5a47,0x7b08,0x9bcb,0x9bcb,
0x9baa,0x8ba9,0x9389,0x8ba9,0x9bca,0x9bcb,0xa3aa,0x9bcb,0x9bcb,0x8b6a,0x8b49,0x7b29,
0x7ae8,0x7aa7,0x7220,0x7220,0x7a40,0x7a40,0x7a40,0x7a40,0x8a80,0x8a80,0x92e0,0x92e0,
0xa320,0xa320,0xab40,0xb360,0xb360,0xb360,0xb360,0xb360,0xab40,0xa320,0xa320,0x92e0,
0x8aa0,0x92c0,0x8a80,0x8a80,0x92c0,0x92c0,0x8aa0,0x8aa0,0x92c0,0x92e0,0x92c0,0x92e0,
0x92e0,0x92e0,0x92e0,0x92e0,0x92e0,0x92e0,0x8aa0,0x92e0,0x8aa0,0x92e0,0x92e0,0x92e0,
0x8aa0,0x92c0,0x8a80,0x8a80,0x8a80,0x8260,0x7a40,0x7220,0x7220,0x7220,0x7a40,0x7220,
0x7a40,0x7220,0x7220,0x69c0,0x59a0,0x4140,0x5162,0x82c7,0x9329,0x9b29,0x9329,0x9b69,
0x9b69,0xa36a,0xab6a,0xabaa,0xa38a,0x9308,0x6225,0x4983,0x9308,0xc44c,0xcc6c,0xc46c,
0xc44c,0x9b69,0x9b49,0x9329,0x8b29,0x9b29,0x9b69,0xb3eb,0xb3eb,0xb3eb,0xa349,0x9309,
0xb3eb,0xcc6d,0xdcce,0xecee,0xed2f,0xed2f,0xed2f,0xed2f,0xecee,0xdcad,0xcc4d,0xbc2c,
0xbc0b,0xb3eb,0xb3eb,0xa349,0x9b29,0x9328,0x7246,0x59e5,0x9329,0x9308,0x1040,0x28e1,
0xb3cb,0xd46c,0xdcad,0xd48d,0xc42c,0xb40b,0xbbeb,0xdcae,0xf54f,0xf54f,0xfdd1,0xfdd1,
0xee94,0x49c3,0x2000,0x1000,0x2020,0x3060,0x48c0,0x58e0,0x8180,0x9221,0xba00,0xf301,
0xfb81,0xfb81,0xeae1,0xec27,0xfd8b,0xfd2b,0xfd6b,0xfd8b,0xfd2b,0xfd2b,0xfd2b,0xfd2b,
0xfd2b,0xfd2b,0xfd2b,0xfd2b,0xfd2b,0xfd2b,0xf4ea,0xdc6a,0x9b67,0x6a05,0x3942,0x28e2,
0x28e1,0x2922,0x2902,0x2942,0x3142,0x3142,0x3142,0x3142,0x3142,0x3142,0x3142,0x3142,
0x28e2,0x28e1,0x2922,0x2922,0x2923,0x2923,0x2922,0x2922,0x2922,0x3122,0x3122,0x2943,
0x3163,0x3163,0x3184,0x39a4,0x39a4,0x0000,0x0000,0x0000,0x0000,0x0000,0x0000,0x0000,
0x0000,0x0000,0x0000,0x0000,0x0000,0x0000,0x0000,0x7b29,0x834a,0x834a,0x93ab,0x938a,
0x8b8b,0x8b8b,0x8b6a,0x834a,0x72e8,0x5a67,0x41c5,0x39c5,0x5246,0x7b09,0x93aa,0x9bcb,
0x9bcb,0x9bc9,0x93aa,0x9bcb,0x93a9,0x9bca,0x9bcb,0x9bca,0x9bca,0x9369,0x8b49,0x7ae8,
0x72e7,0x6a21,0x7220,0x7220,0x7a40,0x7a40,0x7a40,0x8260,0x92c0,0x9b00,0x9b00,0xab40,
0xab40,0xb360,0xb360,0xb360,0xb360,0xb360,0xb360,0xb360,0xbb80,0xbb80,0xab40,0xa320,
0x9ae0,0x92e0,0x92c0,0x92c0,0x92c0,0x92c0,0x8aa0,0x8aa0,0x92e0,0x92e0,0x92c0,0x92e0,
0x92e0,0x92e0,0x92e0,0x92e0,0x92e0,0x92e0,0x92c0,0x92e0,0x92e0,0x92c0,0x92c0,0x92c0,
0x92e0,0x92c0,0x8aa0,0x8aa0,0x8aa0,0x8a80,0x8280,0x7a40,0x8260,0x8260,0x7a40,0x7a40,
0x7a40,0x7a40,0x7220,0x7220,0x61c0,0x5160,0x4140,0x59e4,0x8ae8,0x9329,0x9b29,0x9b29,
0x9b69,0x9b69,0xa36a,0xa36a,0xab8a,0xab8a,0xa36a,0x9308,0xa38a,0xbc2c,0xbc0b,0xb3cb,
0xab8a,0x9b29,0x9b49,0x9b49,0x9b49,0x9b69,0xa38a,0xbc0b,0xc44c,0xabaa,0x8b08,0xa369,
0xbc2c,0xdcad,0xe4ee,0xed0e,0xed2f,0xed2f,0xe4ee,0xdcce,0xd46c,0xc44c,0xbbeb,0xbc0b,
0xb3cb,0x9b49,0x9b49,0xabcb,0xc42c,0xabab,0x82a7,0x4983,0x4964,0x1040,0x1860,0x28e2,
0x7aa7,0xabca,0xb3eb,0xb3cb,0xabcb,0xbbeb,0xc44c,0xcc4c,0xed2d,0xfd90,0xfdb0,0xfdd1,
0xee94,0x4184,0x0000,0x1000,0x1000,0x2000,0x2820,0x3840,0x40a0,0x6100,0x79a0,0xa1c0,
0xca40,0xeae1,0xfb81,0xf341,0xeb84,0xf4a8,0xfd6b,0xfd2b,0xfd2b,0xfd2b,0xfd2b,0xfd2b,
0xfd2b,0xfd2b,0xfd2b,0xfd2b,0xfd2b,0xfd2b,0xfcea,0xdc6a,0xa386,0x6a45,0x3982,0x2922,
0x2922,0x3122,0x2942,0x2902,0x2922,0x3142,0x3142,0x3142,0x3142,0x2942,0x3142,0x3142,
0x3142,0x3142,0x3143,0x3163,0x3163,0x3143,0x3143,0x3123,0x3122,0x3122,0x3123,0x3143,
0x3163,0x3184,0x39a4,0x39c4,0x39c4,0x0000,0x0000,0x0000,0x0000,0x0000,0x0000,0x0000,
0x0000,0x0000,0x0000,0x0000,0x0000,0x0000,0x0000,0x7b2a,0x8b6a,0x834a,0x8b49,0x834a,
0x936a,0x9369,0x836a,0x8329,0x72c8,0x5a47,0x41e5,0x39a4,0x5226,0x7ae8,0x93ca,0x9bcb,
0x9bcb,0x9bcb,0x9bca,0x9b6a,0x9bcb,0x9b8a,0x9bc9,0xa3ca,0x9bca,0x93a9,0x8b49,0x7b09,
0x7285,0x7220,0x7220,0x7a40,0x7a40,0x7a40,0x8260,0x92c0,0x9ae0,0xa320,0xab40,0xab40,
0xab41,0xa301,0xa322,0x92e3,0x92e5,0x92e3,0x92c1,0x92e1,0x9ae0,0xab20,0xb360,0xb360,
0xa320,0x9ae0,0x92e0,0x92e0,0x92e0,0x92e0,0x92e0,0x92e0,0x92e0,0x92e0,0x92e0,0x92e0,
0x92e0,0x92e0,0x92e0,0x92e0,0x92e0,0x92e0,0x92e0,0x92e0,0x92c0,0x8aa0,0x92e0,0x92c0,
0x92c0,0x92c0,0x92c0,0x8a80,0x92c0,0x8aa0,0x8a80,0x8a80,0x8a80,0x8a80,0x8a80,0x8260,
0x7a40,0x7a40,0x7220,0x7220,0x69e0,0x59a0,0x4960,0x4962,0x7286,0x9309,0x9329,0x9b49,
0x9b49,0x9b69,0xa369,0xa349,0xa36a,0xabaa,0xabaa,0xa36a,0xabaa,0xb3eb,0xb3eb,0xabaa,
0x9b49,0x9b49,0x9b69,0x9b69,0x9b69,0x9b69,0xabaa,0xbc2c,0xcc4c,0x9b29,0x9308,0xb3cb,
0xc44c,0xdcad,0xe4ce,0xe4ee,0xe4ce,0xdcce,0xd48d,0xc42c,0xbc0c,0xbbeb,0xb3cb,0xa38a,
0x8ae8,0xa38a,0xbc2c,0xcc6d,0xdcad,0xcc6d,0x9b69,0x59e5,0x3943,0x30e1,0x3102,0x4984,
0x59e4,0x7aa7,0x9b49,0x9b49,0xab8a,0xa36a,0xab8a,0xab6a,0xbc6a,0xe62e,0xf68e,0xf611,
0xee94,0x3102,0x0000,0x1000,0x1800,0x0000,0x1800,0x1820,0x2820,0x3060,0x50c0,0x60e0,
0x7960,0xa9e0,0xd261,0xf361,0xfb81,0xeb01,0xe406,0xfd4a,0xfd2b,0xfd2b,0xfd2b,0xfd2b,
0xfd2b,0xfd2b,0xfd2b,0xfd2b,0xfd2b,0xfd2b,0xf4ea,0xdc6a,0xab68,0x6a65,0x4183,0x3142,
0x3142,0x2942,0x2922,0x28e2,0x2902,0x3102,0x3142,0x3142,0x2942,0x3142,0x2942,0x2942,
0x3142,0x3142,0x3963,0x3963,0x3963,0x3163,0x3163,0x3143,0x3123,0x3122,0x3943,0x3143,
0x3163,0x3184,0x39a4,0x39e4,0x41c5,0x0000,0x0000,0x0000,0x0000,0x0000,0x0000,0x0000,
0x0000,0x0000,0x0000,0x0000,0x0000,0x0000,0x0000,0x8b6a,0x9baa,0x8b8b,0x834a,0x8b4a,
0x8b89,0x8b6a,0x9369,0x8329,0x72c8,0x5246,0x39a5,0x39a4,0x5225,0x7ae8,0x93c9,0x9bcb,
0x9c0b,0xa3ca,0x9bcb,0x9bcb,0x9bcb,0x9bc9,0x9bcb,0x9bcb,0x9bca,0x9349,0x8b49,0x7ac7,
0x7220,0x7220,0x7220,0x7220,0x7220,0x8260,0x92c0,0x9b00,0xa321,0x9b44,0x9b27,0x9b47,
0x9b48,0x9b48,0x9329,0x9309,0x8b29,0x8ae8,0x82c7,0x7aa6,0x7225,0x61e3,0x7220,0xb360,
0xb360,0xa320,0x92e0,0x92e0,0x92e0,0x92e0,0x92e0,0x92e0,0x92e0,0x92e0,0x92e0,0x92e0,
0x92e0,0x92e0,0x92e0,0x92e0,0x92e0,0x92e0,0x92e0,0x92e0,0x92c0,0x92e0,0x92e0,0x92c0,
0x92e0,0x92c0,0x8aa0,0x92c0,0x8aa0,0x8aa0,0x8aa0,0x8a80,0x8a80,0x8a80,0x8a80,0x8260,
0x7a40,0x7a40,0x7a40,0x7220,0x69e0,0x61c0,0x4960,0x4141,0x6205,0x8ac8,0x9329,0x9b49,
0x9b29,0x9b69,0x9b69,0x9b69,0xa36a,0xab6a,0xab8a,0x9b29,0xabaa,0xb3eb,0xabaa,0xab8a,
0x9b49,0x9b69,0xa38a,0xabaa,0xabaa,0x9b8a,0xabaa,0xb3eb,0xa38a,0x8b08,0x9b69,0xb3eb,
0xc44c,0xdcad,0xdcad,0xdcad,0xd46d,0xc46c,0xc3eb,0xbbeb,0xb3eb,0xa36a,0x8b08,0xa38a,
0xbc0b,0xc44c,0xd48d,0xe4ee,0xed2f,0xecee,0xbc2c,0x7a87,0x4123,0x6a06,0x51a4,0x6205,
0x6a26,0x7266,0x8ac8,0x9329,0xa38a,0xbc0c,0xc44c,0xbc0c,0xabab,0x9308,0xb3e8,0xf64e,
0xa40b,0x0000,0x0000,0x0000,0x0000,0x0000,0x0800,0x0000,0x0800,0x2000,0x2020,0x3840,
0x48a0,0x5900,0x89a0,0xba00,0xe2c1,0xfb81,0xf361,0xeb43,0xeca9,0xfd2b,0xfd2b,0xfd2b,
0xfd2b,0xfd2b,0xfd2b,0xfd2b,0xfd2b,0xfd2b,0xf4eb,0xdc6a,0xa387,0x6a65,0x4183,0x3143,
0x3142,0x2942,0x2922,0x28e1,0x28e1,0x2901,0x2922,0x3142,0x3142,0x3142,0x2902,0x2902,
0x2942,0x3142,0x3963,0x3963,0x3963,0x3163,0x3163,0x3143,0x3123,0x3123,0x3943,0x3163,
0x3163,0x3184,0x39a4,0x41e5,0x41e5,0x0000,0x0000,0x0000,0x0000,0x0000,0x0000,0x0000,
0x0000,0x0000,0x0000,0x0000,0x0000,0x0000,0x0000,0x8bab,0x93cb,0x93ab,0x8baa,0x8b4a,
0x8b89,0x9369,0x836a,0x8b49,0x6ac8,0x5247,0x39c5,0x41a5,0x5a46,0x8308,0x9389,0x9bcb,
0x9c0b,0x9bcb,0x9bcb,0x9bcb,0x9bcb,0x9bcb,0x9bcb,0x9bca,0x9b89,0x8b89,0x8b48,0x7283,
0x7220,0x7220,0x7220,0x7a40,0x7a40,0x8280,0x92e0,0x9305,0x9b29,0xa34a,0x9b69,0x9b69,
0x9b69,0x9b69,0x9b29,0x9b29,0x9329,0x8ae8,0x8ae8,0x8ae8,0x82c7,0x7a87,0x6a25,0x7a42,
0xab40,0xab40,0xa320,0xa300,0x9ae0,0x9ae0,0x92e0,0x92e0,0x9ae0,0x92e0,0x92e0,0x92e0,
0x92e0,0x92e0,0x92e0,0x92e0,0x92e0,0x92e0,0x92e0,0x92e0,0x92e0,0x92e0,0x92c0,0x92c0,
0x8aa0,0x92e0,0x92c0,0x92c0,0x8aa0,0x8a80,0x8aa0,0x8a80,0x8280,0x8a80,0x8260,0x8260,
0x7a40,0x7a40,0x7a40,0x7220,0x7220,0x61c0,0x51a0,0x4140,0x51a4,0x82c7,0xa369,0xa369,
0xa36a,0xa36a,0xa36a,0xab6a,0xab6a,0xabaa,0x9b49,0x9349,0xabaa,0xabca,0xabaa,0xa369,
0x9b69,0xa36a,0xabaa,0xabca,0xabaa,0xabaa,0xabaa,0x9b69,0x8b08,0x9329,0xabaa,0xb3eb,
0xc42c,0xcc6d,0xcc4d,0xc44c,0xbc0c,0xbbeb,0xb3eb,0xabaa,0x9309,0x8b08,0xb3eb,0xc44c,
0xcc6d,0xdc8d,0xecee,0xf52f,0xf54f,0xf54f,0xdcce,0x9b69,0x51c4,0x8267,0x7246,0x7a67,
0x7aa7,0x82c7,0x8ae8,0xa36a,0xc44c,0xcc6d,0xd48d,0xd48d,0xc44c,0xa38a,0x7a67,0xac07,
0x30e1,0x0800,0x0000,0x0000,0x0000,0x0000,0x0000,0x0000,0x0000,0x0000,0x1000,0x0800,
0x1800,0x2820,0x3880,0x60e0,0x8160,0xba41,0xe2e1,0xfb81,0xf321,0xebe6,0xfd2b,0xfd2b,
0xfd2b,0xfd2b,0xfd2b,0xfd2b,0xfd2b,0xfd2b,0xfcea,0xdc6a,0xa368,0x6a45,0x3983,0x3142,
0x3142,0x2942,0x20e1,0x20e1,0x20e1,0x2902,0x3142,0x3163,0x3142,0x2942,0x28e2,0x28e1,
0x28e1,0x2922,0x3143,0x3143,0x3143,0x3143,0x3143,0x3123,0x3123,0x3143,0x3163,0x3963,
0x3984,0x3963,0x39c4,0x41e5,0x4a25,0x0000,0x0000,0x0000,0x0000,0x0000,0x0000,0x0000,
0x0000,0x0000,0x0000,0x0000,0x0000,0x0000,0x0000,0x8bac,0x93cb,0x93ab,0x93cb,0x836a,
0x8b49,0x834a,0x8349,0x8b49,0x6ac8,0x5206,0x39a5,0x39a4,0x5a46,0x82e8,0x93cb,0x9c2b,
0x9bcb,0x9bcb,0x9bcb,0x9bcb,0x9bcb,0x9bcb,0x9bcb,0x9bcb,0x9bcb,0x93a9,0x8328,0x7241,
0x7220,0x7220,0x7220,0x7220,0x7a40,0x8282,0x9328,0x9b69,0xa36a,0xa36a,0xa36a,0xa36a,
0xa36a,0x9b69,0x9b29,0x9329,0x9329,0x8ae8,0x8ae8,0x8ae8,0x82c7,0x8ac8,0x82a7,0x8287,
0x9302,0xbb80,0xa320,0xa320,0xa320,0x9ae0,0xa300,0x92e0,0x92e0,0xa320,0x92e0,0x92e0,
0xa300,0x92e0,0x92e0,0x92e0,0x92e0,0x92e0,0x92e0,0x92e0,0x92e0,0x92e0,0x92e0,0x92e0,
0x92e0,0x92c0,0x92e0,0x8aa0,0x92c0,0x92c0,0x8aa0,0x8a80,0x8a80,0x8a80,0x8a80,0x8260,
0x7a40,0x8260,0x7a40,0x7220,0x7220,0x7200,0x59a0,0x4140,0x4983,0x7266,0x9b69,0xabaa,
0xabaa,0xabaa,0xabaa,0xabaa,0xabaa,0xabaa,0x9308,0xa369,0xabaa,0xabaa,0xa36a,0x9b8a,
0xa369,0xabaa,0xabaa,0xb3eb,0xb3cb,0xabaa,0xabaa,0xa36a,0x9b49,0xa34a,0xabaa,0xbc0c,
0xbc2c,0xbc2c,0xbbeb,0xb3eb,0xb3eb,0xb3cb,0x8ae8,0x9308,0xb3eb,0xc42c,0xc46c,0xdcad,
0xe4ce,0xed2f,0xed2f,0xf54f,0xf54f,0xf54f,0xed2e,0xbc0c,0x7a87,0x82c7,0x8b08,0x8ae8,
0x9308,0x9329,0x9329,0xb3eb,0xcc6d,0xdcce,0xecee,0xecee,0xd4ae,0xbc2c,0x8b08,0x6224,
0x6243,0x0000,0x1800,0x1000,0x0800,0x0800,0x0000,0x1800,0x0000,0x0000,0x0000,0x0000,
0x0000,0x0000,0x0000,0x1800,0x2840,0x58e0,0x91a0,0xda81,0xfb81,0xf361,0xeae1,0xf4eb,
0xfd2b,0xfd2b,0xfd2b,0xfd2b,0xfd0b,0xf4ea,0xf4ea,0xdc6a,0xab69,0x6a24,0x4183,0x3163,
0x2942,0x2902,0x20e2,0x18e1,0x20e1,0x2902,0x3142,0x3183,0x3142,0x2942,0x28e1,0x20e1,
0x28e1,0x28e1,0x3122,0x3123,0x3123,0x2922,0x2922,0x2922,0x3123,0x3163,0x3163,0x3984,
0x39a4,0x39e4,0x41e5,0x4a25,0x4a25,0x0000,0x0000,0x0000,0x0000,0x0000,0x0000,0x0000,
0x0000,0x0000,0x0000,0x0000,0x0000,0x0000,0x0000,0x8bac,0x93ab,0x8bab,0x834a,0x834a,
0x8329,0x8349,0x8329,0x7b29,0x6aa8,0x4a06,0x31a4,0x39a5,0x5246,0x72e8,0x8b8b,0x9bcb,
0x9bcb,0x9bcb,0x93cb,0x93ab,0x93ab,0x9bcb,0x9bcb,0x9bcb,0x9bcb,0x93aa,0x7ac5,0x69e0,
0x7220,0x7220,0x7220,0x7220,0x8284,0x9349,0xa36a,0xab6a,0xa38a,0xab8a,0xab8a,0xa36a,
0xab8a,0xab8a,0x9b49,0x9329,0x8b08,0x9308,0x8ae8,0x8ae8,0x8ac8,0x82a7,0x82c7,0x8ae8,
0x82a6,0xa320,0xb360,0xa320,0xa320,0xa320,0x9b00,0x9b00,0x9ae0,0x9b00,0x9b00,0x92e0,
0x9b00,0x92e0,0x9b00,0x92e0,0x9b00,0x92e0,0x92e0,0x92e0,0x92e0,0x92e0,0x92e0,0x92c0,
0x92e0,0x92c0,0x8aa0,0x8aa0,0x8aa0,0x8aa0,0x8aa0,0x8a80,0x8a80,0x8a80,0x8280,0x8280,
0x7a40,0x7a40,0x7a40,0x7a40,0x7220,0x7220,0x59a0,0x5180,0x4161,0x61e5,0x92e8,0xab8a,
0xabaa,0xb3aa,0xabaa,0xabaa,0xabaa,0xab8a,0x9329,0xa369,0xabaa,0xa38a,0xa369,0x9b69,
0xab8a,0xabaa,0xb3cb,0xb3eb,0xb3eb,0xb3eb,0xabcb,0xab8a,0xa36a,0xabaa,0xb3eb,0xb3eb,
0xb3eb,0xabaa,0xabaa,0xabaa,0x9b29,0x8ae8,0x9b49,0xbc0c,0xc44c,0xd48d,0xdcce,0xe50e,
0xed2f,0xf54f,0xf54f,0xf54f,0xfd70,0xf54f,0xed0e,0xcc4c,0x9308,0x9b29,0xb3aa,0x9329,
0xa369,0x9b49,0xa369,0xbc2c,0xd48d,0xe4ee,0xed2f,0xf54f,0xecee,0xcc4d,0x9329,0x7246,
0xddad,0x28e1,0x1000,0x1000,0x1000,0x1000,0x1000,0x1000,0x1800,0x1000,0x1000,0x1000,
0x1000,0x1000,0x0800,0x0800,0x0800,0x1000,0x3820,0x70a0,0xb1c0,0xeb01,0xfb81,0xf342,
0xf3e9,0xfd2b,0xfd2b,0xfd2b,0xfd2b,0xfd2b,0xf4ea,0xdc6a,0xa368,0x6a65,0x41a3,0x3163,
0x2942,0x2922,0x20e1,0x20e2,0x28e2,0x2942,0x3142,0x3143,0x3142,0x2922,0x28e2,0x20e1,
0x20c1,0x20e1,0x2922,0x3122,0x3123,0x2922,0x2923,0x2922,0x2923,0x3143,0x3163,0x39a4,
0x41c4,0x41e5,0x41e5,0x4a05,0x41e5,0x0000,0x0000,0x0000,0x0000,0x0000,0x0000,0x0000,
0x0000,0x0000,0x0000,0x0000,0x0000,0x0000,0x0000,0x8bac,0x93cb,0x8b8b,0x836a,0x7b29,
0x7b29,0x7b29,0x7b29,0x72e8,0x5a67,0x41c5,0x3164,0x3184,0x5206,0x6287,0x8329,0x93aa,
0x93cb,0x93cb,0x93ab,0x8ba9,0x8baa,0x93cb,0x93cb,0x93cb,0x93ab,0x834a,0x6a42,0x7220,
0x69e0,0x7220,0x7220,0x82e5,0x9b49,0xab8a,0xabaa,0xabaa,0xabaa,0xabaa,0xabaa,0xabaa,
0xb3ca,0xab8a,0x9b29,0x9329,0x9309,0x8ae8,0x8ae8,0x8ae8,0x82c7,0x8ae8,0x8ae8,0x8ae8,
0x8ae8,0x8ae3,0xb360,0xab40,0xa320,0xa320,0xa320,0xa300,0xa320,0x9ae0,0x9b00,0x92e0,
0xa300,0x9ae0,0x92e0,0x92e0,0x92e0,0x92e0,0x92e0,0x92e0,0x92e0,0x92e0,0x92e0,0x92e0,
0x92e0,0x92c0,0x92c0,0x92c0,0x8aa0,0x8a80,0x8aa0,0x8a80,0x8a80,0x8a80,0x8260,0x8260,
0x7a40,0x7a40,0x7a40,0x7220,0x7a40,0x7220,0x61c0,0x5180,0x4140,0x4964,0x7287,0xa369,
0xb3cb,0xabaa,0xabaa,0xb3aa,0xb3ca,0xa34a,0x9309,0xa36a,0xa36a,0xa36a,0x9b69,0xa36a,
0xabaa,0xb3eb,0xb3eb,0xb3eb,0xb3eb,0xb3eb,0xabaa,0xabaa,0x9bcb,0xabab,0xb3eb,0xb3eb,
0xabcb,0xabaa,0xabaa,0xa38a,0x8b49,0xb3cb,0xbc2c,0xcc6d,0xdcad,0xecee,0xed0e,0xed2f,
0xf54f,0xf54f,0xf54f,0xed2f,0xed2f,0xed0e,0xd48d,0xc42c,0xa38a,0xcc4c,0xd48d,0x9b69,
0xabaa,0x9329,0xa38a,0xc44c,0xdcad,0xed0f,0xfd6f,0xfd6f,0xf52f,0xcc6d,0x9309,0x8ae8,
0xee53,0x8bc7,0x0000,0x2000,0x2000,0x2000,0x1000,0x2000,0x1000,0x2000,0x2000,0x2000,
0x2000,0x2000,0x2000,0x2000,0x2000,0x2000,0x3000,0x3800,0x4800,0x7900,0xd261,0xf361,
0xfb81,0xf384,0xfd0b,0xfd2b,0xfd2b,0xfcea,0xf4ca,0xd42b,0xa367,0x6a66,0x41c3,0x3163,
0x3163,0x2942,0x2902,0x2902,0x2922,0x3142,0x3142,0x3142,0x3142,0x28e1,0x28e1,0x28e1,
0x20e1,0x28e1,0x2922,0x2922,0x3123,0x2922,0x2923,0x2922,0x2923,0x3163,0x3184,0x39a4,
0x41e4,0x41e4,0x41e5,0x41e5,0x39a4,0x0000,0x0000,0x0000,0x0000,0x0000,0x0000,0x0000,
0x0000,0x0000,0x0000,0x0000,0x0000,0x0000,0x0000,0x8bac,0x93ec,0x8b8b,0x836a,0x7b29,
0x7b29,0x7b29,0x72e9,0x6288,0x4a06,0x3164,0x2943,0x2943,0x3184,0x4a06,0x6287,0x72e8,
0x8349,0x8b49,0x8b6a,0x8b6a,0x8b6a,0x8b6b,0x8b6b,0x836a,0x7b29,0x7ac7,0x69e0,0x69e0,
0x7200,0x69e0,0x82a4,0x9b49,0xa38a,0xabaa,0xabaa,0xb3cb,0xb3cb,0xb3cb,0xb3aa,0xb3aa,
0xb3aa,0xa349,0x9b49,0x9329,0x9309,0x8b08,0x8ae8,0x8ae8,0x8ae8,0x8ae8,0x8ae8,0x8ae8,
0x8b08,0x92e7,0xab41,0xb360,0xab40,0xa320,0xa320,0xa300,0x9b00,0xa320,0x9b00,0xa320,
0xa320,0x92e0,0x9b00,0x9ae0,0x92e0,0x92e0,0x92e0,0x92e0,0x92e0,0x92e0,0x92e0,0x92e0,
0x92e0,0x92c0,0x92e0,0x8aa0,0x8aa0,0x8a80,0x8a80,0x92c0,0x8a80,0x8a80,0x8260,0x8280,
0x7a40,0x7a40,0x7a40,0x7a40,0x7a40,0x7220,0x69e0,0x5180,0x4140,0x4962,0x5a05,0x9308,
0xabaa,0xb3cb,0xb3cb,0xb3cb,0xb3aa,0x8b49,0x9b49,0xa36a,0xa36a,0xa36a,0xa36a,0xab8a,
0xb3eb,0xb3eb,0xbc0b,0xbc2c,0xbc2c,0xb3eb,0xabca,0xabaa,0xabaa,0xb3cb,0xb3eb,0xabca,
0xa38a,0xab8a,0xab8a,0x9b69,0xb3cb,0xc44c,0xd48d,0xdcce,0xe4ee,0xed2f,0xf52f,0xf52f,
0xf54f,0xed2f,0xed2f,0xecee,0xdcad,0xcc6c,0xc42c,0xb3eb,0xb3eb,0xe4ee,0xc42c,0xabaa,
0xb3eb,0x82c7,0xabaa,0xcc6c,0xdcce,0xf52f,0xfd90,0xfd90,0xf52f,0xcc6c,0x9308,0xcc6c,
0xfed5,0xcd6c,0x1800,0x2000,0x2000,0x2000,0x2000,0x2800,0x2800,0x3800,0x3800,0x4000,
0x4800,0x4800,0x4800,0x4800,0x4000,0x4000,0x5820,0x5860,0x5020,0x5020,0x68a0,0xa9e0,
0xf301,0xf361,0xeb04,0xf4aa,0xfd0b,0xfd2b,0xf4cb,0xdc6a,0xa367,0x6a66,0x41c3,0x3983,
0x3163,0x2942,0x2922,0x2942,0x2922,0x2942,0x2942,0x3142,0x2942,0x28e2,0x28e1,0x28e1,
0x20e1,0x28e1,0x2922,0x2922,0x3123,0x2943,0x3143,0x3143,0x3163,0x3983,0x3984,0x41c4,
0x41e5,0x49e5,0x41e4,0x39a4,0x2963,0x0000,0x0000,0x0000,0x0000,0x0000,0x0000,0x0000,
0x0000,0x0000,0x0000,0x0000,0x0000,0x0000,0x0000,0x836a,0x8b8b,0x834a,0x7309,0x6ac8,
0x6aa8,0x6267,0x5267,0x41e6,0x3164,0x2143,0x18e3,0x18e3,0x2103,0x2943,0x39a4,0x5206,
0x6267,0x62a8,0x6aa8,0x6aa8,0x6ae8,0x72e9,0x72e9,0x6ae8,0x6ac8,0x6a44,0x6a00,0x6a00,
0x6a00,0x7284,0x9b49,0xa38a,0xabaa,0xb3cb,0xb3eb,0xb3eb,0xb3aa,0xb3aa,0xabaa,0xabaa,
0xab8a,0xa36a,0x9b49,0x9329,0x9329,0x8ae8,0x8b08,0x8ae8,0x8ae8,0x8ae8,0x8b08,0x92e8,
0x9329,0x9309,0x9b01,0xb360,0xb360,0xa320,0xa320,0xa320,0xa300,0x9ae0,0x9b00,0xa300,
0x9ae0,0xa300,0x92e0,0x9ae0,0x92e0,0x92e0,0x9ae0,0x9ae0,0x92e0,0x92e0,0x92e0,0x92c0,
0x92e0,0x92e0,0x92c0,0x8aa0,0x8aa0,0x92c0,0x8a80,0x8a80,0x8a80,0x8280,0x8260,0x8260,
0x8280,0x8260,0x7a40,0x7a40,0x7220,0x7220,0x69e0,0x59a0,0x4940,0x4162,0x51a4,0x82a7,
0xabaa,0xb3cb,0xb3ca,0xb3cb,0xabaa,0x8ae8,0x9b49,0xa36a,0xa369,0xa38a,0x9baa,0xabaa,
0xb3eb,0xbc2c,0xbc2c,0xbc2c,0xbc0b,0xbc0c,0xb3eb,0xabcb,0xabca,0xb3eb,0xb3cb,0xa38a,
0xa38a,0xa38a,0x9b49,0xabcb,0xc44c,0xd48d,0xe4ce,0xed0f,0xf52f,0xf54f,0xf54f,0xf54f,
0xed2f,0xe50e,0xdcce,0xd48d,0xcc4c,0xbc0c,0xbbeb,0xbbeb,0xd48d,0xf570,0x9328,0x8ae8,
0x7267,0x3922,0xabaa,0xcc8d,0xe4ce,0xf54f,0xfd4f,0xf54f,0xdcad,0xabab,0xbbeb,0xf5b0,
0xeeb4,0xf6f2,0x6982,0x4840,0x6060,0x6860,0x78c0,0x78c0,0x80e0,0x8920,0x8920,0xa140,
0xa140,0xa140,0xa140,0xa980,0xa980,0xa980,0xb180,0xb1a0,0xb180,0xc200,0xb1a0,0xb1a0,
0xca40,0xf341,0xf361,0xf301,0xec28,0xfd2b,0xeccb,0xdc6a,0xab69,0x6a66,0x41c3,0x3983,
0x3983,0x3183,0x3143,0x2942,0x2942,0x3142,0x2942,0x3142,0x2942,0x2902,0x28e1,0x28e1,
0x2901,0x2901,0x2963,0x3163,0x3143,0x3143,0x3143,0x3163,0x3963,0x39a4,0x39a4,0x41e5,
0x4a05,0x4a25,0x41e4,0x3984,0x2943,0x0000,0x0000,0x0000,0x0000,0x0000,0x0000,0x0000,
0x0000,0x0000,0x0000,0x0000,0x0000,0x0000,0x0000,0x6b0b,0x6b0b,0x6ac8,0x5a67,0x5247,
0x41e6,0x41e5,0x3985,0x2964,0x2103,0x18e3,0x18c2,0x18c2,0x18c2,0x18e2,0x2902,0x3164,
0x39a5,0x41c5,0x41c5,0x41c6,0x4a06,0x4a06,0x4a07,0x4a07,0x41c6,0x59c1,0x6a00,0x61c0,
0x7a63,0x9b49,0xa36a,0xabaa,0xb3eb,0xb3eb,0xb3eb,0xb3ca,0xb3cb,0xabaa,0xab8a,0xabaa,
0xab89,0x9b69,0x9b69,0x9b49,0x9329,0x9329,0x9309,0x8ae8,0x8b28,0x8b29,0x9308,0x9329,
0x9329,0x9b49,0x92e5,0xab40,0xb360,0xab20,0xa320,0xa320,0xa320,0xa320,0xa320,0x9ae0,
0x9ae0,0xa320,0x92e0,0x9b00,0x92e0,0x92e0,0x92e0,0x92e0,0x92e0,0x92e0,0x92e0,0x92e0,
0x92e0,0x92c0,0x92c0,0x8aa0,0x92c0,0x92c0,0x8a80,0x8a80,0x8a80,0x8a80,0x8a80,0x7a40,
0x8a80,0x7a40,0x7a40,0x7a40,0x7a40,0x7220,0x7220,0x61c0,0x4980,0x4942,0x4983,0x6a25,
0x9b49,0xb3cb,0xb3eb,0xb3eb,0xa36a,0x9329,0x9b69,0xa3aa,0xabaa,0xab8a,0xabaa,0xb3cb,
0xbc2c,0xbc2c,0xbc2c,0xc42c,0xbc2c,0xbc0c,0xb3eb,0xb3eb,0xb3eb,0xb40b,0xa38a,0x8ae8,
0x9b49,0x9329,0xa38a,0xbc2c,0xd48d,0xdcce,0xed2f,0xed2f,0xed2f,0xf52f,0xf54f,0xed2f,
0xdcce,0xdcad,0xcc4c,0xbc0c,0xbc2c,0xabab,0x8ae8,0x7aa7,0xbbcb,0x6a66,0x4143,0x18a1,
0x0800,0x1061,0x9b69,0xcc8d,0xed2f,0xed2f,0xed2f,0xd48d,0xb3eb,0xabaa,0xed2f,0xfdf0,
0xff36,0xff73,0xbba8,0x80c0,0xa140,0xa140,0xa140,0xa140,0xa140,0xa140,0xa140,0xa140,
0xb9e0,0xb9e0,0xba00,0xc220,0xc220,0xd261,0xd261,0xda61,0xeac1,0xeac1,0xeac1,0xeac1,
0xeae1,0xf341,0xfb81,0xfb81,0xeb01,0xeb08,0xf4ca,0xd42b,0x9b67,0x6a66,0x41c3,0x39a3,
0x3983,0x3983,0x3163,0x3142,0x2942,0x2942,0x3142,0x3142,0x3142,0x3142,0x28e1,0x28e1,
0x2922,0x3122,0x3163,0x3163,0x3163,0x3163,0x3983,0x39a3,0x39a3,0x39a4,0x41e4,0x4a05,
0x5225,0x5226,0x49e5,0x41c4,0x3163,0x0000,0x0000,0x0000,0x0000,0x0000,0x0000,0x0000,
0x0000,0x0000,0x0000,0x0000,0x0000,0x0000,0x0000,0x4a47,0x5267,0x4a07,0x41e6,0x39a5,
0x3184,0x3164,0x2963,0x2943,0x2943,0x2923,0x2123,0x2923,0x2963,0x3143,0x3163,0x3163,
0x3163,0x3983,0x3143,0x3163,0x2943,0x2963,0x3164,0x2964,0x2964,0x61c0,0x69e0,0x69e0,
0x8ae8,0xa36a,0xabca,0xbbeb,0xbc0b,0xbbeb,0xb3eb,0xb3eb,0xabaa,0xabaa,0xab8a,0xab8a,
0xa36a,0xa36a,0x9b69,0x9b49,0x9329,0x9329,0x9308,0x8b08,0x8ae8,0x9329,0x9309,0x9329,
0x9b29,0x9b69,0x9329,0x9b00,0xb360,0xab40,0xa320,0xa320,0xa320,0xa320,0x9b00,0x9b00,
0x9b00,0x9b00,0x9b00,0x9b00,0x9b00,0x9b00,0x92e0,0x9b00,0x92e0,0x92e0,0x92e0,0x92e0,
0x92c0,0x92e0,0x8aa0,0x8aa0,0x8aa0,0x8a80,0x8280,0x8a80,0x8a80,0x8a80,0x8a80,0x7a40,
0x8260,0x8260,0x7a40,0x7a40,0x7a40,0x7a20,0x7220,0x61c0,0x4960,0x4961,0x4983,0x59e4,
0x8ae8,0xb3cb,0xbbeb,0xbbeb,0x9b49,0x9349,0xa369,0xab8a,0xabaa,0xabaa,0xabaa,0xb3eb,
0xbc0c,0xc42c,0xc42c,0xc44c,0xc42c,0xbc0c,0xbc0c,0xbc0b,0xb3eb,0xbc0c,0x9b69,0x8ae8,
0x8b28,0x9349,0xb3eb,0xcc6d,0xdcce,0xe4ee,0xed2f,0xf52f,0xf52f,0xed2f,0xecee,0xdcce,
0xd46c,0xc44c,0xbc0b,0xabaa,0x9b49,0x9b69,0x82c8,0x4984,0x28c1,0x30e1,0x1040,0x0000,
0x1060,0x28c1,0x8b08,0xc46c,0xd48d,0xcc8d,0xc42c,0xbbeb,0xbc0b,0xdcad,0xf54f,0xfdd1,
0xee92,0xeeb5,0xc2c7,0xa140,0xa140,0xa140,0xa140,0xa9a0,0xa960,0xb1a0,0xb9e0,0xca20,
0xd261,0xca40,0xd261,0xda81,0xeac1,0xe2a1,0xeae1,0xeae1,0xf321,0xeae1,0xf321,0xf321,
0xfb81,0xfb81,0xfb81,0xfb81,0xfb81,0xf321,0xdb04,0xdc4a,0xa368,0x6a65,0x41c3,0x3983,
0x3983,0x3983,0x3163,0x3142,0x2942,0x2902,0x2922,0x3142,0x3142,0x3142,0x3142,0x3122,
0x3142,0x3142,0x3163,0x3983,0x3163,0x3163,0x3983,0x3983,0x39a4,0x39a4,0x41e4,0x4a05,
0x5246,0x5266,0x5225,0x49c4,0x3163,0x0000,0x0000,0x0000,0x0000,0x0000,0x0000,0x0000,
0x0000,0x0000,0x0000,0x0000,0x0000,0x0000,0x0000,0x39a5,0x41e6,0x41e6,0x41e5,0x41c5,
0x39a4,0x39a4,0x39a4,0x39a4,0x41a5,0x41e4,0x49e5,0x49e5,0x49e5,0x5225,0x5225,0x5225,
0x49c5,0x41c5,0x41a4,0x3984,0x3143,0x2122,0x2103,0x18e3,0x2942,0x61c0,0x61c0,0x7a86,
0xa36a,0xabaa,0xbbeb,0xbc2c,0xbbeb,0xbbeb,0xb3eb,0xb3cb,0xabaa,0xabaa,0xabaa,0xabaa,
0xa36a,0xa36a,0xa36a,0x9b69,0x9b49,0x9329,0x8ae8,0x8b08,0x9329,0x9329,0x9329,0x9b29,
0x9b69,0xa369,0x9b69,0x9b02,0xb360,0xab20,0xa320,0xa320,0xa320,0xa320,0xa320,0xa300,
0x9ae0,0xa300,0x9ae0,0x9b00,0x9ae0,0x9ae0,0x92e0,0x92e0,0x9ae0,0x92e0,0x92e0,0x92c0,
0x92c0,0x92c0,0x8a80,0x8a80,0x8aa0,0x8a80,0x8a80,0x8a80,0x8a80,0x8a80,0x8a80,0x8260,
0x8a80,0x8260,0x7a40,0x7a40,0x7a40,0x7a40,0x7220,0x61c0,0x5180,0x4981,0x4983,0x51a4,
0x7a67,0xabca,0xbbeb,0xbbeb,0x9308,0x9b29,0xa38a,0xabaa,0xabaa,0xabaa,0xb3eb,0xbc0c,
0xc42c,0xc44c,0xc44c,0xc46d,0xc44c,0xc42c,0xbc2c,0xbc2c,0xbc2c,0xb3eb,0xa36a,0x9329,
0x9329,0xab6a,0xbc2c,0xdcad,0xe4ee,0xed2f,0xed2f,0xed2f,0xed0f,0xdcce,0xd48d,0xc46c,
0xbc2c,0xbbcb,0x9b49,0x8308,0xbc2c,0xdcce,0xcc6d,0x9b49,0x49a4,0x59a4,0x28c1,0x20a1,
0x3102,0x3942,0x6a66,0xab8a,0xb3cb,0xabaa,0xabaa,0xb3eb,0xcc4c,0xdcce,0xf52f,0xfdb0,
0xfdd0,0xeeb5,0xca65,0xa140,0xa140,0xb1c0,0xb180,0xba00,0xd261,0xd261,0xd261,0xd261,
0xda61,0xe2a1,0xda81,0xeae1,0xeae1,0xeae1,0xeae1,0xfb81,0xfb81,0xfb81,0xfb81,0xfb81,
0xfb81,0xfb81,0xfb81,0xfb81,0xfb81,0xfb81,0xf321,0xba41,0xab28,0x6a24,0x41c3,0x3983,
0x3983,0x3983,0x3142,0x3143,0x2942,0x2942,0x2902,0x3142,0x3142,0x3142,0x3142,0x3142,
0x3142,0x3142,0x3163,0x3163,0x3163,0x3163,0x3163,0x3163,0x3163,0x3984,0x39a4,0x4a05,
0x5226,0x5246,0x5225,0x49e5,0x3163,0x0000,0x0000,0x0000,0x0000,0x0000,0x0000,0x0000,
0x0000,0x0000,0x0000,0x0000,0x0000,0x0000,0x0000,0x2964,0x39c5,0x4a26,0x5a47,0x6267,
0x6267,0x6267,0x5a46,0x6267,0x62a7,0x6aa8,0x72e8,0x7b08,0x7b08,0x7b08,0x7b08,0x72e8,
0x6aa7,0x6aa7,0x6267,0x5226,0x4a04,0x39a4,0x2943,0x2123,0x4181,0x61c0,0x6a01,0x9b49,
0xabaa,0xb3eb,0xbc0b,0xbbeb,0xbc0c,0xb3eb,0xb3eb,0xb3cb,0xb3cb,0xb3ab,0xabaa,0xabaa,
0xabaa,0xab8a,0xa36a,0x9b69,0x9b49,0x9329,0x8b29,0x9309,0x9309,0x9329,0x9329,0x9b29,
0x9b69,0xa369,0xa36a,0x8ae4,0xab20,0xab40,0xa320,0xa320,0xa320,0xa320,0xa320,0xa300,
0xa320,0xa300,0x9ae0,0xa300,0x9b00,0x9ae0,0x9b00,0x92e0,0x92e0,0x92e0,0x92e0,0x92e0,
0x92e0,0x92c0,0x92c0,0x8aa0,0x8aa0,0x8a80,0x8a80,0x8a80,0x8a80,0x8280,0x8260,0x8280,
0x8260,0x8260,0x8280,0x8260,0x7a40,0x7220,0x7220,0x6a00,0x59a0,0x5181,0x4184,0x4983,
0x6205,0x9b49,0xbbeb,0xb3ca,0x9329,0x9b69,0xab8a,0xabaa,0xb3cb,0xb3eb,0xb3eb,0xbc2c,
0xc42c,0xcc4d,0xcc6c,0xcc6c,0xcc6c,0xcc6d,0xc44c,0xc44c,0xc42c,0xb3cb,0x9b49,0x8b29,
0x9b69,0xb3eb,0xc44c,0xdcad,0xe4ce,0xe4ee,0xe4ee,0xdcce,0xdcad,0xcc4c,0xc42c,0xb40b,
0x9b49,0x9b69,0xb3eb,0xd48d,0xe50e,0xf52f,0xed0f,0xbc2c,0x6a26,0x61e5,0x59c5,0x3963,
0x5184,0x59e4,0x5a05,0x82a7,0x9b29,0x9b69,0x9b69,0xabaa,0xc40b,0xdcad,0xf52f,0xfd6f,
0xfdf0,0xee74,0xba00,0xb1a0,0xca40,0xca20,0xc220,0xca41,0xd261,0xd261,0xe2a1,0xda81,
0xeae1,0xeac1,0xeae1,0xeae1,0xeb01,0xf321,0xf321,0xfb81,0xf361,0xfb81,0xfb81,0xfb81,
0xfb81,0xfb81,0xfb81,0xfb81,0xfb81,0xfb81,0xf321,0xe2c1,0xb241,0x6a25,0x4183,0x3183,
0x3983,0x3163,0x3142,0x3142,0x3142,0x2942,0x2922,0x3142,0x3142,0x3142,0x3142,0x3142,
0x2942,0x2942,0x2963,0x2963,0x2963,0x2943,0x2943,0x2923,0x2923,0x3163,0x3984,0x39c5,
0x4a06,0x4a26,0x4a05,0x41c5,0x3983,0x0000,0x0000,0x0000,0x0000,0x0000,0x0000,0x0000,
0x0000,0x0000,0x0000,0x0000,0x0000,0x0000,0x0000,0x2123,0x39c5,0x5247,0x72e9,0x7b09,
0x7ae8,0x7ac8,0x72c8,0x7ac8,0x8308,0x8b49,0x8b89,0x8b8b,0x8ba9,0x93ca,0x8b8a,0x8b69,
0x8b49,0x8b49,0x7b29,0x7ac7,0x6287,0x5225,0x3184,0x2943,0x51c1,0x61c0,0x8ac6,0xabaa,
0xb3eb,0xb3eb,0xbbeb,0xbc0c,0xbbeb,0xbbeb,0xb3eb,0xb3eb,0xb3eb,0xabab,0xb3cb,0xabaa,
0xabaa,0xabaa,0xa36a,0xa36a,0x9b29,0x9329,0x9329,0x9309,0x9329,0x9b29,0x9b49,0x9b69,
0xa369,0xab6a,0xab8a,0x92e5,0xa320,0xab40,0xa320,0xa320,0xa320,0xa320,0xa320,0xa320,
0xa300,0x9b00,0x9b00,0x9b00,0x9ae0,0x9b00,0x9ae0,0x9b00,0x92e0,0x92e0,0x92e0,0x92e0,
0x92c0,0x92c0,0x92c0,0x8aa0,0x92c0,0x92c0,0x8aa0,0x8aa0,0x8aa0,0x8a80,0x8a80,0x8a80,
0x8a80,0x8260,0x8260,0x7a40,0x7a40,0x7a40,0x7220,0x6a00,0x59a0,0x4980,0x4983,0x4983,
0x59c5,0x8ac8,0xb3ca,0xa38a,0x9309,0x9b69,0xab8a,0xabaa,0xb3eb,0xb3eb,0xbc2c,0xc42c,
0xc46c,0xcc6c,0xcc6d,0xcc6d,0xcc6d,0xcc4d,0xc46d,0xc44c,0xc42c,0xb3eb,0xa36a,0x9b49,
0xabaa,0xbc2c,0xcc4c,0xdcad,0xdcce,0xdcce,0xdcae,0xcc6d,0xc44c,0xbc0b,0xabaa,0x9b49,
0xab8a,0xcc8d,0xe4ee,0xed0e,0xf54f,0xfd90,0xfd6f,0xdcae,0x9328,0x6a26,0x82a7,0x59e4,
0x6a25,0x7246,0x6a46,0x7a87,0x8b08,0x9308,0x9329,0xa38a,0xbc0b,0xcc6c,0xe4ce,0xfd4f,
0xfdb0,0xe50d,0xba00,0xd241,0xc220,0xd261,0xd261,0xda81,0xe2c1,0xda81,0xda81,0xeae1,
0xeae1,0xeae1,0xeae1,0xf321,0xeae1,0xeae1,0xeae1,0xeae1,0xeb01,0xeae1,0xf341,0xf301,
0xeb21,0xf321,0xeb01,0xf361,0xeb01,0xeae1,0xeae1,0xeac1,0xda61,0x9981,0x4963,0x3163,
0x3142,0x3142,0x3163,0x3163,0x3163,0x3183,0x3143,0x2942,0x2922,0x2922,0x2902,0x2902,
0x2902,0x2922,0x2923,0x2943,0x2923,0x2923,0x2923,0x2122,0x2923,0x2943,0x3163,0x39a4,
0x39c5,0x41e5,0x41e5,0x41e5,0x39a4,0x0000,0x0000,0x0000,0x0000,0x0000,0x0000,0x0000,
0x0000,0x0000,0x0000,0x0000,0x0000,0x0000,0x0000,0x2103,0x3985,0x5247,0x7b29,0x836a,
0x8b8b,0x8349,0x8329,0x7b29,0x8b49,0x8ba9,0x93cb,0x93cb,0xa42b,0x9bcb,0x9bcb,0x93cb,
0x8bab,0x93aa,0x8baa,0x8b49,0x72e8,0x6267,0x41c5,0x3183,0x61c0,0x7262,0xabaa,0xb3cb,
0xb3eb,0xbc2c,0xbc0c,0xbc2c,0xbbeb,0xbbeb,0xb3eb,0xb3eb,0xb3eb,0xb3eb,0xb3cb,0xb3eb,
0xabaa,0xabaa,0xa36a,0x9b69,0x9b29,0x9329,0x9329,0x9329,0x9329,0x9b49,0x9b69,0x9b69,
0xab8a,0xabaa,0xabaa,0x9b27,0xa320,0xab40,0xa320,0xa320,0xa320,0xa320,0xa320,0xa320,
0xa300,0xa320,0xa300,0x9b00,0x92e0,0x9b00,0x92e0,0x92e0,0x92e0,0x92e0,0x92e0,0x8aa0,
0x92c0,0x92c0,0x92c0,0x8aa0,0x92c0,0x92c0,0x8aa0,0x8aa0,0x8a80,0x8a80,0x8a80,0x8280,
0x8a80,0x8280,0x8280,0x8280,0x7a40,0x7a40,0x7a40,0x7220,0x59a0,0x5180,0x4983,0x49a4,
0x5184,0x7266,0xa38a,0x8b49,0x9329,0xa36a,0xabaa,0xb3eb,0xb3eb,0xbc0b,0xbc2c,0xc44c,
0xcc6d,0xcc6d,0xcc6d,0xcc6d,0xcc6d,0xcc6d,0xcc6d,0xc46c,0xc42c,0xbc2c,0xb3cb,0xabaa,
0xb40b,0xbc2c,0xc44c,0xcc6d,0xccad,0xcc6c,0xbc2c,0xbbeb,0xb3cb,0x9b49,0xb3cb,0xcc4d,
0xdcae,0xed2f,0xf54f,0xfd6f,0xf54f,0xfd90,0xf54f,0xe4ee,0xa38a,0x8ac8,0xab6a,0x6a25,
0x8287,0x8ac8,0x8ac8,0xa38a,0xabcb,0x9b69,0x7286,0x7266,0xb3cb,0xcc6c,0xe4ae,0xf52f,
0xe48c,0xb1e1,0xba00,0xba00,0xd241,0xd241,0xd261,0xda61,0xe2a1,0xeac1,0xe2c1,0xda61,
0xda61,0xda61,0xeac1,0xda61,0xe2c1,0xda61,0xda61,0xda61,0xda61,0xda61,0xda61,0xda61,
0xd261,0xca20,0xda61,0xda61,0xda61,0xda61,0xda61,0xda61,0xc220,0xca20,0x9940,0x3922,
0x3142,0x3142,0x3143,0x3183,0x3983,0x3983,0x3183,0x2942,0x2922,0x2922,0x2902,0x2902,
0x28e1,0x28e2,0x2922,0x2122,0x2923,0x2122,0x2122,0x2923,0x2923,0x3163,0x3184,0x3184,
0x39a5,0x39e5,0x41e5,0x41e5,0x39a4,0x0000,0x0000,0x0000,0x0000,0x0000,0x0000,0x0000,
0x0000,0x0000,0x0000,0x0000,0x0000,0x0000,0x0000,0x18e2,0x3164,0x5247,0x7b29,0x8b8b,
0x93ab,0x836a,0x8329,0x8329,0x8329,0x834a,0x8bab,0x93cb,0x93cb,0x9bcb,0x93ab,0x93ab,
0x8b8a,0x8b8a,0x93ab,0x836a,0x7b29,0x6aa7,0x41e5,0x3983,0x61c0,0x9328,0xabaa,0xb3eb,
0xbbeb,0xbc0b,0xbc0c,0xbc0b,0xbc0b,0xbbeb,0xbbeb,0xbbeb,0xbbeb,0xb3eb,0xb3cb,0xb3cb,
0xabaa,0xabaa,0xa36a,0x9b69,0x9b49,0x9329,0x9329,0x9329,0x9b49,0x9b69,0x9b69,0xa36a,
0xab8a,0xabaa,0xabaa,0xa368,0x8aa0,0xab40,0xab40,0xa320,0xa320,0xa320,0xa320,0xa320,
0xa320,0x9b00,0x9b00,0xa300,0x9b00,0x9ae0,0x9b00,0x9b00,0x92e0,0x92e0,0x92e0,0x92c0,
0x92e0,0x8ac0,0x8aa0,0x8aa0,0x92c0,0x8aa0,0x8aa0,0x8a80,0x8a80,0x8a80,0x8a80,0x8a80,
0x8a80,0x8a80,0x8a80,0x8a80,0x8260,0x7a40,0x7a40,0x7220,0x61c0,0x5180,0x5184,0x4984,
0x49a4,0x6a25,0x9309,0x8ae8,0x9b49,0xabaa,0xb3eb,0xb3eb,0xbc0b,0xbc2c,0xc42c,0xcc6c,
0xcc6d,0xcc8d,0xd48d,0xd48d,0xd4ad,0xcc8d,0xcc6d,0xc46c,0xc42c,0xbc0c,0xb3eb,0xb3eb,
0xbc0c,0xbc2c,0xbc2c,0xc44c,0xbc0c,0xb40b,0xabcb,0xab8a,0xabaa,0xbc0c,0xd48d,0xe4ee,
0xed2f,0xf54f,0xfd4f,0xfd70,0xfd90,0xf54f,0xed0f,0xd48d,0xabaa,0xbbeb,0xbc0b,0x82a7,
0x9308,0x9329,0xb3cb,0xc44c,0xcc6c,0xb3eb,0x8ae8,0x4163,0x6a46,0x9b29,0xd48d,0xd409,
0x99e1,0xa1e0,0xa1e0,0xa9e0,0xa1e0,0xb1e0,0xa9e0,0xba00,0xba00,0xb1e0,0xc220,0xca20,
0xca20,0xca20,0xca20,0xca20,0xba00,0xba20,0xba00,0xba20,0xa9e0,0xa9e0,0xa9e0,0xb1c0,
0xa9e0,0xb1e0,0xb1e0,0xb1e0,0xb1c0,0xb1a0,0xba00,0xba00,0xb1a0,0xb1c0,0xb1a0,0x7920,
0x3142,0x3142,0x3142,0x3183,0x3983,0x3983,0x3163,0x3122,0x2922,0x2922,0x2902,0x2902,
0x20e2,0x28e2,0x2923,0x2922,0x2922,0x2923,0x2922,0x2923,0x3163,0x3164,0x3984,0x39a4,
0x39c5,0x39e5,0x41e5,0x41e5,0x39a4,0x0000,0x0000,0x0000,0x0000,0x0000,0x0000,0x0000,
0x0000,0x0000,0x0000,0x0000,0x0000,0x0000,0x0000,0x18e2,0x3144,0x4a27,0x7b09,0x8b8b,
0x8bab,0x836b,0x8b49,0x7b29,0x7b29,0x8349,0x834a,0x8b8b,0x93ab,0x93ab,0x8bab,0x8b8b,
0x8b49,0x836a,0x8b8a,0x8ba9,0x8349,0x6ac8,0x4a06,0x4182,0x7263,0xab8a,0xb3cb,0xb3eb,
0xbc0b,0xbbeb,0xbc0c,0xbc0c,0xbbeb,0xbc2c,0xbc2c,0xbbeb,0xbc0c,0xb3eb,0xb3eb,0xb3eb,
0xabaa,0xabaa,0xab6a,0xa36a,0x9b49,0x9329,0x9329,0x9b49,0x9b69,0x9b69,0xa369,0xabaa,
0xab8a,0xb3aa,0xb3aa,0xab8a,0x8aa0,0xab20,0xab40,0xab40,0xa320,0xa320,0xa320,0xa320,
0xa320,0xa320,0xa300,0x9b00,0xa320,0x9ae0,0x92e0,0x92e0,0x92e0,0x92e0,0x92e0,0x92e0,
0x92e0,0x92e0,0x8aa0,0x8aa0,0x8aa0,0x8aa0,0x8a80,0x92c0,0x8a80,0x8a80,0x92c0,0x8a80,
0x8a80,0x8a80,0x8a80,0x8260,0x8280,0x8260,0x7a40,0x7a40,0x69c0,0x5180,0x4983,0x5184,
0x5184,0x59a4,0x7a87,0x8b29,0x9b69,0xabaa,0xb3eb,0xb40b,0xbc2c,0xc42c,0xc46c,0xcc6c,
0xcc8d,0xdcad,0xdcad,0xccad,0xdcad,0xd46d,0xcc6d,0xc44c,0xc42c,0xbc0b,0xb3eb,0xb3eb,
0xbc2c,0xbc2c,0xb40b,0xb3cb,0xabaa,0xa36a,0x9b69,0xb3eb,0xd46d,0xdcce,0xed0e,0xf54f,
0xfd90,0xf54f,0xf54f,0xf54f,0xed2f,0xe4ce,0xd44d,0xbbeb,0xb3ca,0xe4ee,0x8b49,0x8ae8,
0x9b69,0x9b49,0xcc4d,0xdcce,0xecee,0xd48e,0xabcb,0x5a05,0x7266,0x8aa7,0x8287,0xb221,
0xa1e0,0xa9e0,0xa1e0,0xa1e0,0xa1e0,0xa1e0,0xa1e0,0x99e0,0x99e0,0x99e0,0x99c0,0x91c0,
0x99c0,0x99c0,0xa160,0xa1c0,0x99a0,0xa1c0,0xa140,0x99c0,0xa140,0xa140,0x8980,0x9140,
0x8180,0x8960,0x8960,0x8960,0x9160,0xa140,0xa140,0x8960,0xa140,0xa180,0xa140,0xa140,
0x60a0,0x2942,0x3142,0x3183,0x3183,0x3183,0x3143,0x3142,0x3142,0x2942,0x2902,0x2902,
0x2901,0x2902,0x2943,0x2963,0x2963,0x2942,0x2943,0x3163,0x3163,0x39a4,0x39a4,0x39e4,
0x39a5,0x39a5,0x41e5,0x41e5,0x39a4,0x0000,0x0000,0x0000,0x0000,0x0000,0x0000,0x0000,
0x0000,0x0000,0x0000,0x0000,0x0000,0x0000,0x0000,0x18e2,0x3144,0x4a06,0x6ae8,0x834a,
0x836b,0x836a,0x8329,0x7ae8,0x72e8,0x7ae8,0x8329,0x834a,0x836a,0x8b8b,0x8b8a,0x836a,
0x836a,0x8b49,0x8b49,0x834a,0x8349,0x72e8,0x5226,0x51c3,0xa369,0xabaa,0xb3cb,0xbbeb,
0xbc2c,0xbc2c,0xbc0c,0xbc0c,0xbc2c,0xbc0c,0xbc2c,0xc40c,0xbc0c,0xbbeb,0xb3eb,0xb3cb,
0xabaa,0xabaa,0xab6a,0x9b69,0x9329,0x9329,0x9329,0x9b29,0x9b69,0x9b69,0xa36a,0xabaa,
0xb3aa,0xb3ca,0xb3ea,0xab89,0x92e0,0xa320,0xab40,0xab40,0xa320,0xa320,0xa320,0xa320,
0xa320,0xa300,0x9b00,0x9ae0,0x9ae0,0x9ae0,0x9b00,0x92e0,0x92e0,0x92e0,0x92e0,0x92c0,
0x92e0,0x92c0,0x92e0,0x92c0,0x92c0,0x92e0,0x92c0,0x92e0,0x92c0,0x8aa0,0x92c0,0x8a80,
0x8a80,0x8aa0,0x8a80,0x8a80,0x8a80,0x8a80,0x7a40,0x7a40,0x7200,0x59a0,0x51a2,0x51a4,
0x51a4,0x51a3,0x6a46,0x9309,0xa36a,0xb3cb,0xbc0b,0xbc2c,0xc42c,0xc46c,0xcc4c,0xcc6d,
0xd46d,0xdcad,0xd4ad,0xd4ad,0xd4ad,0xdcad,0xcc6d,0xcc6c,0xc42c,0xbc2c,0xbc0b,0xbc0b,
0xbc0c,0xb3eb,0xabaa,0xa36a,0x9b49,0xa38a,0xbc2c,0xd48d,0xe4ee,0xf52f,0xf56f,0xf54f,
0xfd4f,0xfd6f,0xf52f,0xed0e,0xdc8d,0xc44c,0xb3eb,0xbbeb,0xcc6d,0x82e8,0x7a86,0x92e8,
0x9b29,0xa38a,0xdcae,0xed2f,0xf54f,0xed2f,0xbc0c,0x6a46,0xa349,0xcc2c,0xdc6a,0xe549,
0xa2c2,0x91a0,0xa1e0,0x99c0,0x89a0,0x89a0,0x89a0,0x89a0,0x7940,0x81a0,0x7920,0x7920,
0x7100,0x7120,0x8140,0x8120,0x7920,0x8120,0x7100,0x70c0,0x7100,0x70c0,0x7920,0x70c0,
0x7920,0x70e0,0x70c0,0x8160,0x7900,0x7920,0x8140,0x78e0,0x7940,0x8120,0x8120,0x8120,
0x7900,0x4101,0x2942,0x3142,0x3143,0x3143,0x3163,0x3183,0x3163,0x3143,0x3142,0x2922,
0x2922,0x2922,0x2943,0x2963,0x2943,0x2963,0x3163,0x3163,0x39a4,0x39c4,0x41c5,0x39a4,
0x39a4,0x31a4,0x39a4,0x39c4,0x39a4,0x0000,0x0000,0x0000,0x0000,0x0000,0x0000,0x0000,
0x0000,0x0000,0x0000,0x0000,0x0000,0x0000,0x0000,0x2123,0x3144,0x41e6,0x62a7,0x7309,
0x834a,0x834a,0x7b09,0x6ae8,0x72c8,0x72e8,0x7b09,0x8349,0x93ab,0x8baa,0x836a,0x8b49,
0x834a,0x834a,0x834a,0x8b49,0x7b29,0x7309,0x5247,0x6a67,0xabaa,0xabaa,0xb3eb,0xbbeb,
0xbc2c,0xbbeb,0xbc2c,0xbc0b,0xc42c,0xc42c,0xc42c,0xbc2c,0xbbeb,0xb3eb,0xb3cb,0xb3cb,
0xabaa,0xabaa,0xa36a,0x9b69,0x9329,0x9329,0x9329,0x9b49,0x9b69,0xa349,0xab8a,0xabaa,
0xb3ca,0xb3ea,0xbbea,0xb3cb,0x8aa0,0xab40,0xa301,0x9b01,0x9b01,0x9b01,0x9b01,0xa300,
0xa300,0xa300,0xa320,0xa300,0x9ae0,0xa300,0x9b00,0x92e0,0x9ae0,0x92e0,0x92e0,0x92e0,
0x92e0,0x92c0,0x92c0,0x92c0,0x92e0,0x8aa0,0x92c0,0x92c0,0x92c0,0x92c0,0x8aa0,0x8aa0,
0x92c0,0x8aa0,0x92c0,0x8a80,0x8a80,0x8260,0x8280,0x7a40,0x7220,0x69e0,0x7242,0x5184,
0x51a4,0x51a4,0x6a66,0x9b29,0xa38a,0xb3eb,0xbc0c,0xc42c,0xc46c,0xcc6c,0xcc6d,0xd46d,
0xd4ad,0xdcad,0xdcad,0xdcad,0xdcad,0xdcad,0xcc8d,0xcc6d,0xc46c,0xc42c,0xbc2c,0xbc2c,
0xb3eb,0xa38a,0xa34a,0x9b69,0x9b69,0xbbeb,0xd48d,0xe4ee,0xed2f,0xf56f,0xf54f,0xf54f,
0xf570,0xf52f,0xdcce,0xd48d,0xbc0c,0xbbeb,0xbc0b,0xc40b,0x7a87,0x5a05,0x7266,0x7a87,
0x7a87,0xa38a,0xdcce,0xf54f,0xfdb0,0xf52f,0xc42c,0x8287,0xcc2c,0xec8d,0xf4ec,0xfe0f,
0xcd49,0x8160,0x8160,0x7960,0x7100,0x7120,0x7100,0x6900,0x6900,0x58e0,0x6100,0x58e0,
0x50c0,0x50c0,0x5080,0x6080,0x68a0,0x6060,0x68a0,0x6060,0x6880,0x6060,0x6880,0x6060,
0x6060,0x5860,0x6080,0x6060,0x5840,0x6060,0x6060,0x6060,0x6060,0x68c0,0x6880,0x80c0,
0x6880,0x6880,0x3901,0x2942,0x2942,0x2942,0x3143,0x3983,0x3983,0x3183,0x3143,0x3142,
0x2942,0x2922,0x2943,0x2923,0x3163,0x3163,0x3163,0x3183,0x39a4,0x41c5,0x39c4,0x39a4,
0x2963,0x2943,0x3164,0x3184,0x3163,0x0000,0x0000,0x0000,0x0000,0x0000,0x0000,0x0000,
0x0000,0x0000,0x0000,0x0000,0x0000,0x0000,0x0000,0x2923,0x3164,0x41c5,0x5a67,0x7309,
0x7b29,0x7b29,0x72e9,0x6ae8,0x72a7,0x72e9,0x7b29,0x836b,0x8b8b,0x93ab,0x93ab,0x8b49,
0x836a,0x836a,0x834a,0x8b49,0x7b29,0x7309,0x5247,0x9329,0xabaa,0xb3cb,0xb3eb,0xbc2c,
0xbc0c,0xbc2c,0xc40c,0xc42c,0xc42c,0xc42c,0xbc2c,0xbc2c,0xbbeb,0xb3eb,0xb3cb,0xabaa,
0xabaa,0xa36a,0x9b69,0x9b49,0x9329,0x9329,0x9329,0x9329,0x9b69,0xa349,0xab8a,0xb3aa,
0xb3ca,0xb3aa,0xab8a,0x9b49,0x8286,0x82a6,0x8aa7,0x7ac6,0x7aa6,0x7aa6,0x7aa6,0x82a6,
0x82a6,0x82a6,0x82c6,0x8b04,0x8ae3,0x82c3,0x92c2,0x92e0,0x92e0,0x92e0,0x92e0,0x92e0,
0x92e0,0x92e0,0x92e0,0x92e0,0x92e0,0x92e0,0x92c0,0x92c0,0x92c0,0x92c0,0x92e0,0x92c0,
0x92c0,0x92e0,0x8a80,0x92c0,0x8ac0,0x8a80,0x8a80,0x8280,0x7a40,0x7220,0x8280,0x59c4,
0x59c4,0x51c4,0x7286,0x9b69,0xabaa,0xb3eb,0xbc2c,0xc44c,0xcc6c,0xcc6d,0xcc6d,0xd4ad,
0xdcad,0xdcad,0xdcae,0xdcad,0xdcad,0xdcad,0xd4ad,0xcc6d,0xc46c,0xc46c,0xc42c,0xc44c,
0xb3eb,0x8b29,0x82c8,0x9b29,0xabcb,0xd46d,0xdcce,0xed0e,0xf54f,0xfd4f,0xf54f,0xed2f,
0xe50e,0xdcad,0xc44c,0xbbeb,0xb3eb,0xcc2c,0xa38a,0x6205,0x5a05,0x5a05,0x49a4,0x3923,
0x28c1,0x7287,0xdcae,0xf54f,0xfdb0,0xed0e,0xb3eb,0xabaa,0xed0e,0xf52f,0xeccd,0xf58f,
0xf68f,0x7202,0x58e0,0x58e0,0x58e0,0x58e0,0x58e0,0x48a0,0x50a0,0x48a0,0x4880,0x4040,
0x3860,0x3840,0x4020,0x3820,0x4040,0x4840,0x4840,0x5020,0x4840,0x4820,0x4820,0x4020,
0x5040,0x4020,0x4820,0x4820,0x5040,0x4020,0x5020,0x4820,0x4820,0x4820,0x5820,0x5820,
0x6880,0x6880,0x5880,0x2922,0x2922,0x2942,0x3163,0x3983,0x41c4,0x3983,0x3163,0x3142,
0x2922,0x2922,0x2923,0x2922,0x2963,0x2963,0x3163,0x3163,0x3163,0x39a4,0x3984,0x3163,
0x2943,0x2122,0x2123,0x2123,0x2122,0x0000,0x0000,0x0000,0x0000,0x0000,0x0000,0x0000,
0x0000,0x0000,0x0000,0x0000,0x0000,0x0000,0x0000,0x2923,0x3164,0x41c5,0x5a67,0x6ac8,
0x7309,0x7309,0x6ae8,0x6aa7,0x6ac8,0x72e9,0x8349,0x836b,0x93ab,0x93cc,0x8bab,0x834a,
0x8349,0x8349,0x834a,0x834a,0x8329,0x6ac8,0x72c8,0xa36a,0xabaa,0xb3cb,0xbbeb,0xbc2c,
0xc40c,0xbc2c,0xc42c,0xc42c,0xc42c,0xc42c,0xc42c,0xbc0b,0xbbeb,0xb3eb,0xb3ca,0xb3aa,
0xabaa,0xab89,0xa369,0x9b49,0x9329,0x9329,0x9329,0x9b29,0xa369,0xa349,0x9328,0x9308,
0x9308,0x8ae8,0x8ae8,0x9308,0x9308,0x9329,0x9329,0x9309,0x9309,0x9308,0x9308,0x8b08,
0x8b08,0x8ae8,0x8aa7,0x8ac8,0x82e8,0x82a7,0x82c7,0x82c7,0x82c7,0x82c7,0x7aa6,0x7aa7,
0x82a5,0x82c5,0x7ac5,0x82a4,0x82c3,0x8283,0x8a83,0x8ac3,0x82c3,0x8aa3,0x8ac3,0x82a3,
0x8ae2,0x8282,0x82a2,0x82a2,0x8262,0x82a2,0x7a61,0x8aa2,0x8ae2,0x82a2,0x8ae2,0x72a4,
0x7246,0x8b26,0x8ae8,0xa369,0xabcb,0xbc2c,0xc44c,0xcc6c,0xcc6d,0xd48d,0xd48d,0xd4ad,
0xdcad,0xdcad,0xdcad,0xdcad,0xdcae,0xdcae,0xdcad,0xd46d,0xcc6d,0xcc6c,0xc44c,0xc42c,
0xa38a,0x9329,0x9329,0xa38a,0xbc2c,0xd4ae,0xed0e,0xf52f,0xf54f,0xf54f,0xed2f,0xe4ce,
0xd46d,0xc42c,0xbbeb,0xbbeb,0xc42c,0x82c7,0x4984,0x59e5,0x59e5,0x6225,0x49a3,0x28c1,
0x0800,0x4163,0xcc6d,0xe50e,0xed0e,0xcc6d,0xabaa,0xd46c,0xf54f,0xf54f,0xf52f,0xfd4f,
0xf671,0x7a44,0x50a0,0x50a0,0x4080,0x4060,0x4060,0x4060,0x3840,0x3840,0x3840,0x3020,
0x3040,0x2840,0x2820,0x3020,0x2800,0x2820,0x2800,0x3020,0x3020,0x3820,0x3820,0x3800,
0x3000,0x3800,0x3800,0x4020,0x3800,0x3020,0x3820,0x3820,0x4020,0x4020,0x4840,0x4820,
0x5020,0x5020,0x6060,0x38e2,0x2922,0x2942,0x3143,0x3983,0x39a3,0x3983,0x3142,0x3142,
0x2922,0x2922,0x2923,0x2923,0x2943,0x2963,0x3163,0x3163,0x3163,0x3163,0x3143,0x2923,
0x2122,0x20e3,0x2102,0x2123,0x2122,0x0000,0x0000,0x0000,0x0000,0x0000,0x0000,0x0000,
0x0000,0x0000,0x0000,0x0000,0x0000,0x0000,0x0000,0x2123,0x2943,0x3984,0x5247,0x6ac8,
0x7b29,0x7b29,0x6ae8,0x6ae8,0x6ac8,0x72e9,0x7b29,0x836b,0x93cc,0x93cc,0x8bab,0x8b6b,
0x834a,0x834a,0x8349,0x836a,0x7b29,0x6ae8,0x9309,0xa38a,0xabaa,0xb3eb,0xbbeb,0xbc2c,
0xbc2c,0xc42c,0xc42b,0xc42c,0xc42c,0xc42b,0xbbeb,0xbbeb,0xbbeb,0xb3ea,0xb3aa,0xabaa,
0xab89,0xa349,0x9b69,0x9b49,0x9329,0x9308,0x9b46,0x9b29,0xa349,0x8ae8,0x9308,0x8b49,
0x9b29,0x9b69,0x9b69,0x9b69,0x9b69,0x9b69,0x9b69,0x9b69,0x9b69,0x9b69,0x9b49,0x9b29,
0x9329,0x9b29,0x9329,0x9329,0x9329,0x8b29,0x9329,0x9329,0x8ae8,0x8ae8,0x8ae8,0x8ae8,
0x8ae8,0x8ae8,0x8ae8,0x8ae8,0x8ae8,0x8ae8,0x8ae8,0x8ae8,0x8ae8,0x8ae8,0x8ae8,0x8ae8,
0x8ae8,0x8ae8,0x8ae8,0x8ae8,0x8ae8,0x8ae8,0x9b28,0xecea,0xff6c,0xffac,0xff4b,0xf6cd,
0xfe6b,0xeccd,0x8ae8,0xa36a,0xb3cb,0xbc2c,0xc42c,0xcc6d,0xcc6d,0xdcad,0xdcad,0xd4ad,
0xdcad,0xdcad,0xdcce,0xdcce,0xdcad,0xdcad,0xdcad,0xcc8d,0xcc6d,0xcc6c,0xc46c,0xbc2c,
0xa38a,0x8b49,0xa34a,0xb3eb,0xc44c,0xdcae,0xed2f,0xed2f,0xed2f,0xe4ee,0xd48d,0xc46c,
0xbc0b,0xb3eb,0xb3eb,0xc42c,0x51a4,0x4143,0x51c4,0x6205,0x6a25,0x5a05,0x59e5,0x4123,
0x18a1,0x20c2,0x8ac8,0xb3eb,0xbc2c,0xabca,0xb3cb,0xd48d,0xecee,0xf54f,0xf54f,0xf54f,
0xf64f,0x61e3,0x3060,0x3020,0x3060,0x3060,0x3020,0x2020,0x2020,0x2020,0x2020,0x2020,
0x2020,0x2000,0x2020,0x2000,0x2020,0x2000,0x2000,0x2000,0x2000,0x2000,0x2000,0x2820,
0x3000,0x3000,0x3000,0x3000,0x3000,0x3000,0x3000,0x3000,0x3000,0x3020,0x3000,0x4020,
0x3820,0x4820,0x4820,0x5020,0x2922,0x2902,0x2942,0x3183,0x3983,0x3983,0x3142,0x3142,
0x3142,0x3142,0x2943,0x2923,0x2943,0x2963,0x3163,0x3163,0x3163,0x2923,0x2922,0x2122,
0x2122,0x2923,0x2923,0x2922,0x2963,0x0000,0x0000,0x0000,0x0000,0x0000,0x0000,0x0000,
0x0000,0x0000,0x0000,0x0000,0x0000,0x0000,0x0000,0x20e2,0x2103,0x3184,0x5226,0x6ac8,
0x7b29,0x7b29,0x72e9,0x6ae8,0x6ac8,0x72e8,0x7309,0x836b,0x8bab,0x93cc,0x93ec,0x8bab,
0x836a,0x8329,0x8329,0x7b29,0x7b29,0x7ae8,0x9b49,0xab8a,0xb3cb,0xbbeb,0xbc0b,0xbc0c,
0xbc2c,0xc42b,0xc42c,0xc42b,0xc42b,0xbc0b,0xbbeb,0xbbeb,0xbbeb,0xb3aa,0xb3aa,0xb3aa,
0xab8a,0xa349,0x9b49,0x9b29,0x9329,0x9328,0x9329,0x9b29,0x9b49,0xa34a,0xa38a,0xab8a,
0xab8a,0xabaa,0xabaa,0xb3cb,0xb3cb,0xb3cb,0xb3cb,0xb3cb,0xb3cb,0xabab,0xabaa,0xb3aa,
0xa38a,0xa38a,0xa38a,0xa38a,0xa36a,0xa36a,0xa36a,0xa34a,0x9b49,0x9b49,0x9b49,0x9349,
0x9329,0x9329,0x9308,0x9329,0x9329,0x9329,0x9329,0x9329,0x9329,0x9b49,0x9b49,0x9b49,
0x9b49,0x9b49,0x9b49,0x9b49,0x9b49,0xa36a,0xd44b,0xfd6b,0xfdad,0xfdad,0xfdad,0xed0c,
0xd44c,0xabaa,0x82c8,0xa36a,0xb3eb,0xbc2c,0xcc6c,0xcc6d,0xcc8d,0xd4ad,0xdcad,0xdcad,
0xdcad,0xdcae,0xdcce,0xdcae,0xdcce,0xdcae,0xdcce,0xd4ad,0xd48d,0xcc6d,0xcc6d,0xc42c,
0xb3cb,0xa34a,0xabaa,0xbc0c,0xc44c,0xdcae,0xe4ce,0xdcce,0xdcad,0xcc8d,0xc42c,0xbbeb,
0xb3eb,0xc42c,0xbbcb,0x4123,0x3922,0x4963,0x51c4,0x6205,0x6225,0x6225,0x61e5,0x51c4,
0x3923,0x3943,0x4984,0x82a7,0x9b49,0xa369,0xb3cb,0xc40b,0xd44c,0xecce,0xf50e,0xfd6f,
0xf612,0x4922,0x2820,0x2820,0x2820,0x2820,0x2020,0x2800,0x2000,0x2000,0x2000,0x2000,
0x2000,0x2000,0x2000,0x2000,0x2000,0x2000,0x2000,0x2000,0x2000,0x2000,0x2000,0x2000,
0x2000,0x2000,0x2800,0x2800,0x2800,0x2800,0x3000,0x2800,0x3000,0x2800,0x3000,0x3000,
0x3000,0x3800,0x4000,0x5020,0x38e1,0x2902,0x2942,0x3143,0x3183,0x3163,0x3122,0x3122,
0x3122,0x3142,0x2943,0x2923,0x2923,0x2963,0x2963,0x3163,0x2923,0x2922,0x2923,0x2902,
0x2923,0x2923,0x3163,0x3984,0x3984,0x0000,0x0000,0x0000,0x0000,0x0000,0x0000,0x0000,
0x0000,0x0000,0x0000,0x0000,0x0000,0x0000,0x0000,0x18c2,0x2102,0x3164,0x4a26,0x62c8,
0x7b29,0x7b29,0x72e9,0x6aa7,0x6aa7,0x6ac8,0x7309,0x7b29,0x836a,0x8bac,0x8bab,0x93cb,
0x8b8b,0x8b49,0x7b29,0x7b09,0x72c8,0x8ae8,0x9b49,0xab8a,0xb3eb,0xbbeb,0xbc2c,0xbc0c,
0xc42b,0xbc2c,0xc42c,0xc40b,0xc40b,0xbc0b,0xbbeb,0xbbeb,0xb3ca,0xb3aa,0xb3aa,0xab8a,
0xa349,0xa349,0xa349,0x9329,0x8ae8,0x9328,0x9b29,0xabaa,0xb3aa,0xb3eb,0xb3cb,0xb3ab,
0xb3eb,0xb3eb,0xbbeb,0xbbeb,0xbbeb,0xbbeb,0xbc0c,0xbbeb,0xbbeb,0xbbeb,0xbbeb,0xb3eb,
0xbbeb,0xbbeb,0xb3eb,0xb3eb,0xb3eb,0xb3eb,0xb3eb,0xb3eb,0xb3cb,0xb3ab,0xb3ab,0xabaa,
0xabaa,0xabaa,0xabaa,0xabaa,0xabaa,0xabaa,0xab8a,0xab8a,0xabaa,0xab8a,0xab8a,0xab6a,
0xab8a,0xab6a,0xab8a,0xab6a,0xab6a,0xabaa,0xbc0b,0xc40b,0xcc2b,0xd44c,0xc44c,0xbc0b,
0xb3eb,0xa38a,0x9308,0x9baa,0xbc0b,0xc42c,0xcc6d,0xcc6d,0xdcad,0xd4ad,0xdcad,0xdcce,
0xdcad,0xdcce,0xdcce,0xdcce,0xdcce,0xdcce,0xdcad,0xdcad,0xd4ad,0xcc8d,0xcc6d,0xc44c,
0xbc0c,0xabaa,0xb3eb,0xc44c,0xcc6d,0xd48d,0xdcce,0xd48d,0xcc4c,0xbbeb,0xb3eb,0xb3eb,
0xcc4c,0xf54f,0xbc0b,0x3102,0x4123,0x4983,0x51c5,0x6205,0x6a25,0x6a25,0x59e5,0x51c4,
0x59a4,0x51c4,0x59e5,0x6225,0x8ac8,0x9b29,0x9b49,0xabaa,0xbbeb,0xcc4c,0xe4ce,0xfd6f,
0xddae,0x2860,0x2000,0x2000,0x2000,0x2000,0x2000,0x2000,0x2000,0x1800,0x1800,0x1800,
0x2000,0x1800,0x1800,0x1000,0x1800,0x1800,0x1000,0x1800,0x1800,0x1000,0x1800,0x1800,
0x2000,0x2000,0x2000,0x2000,0x2000,0x2000,0x2800,0x2000,0x3000,0x2800,0x2000,0x2800,
0x3000,0x3000,0x3800,0x4800,0x4881,0x2942,0x2922,0x3142,0x3142,0x3142,0x3142,0x3122,
0x2922,0x2922,0x2922,0x2122,0x2922,0x2943,0x2943,0x2923,0x2922,0x2923,0x2922,0x2922,
0x2923,0x3163,0x39a4,0x41e4,0x41e4,0x0000,0x0000,0x0000,0x0000,0x0000,0x0000,0x0000,
0x0000,0x0000,0x0000,0x0000,0x0000,0x0000,0x0000,0x18c2,0x2102,0x2944,0x4a26,0x62a8,
0x7b29,0x7b29,0x72e9,0x6aa7,0x6aa7,0x6aa7,0x6ac8,0x72e8,0x7b29,0x834a,0x8bab,0x8bab,
0x8b8b,0x834a,0x8329,0x7b09,0x72c7,0x8ae8,0x9b49,0xabaa,0xb3ea,0xbbeb,0xbc2c,0xbbeb,
0xbbeb,0xc42b,0xc40b,0xc3eb,0xc3eb,0xbbeb,0xbbeb,0xbbea,0xb3ca,0xb3aa,0xab8a,0xb38a,
0xa349,0xa349,0x9b29,0x9329,0x8ae8,0xa369,0xbbcb,0xb3eb,0xb3cb,0xb3eb,0xbbeb,0xbc2c,
0xbc2c,0xc42c,0xc42c,0xc42c,0xc42c,0xc42c,0xc42c,0xc42c,0xc42c,0xc42c,0xc42c,0xbc2c,
0xbc2c,0xbc2c,0xbbeb,0xbc2c,0xbc2c,0xbc2c,0xbbeb,0xbc0c,0xbc0b,0xbbeb,0xbc0c,0xbbeb,
0xbbeb,0xbc0b,0xbbeb,0xbbeb,0xbc2c,0xbbec,0xbc2c,0xbc2c,0xbc2c,0xbc2c,0xbc2c,0xbc0c,
0xbc2c,0xbc0c,0xbc0c,0xbc0c,0xbc0c,0xbbeb,0xb3eb,0xb3eb,0xb3eb,0xb3eb,0xbc0c,0xc42c,
0xbc2c,0xa38a,0x8ae8,0xabaa,0xbc0b,0xc42c,0xcc6d,0xcc6d,0xdcad,0xdcad,0xdcce,0xdcce,
0xdcad,0xdcad,0xdcce,0xdcce,0xdcce,0xdcce,0xdcce,0xdcae,0xd4ad,0xcc6d,0xcc6c,0xc46c,
0xbc2c,0xb3eb,0xbc2c,0xc44c,0xcc6c,0xcc6d,0xcc6c,0xcc4c,0xbbeb,0xbbeb,0xb3cb,0xbc0c,
0xf54f,0xfdd1,0xdcae,0x3943,0x4143,0x49a4,0x59c5,0x6205,0x7246,0x6a25,0x6225,0x6205,
0x6a26,0x6225,0x7246,0x7aa7,0x7266,0x8308,0x9b29,0x9b69,0xabaa,0xbbeb,0xd4ad,0xfd6f,
0x7aa7,0x1000,0x2000,0x1000,0x1800,0x1800,0x1000,0x0800,0x1000,0x1800,0x0800,0x1800,
0x2000,0x1800,0x2000,0x1800,0x1800,0x2000,0x2000,0x1800,0x2000,0x1800,0x2000,0x1800,
0x2000,0x2000,0x2000,0x2000,0x2000,0x2000,0x2800,0x2800,0x2800,0x2800,0x3000,0x2800,
0x2800,0x3000,0x3000,0x4000,0x5040,0x2942,0x2902,0x2942,0x3142,0x3142,0x3142,0x3122,
0x2902,0x28e1,0x2122,0x2122,0x2122,0x2923,0x2923,0x2923,0x2922,0x2922,0x2923,0x3143,
0x3163,0x39a4,0x49c5,0x4a05,0x4a05,0x0000,0x0000,0x0000,0x0000,0x0000,0x0000,0x0000,
0x0000,0x0000,0x0000,0x0000,0x0000,0x0000,0x0000,0x2102,0x1903,0x2924,0x41e5,0x6288,
0x7309,0x7309,0x6ac8,0x6aa7,0x6aa8,0x6aa8,0x6aa7,0x6aa7,0x6ac8,0x7b09,0x836a,0x8b8b,
0x8b8b,0x836a,0x8349,0x7b09,0x82c7,0x9308,0x9b49,0xabaa,0xb3eb,0xbbeb,0xbc0b,0xbc0b,
0xc3eb,0xbbeb,0xc40b,0xbbeb,0xbbeb,0xbbea,0xbbeb,0xbbca,0xb3ca,0xb3aa,0xb3aa,0xa349,
0xa349,0xa349,0xa349,0xa349,0xab8a,0xbbcb,0xb3eb,0xbbeb,0xbc0b,0xc42c,0xc42c,0xcc4c,
0xcc4c,0xcc4c,0xcc6c,0xcc6c,0xcc4c,0xcc6c,0xcc4c,0xcc4c,0xcc4c,0xcc4b,0xcc4c,0xcc4c,
0xc44c,0xc44c,0xcc4c,0xc42c,0xc44c,0xc44c,0xc42c,0xc42c,0xc42c,0xc42c,0xc40c,0xc42c,
0xc42c,0xc42c,0xc44c,0xc42c,0xc42c,0xc44c,0xcc4c,0xcc4c,0xcc4c,0xcc6c,0xcc6c,0xcc4c,
0xcc6c,0xcc4c,0xcc4c,0xcc4c,0xcc4c,0xcc6c,0xcc6c,0xcc4c,0xcc4c,0xcc4c,0xd48d,0xd48d,
0xc46c,0xabaa,0x8b08,0xabaa,0xbc0b,0xc42c,0xcc6d,0xd48d,0xdcad,0xdcad,0xdcae,0xdcae,
0xdcce,0xdcce,0xdcae,0xdcce,0xdcae,0xdcce,0xdcce,0xdcad,0xd4ad,0xd48d,0xcc6d,0xc44c,
0xbc2c,0xbc2c,0xbc2c,0xc44c,0xcc6c,0xcc6d,0xc46c,0xbc0c,0xb3eb,0xb3eb,0xb3ca,0xd46c,
0xf56f,0xee92,0xdcee,0x3943,0x4183,0x5184,0x59c5,0x6205,0x7266,0x7a87,0x7a87,0x82a7,
0x82a7,0x7a87,0x82c7,0x8ae8,0x9308,0x9329,0x9b49,0x9b69,0xa36a,0xb3eb,0xe4ce,0xbc2c,
0x1040,0x1800,0x1000,0x1800,0x1000,0x1800,0x1800,0x1000,0x1000,0x2000,0x1800,0x1000,
0x1000,0x1800,0x2000,0x1000,0x2000,0x1000,0x2000,0x2000,0x2000,0x2000,0x2000,0x2000,
0x2000,0x2000,0x2000,0x2800,0x2000,0x2800,0x2000,0x2000,0x2800,0x2800,0x3000,0x2800,
0x2800,0x2800,0x3000,0x3800,0x4820,0x3101,0x2902,0x2922,0x3142,0x3142,0x3143,0x2942,
0x28e2,0x20e1,0x2102,0x2102,0x2122,0x2923,0x2923,0x2922,0x2923,0x2923,0x3163,0x3163,
0x39a4,0x41a4,0x41c5,0x4a05,0x41e5,0x0000,0x0000,0x0000,0x0000,0x0000,0x0000,0x0000,
0x0000,0x0000,0x0000,0x0000,0x0000,0x0000,0x0000,0x1903,0x2122,0x2124,0x39e5,0x5a67,
0x6ae8,0x6ae8,0x6ae8,0x6aa7,0x6aa7,0x6ac8,0x6aa7,0x6aa7,0x6aa7,0x6ae8,0x7b29,0x836a,
0x8bab,0x836a,0x8b89,0x8b29,0x82c7,0x8b49,0xa36a,0xabab,0xb3eb,0xbbeb,0xbbeb,0xbbeb,
0xbbeb,0xbbeb,0xbbeb,0xbbeb,0xbbea,0xbbeb,0xbbea,0xbbca,0xb3aa,0xb3aa,0xa349,0xa349,
0xa349,0xa349,0x9b29,0xab8a,0xb3eb,0xbbeb,0xbbeb,0xc42c,0xc42c,0xcc6c,0xcc6c,0xcc6d,
0xd46c,0xd46d,0xcc6d,0xd46d,0xcc6d,0xd46d,0xcc6d,0xcc6d,0xcc6c,0xcc6c,0xcc6d,0xcc6c,
0xcc6c,0xcc6c,0xcc6c,0xcc6c,0xcc6c,0xcc6c,0xcc6c,0xcc6c,0xcc6c,0xcc6c,0xcc6c,0xcc6c,
0xcc6c,0xcc6c,0xcc6c,0xcc6c,0xcc6c,0xd46d,0xcc6d,0xcc6d,0xd46d,0xd46d,0xdcad,0xdcad,
0xdcad,0xdcad,0xdcad,0xdcad,0xdcad,0xdcad,0xdcad,0xdcad,0xdcad,0xdcae,0xdcce,0xdcce,
0xd4ad,0xb3cb,0x9308,0xabaa,0xbc0b,0xc42c,0xcc6d,0xdcad,0xdcad,0xdcad,0xdcce,0xdcce,
0xdcad,0xdcce,0xdcae,0xdcce,0xdcad,0xdcce,0xdcce,0xdcce,0xdcad,0xcc8d,0xcc6d,0xc42c,
0xc42c,0xc46c,0xc42c,0xc42c,0xc42c,0xc46c,0xc42c,0xbbeb,0xbbeb,0xb3eb,0xb3cb,0xdcad,
0xf590,0xfdf1,0xd52f,0x3943,0x4183,0x51a4,0x59c5,0x6a25,0x7aa7,0x8287,0x8ae8,0x8ae8,
0x8b08,0x8ae8,0x9329,0x9b49,0xa36a,0xabaa,0xab8a,0x9b69,0xa38a,0xc42c,0xdcad,0x2880,
0x1800,0x1000,0x0000,0x2000,0x2000,0x0800,0x2000,0x2000,0x1000,0x1800,0x1800,0x2000,
0x2000,0x2000,0x2000,0x2000,0x2000,0x2000,0x2000,0x2000,0x2000,0x2000,0x3000,0x2000,
0x3000,0x2800,0x2000,0x2000,0x3000,0x2020,0x2800,0x3000,0x3000,0x3020,0x2020,0x3000,
0x3000,0x2820,0x3000,0x4020,0x4820,0x30a1,0x28e1,0x2942,0x3142,0x3163,0x3142,0x2942,
0x28e2,0x20e1,0x2102,0x2122,0x2922,0x2923,0x2923,0x2923,0x3123,0x3143,0x3163,0x3963,
0x3984,0x39a4,0x41a4,0x41a5,0x39a4,0x0000,0x0000,0x0000,0x0000,0x0000,0x0000,0x0000,
0x0000,0x0000,0x0000,0x0000,0x0000,0x0000,0x0000,0x18c2,0x2103,0x2123,0x39a4,0x5226,
0x6ac8,0x6ae8,0x6ae8,0x6aa7,0x6aa8,0x6aa7,0x72a7,0x6aa8,0x72a7,0x72c8,0x7b29,0x834a,
0x8bab,0x93ab,0x93ab,0x836a,0x82e8,0x9b29,0xa36a,0xabca,0xbbeb,0xbbeb,0xbbeb,0xbbeb,
0xbbea,0xbbeb,0xbbea,0xbbeb,0xbbeb,0xbbea,0xbbca,0xbbca,0xb3aa,0xb3aa,0xab8a,0xa369,
0xa349,0x9b49,0xb3aa,0xbbeb,0xbc0b,0xc42c,0xcc4c,0xd46d,0xd46d,0xd46d,0xdc8d,0xdc8d,
0xdcad,0xdcad,0xdcad,0xdcad,0xdcad,0xdcad,0xdcad,0xdc8d,0xdcad,0xdc8d,0xdc8d,0xd46d,
0xdc8d,0xd48d,0xd48d,0xd48d,0xd46d,0xd46d,0xd48d,0xd48d,0xd46c,0xd48d,0xd46c,0xd46c,
0xd46d,0xd48d,0xd48d,0xd48d,0xdc8d,0xdcad,0xdc8d,0xdcad,0xdcad,0xdcad,0xdcad,0xdcce,
0xdcce,0xdcce,0xdcce,0xdcce,0xdcce,0xdcce,0xe4ce,0xe4ee,0xe4ee,0xecee,0xed2f,0xecee,
0xdcce,0xbc0c,0x82e8,0xa36a,0xb3eb,0xc42c,0xcc6d,0xd48d,0xdcad,0xdcad,0xdcae,0xdcae,
0xdcce,0xdcae,0xdcae,0xdcce,0xdcce,0xdcce,0xdcce,0xdcce,0xdcad,0xd48d,0xcc6d,0xcc6d,
0xc46c,0xc44c,0xc44c,0xc42c,0xc42c,0xc42c,0xbc0b,0xb3eb,0xb3eb,0xabcb,0xb3eb,0xdcad,
0xf56f,0xfdf1,0xbcee,0x3923,0x4984,0x51a4,0x5a05,0x6a26,0x7a87,0x8ae8,0x8b08,0x9308,
0x9309,0x9b49,0xa38a,0xab8a,0xabaa,0xabaa,0xabaa,0x9b69,0xb3cb,0xf50e,0x6205,0x0800,
0x1000,0x1000,0x1000,0x1000,0x1800,0x1000,0x1800,0x1000,0x2000,0x2000,0x2000,0x2000,
0x2000,0x2000,0x2000,0x2000,0x2000,0x2800,0x2000,0x2820,0x2800,0x2820,0x2800,0x2800,
0x2800,0x2800,0x3020,0x2800,0x3000,0x3000,0x3000,0x3020,0x3800,0x3000,0x3820,0x3820,
0x4040,0x4020,0x4020,0x4020,0x4820,0x38a0,0x20e2,0x2922,0x3143,0x3163,0x3183,0x2942,
0x2902,0x20e1,0x20e2,0x2102,0x2922,0x2923,0x3123,0x2922,0x2923,0x2922,0x2943,0x2943,
0x3163,0x3163,0x3143,0x3163,0x3143,0x0000,0x0000,0x0000,0x0000,0x0000,0x0000,0x0000,
0x0000,0x0000,0x0000,0x0000,0x0000,0x0000,0x0000,0x18c2,0x1903,0x2123,0x31a4,0x4a06,
0x6287,0x6aa7,0x6ac8,0x6aa7,0x6aa7,0x6aa7,0x6aa7,0x6aa7,0x6aa7,0x6ac8,0x7b09,0x834a,
0x8bab,0x93cb,0x93ab,0x8b8b,0x8ae8,0x9b29,0xa36a,0xb3aa,0xb3ca,0xbbea,0xbbeb,0xbbeb,
0xbbea,0xbbea,0xbbea,0xbbea,0xbbea,0xbbca,0xbbca,0xbbaa,0xb3aa,0xb38a,0xa349,0xa349,
0xab69,0xabca,0xbbeb,0xc40c,0xcc6c,0xcc6c,0xdc6d,0xdcad,0xdcad,0xdcad,0xdcad,0xdcad,
0xdcce,0xdcce,0xdcce,0xdcce,0xdcce,0xdcce,0xdcad,0xdcad,0xdcad,0xdcad,0xdcad,0xdcad,
0xdcad,0xdcad,0xdcad,0xdcad,0xdcad,0xdcad,0xdcad,0xdcad,0xdcad,0xdcad,0xdcad,0xdcad,
0xdcad,0xdcad,0xdcad,0xdcad,0xdcce,0xdcce,0xdcce,0xe4ce,0xe4ce,0xe4ce,0xe4ce,0xe4ee,
0xecee,0xecee,0xecee,0xecee,0xecee,0xecee,0xed0e,0xed2f,0xed2f,0xed2f,0xf54f,0xf52f,
0xecee,0xc44d,0x82c8,0x9b69,0xabcb,0xbc2c,0xcc6c,0xd48d,0xdcad,0xdcad,0xdcad,0xdcce,
0xdcce,0xdcce,0xdcae,0xdcad,0xdcce,0xdcce,0xdcce,0xdcad,0xdcad,0xdcad,0xd46d,0xcc6d,
0xcc6c,0xcc6d,0xc44c,0xc42c,0xc42c,0xbc2c,0xb3eb,0xbbeb,0xb3eb,0xabaa,0xbc0b,0xdcad,
0xf54f,0xfdd1,0xac4c,0x3923,0x4983,0x59c4,0x6225,0x7246,0x7ac7,0x9309,0x9b29,0x9b29,
0x9b69,0xabaa,0xabaa,0xb3cb,0xb3cb,0xabaa,0xa38a,0xabaa,0xd48d,0xbbab,0x1820,0x1800,
0x1800,0x1800,0x0800,0x2000,0x0800,0x2000,0x2000,0x2000,0x2000,0x2000,0x2000,0x2000,
0x2000,0x2000,0x3000,0x2000,0x3000,0x2820,0x2820,0x3000,0x3020,0x3020,0x3000,0x3000,
0x3000,0x3820,0x3000,0x4000,0x3000,0x3820,0x4020,0x3820,0x4020,0x4020,0x4020,0x4840,
0x4020,0x4840,0x3820,0x4860,0x4820,0x30a1,0x2922,0x2943,0x3183,0x3183,0x3163,0x3142,
0x2902,0x20e1,0x2922,0x2922,0x2922,0x3143,0x2923,0x2923,0x2922,0x2923,0x2922,0x2923,
0x2923,0x2923,0x2923,0x2923,0x2122,0x0000,0x0000,0x0000,0x0000,0x0000,0x0000,0x0000,
0x0000,0x0000,0x0000,0x0000,0x0000,0x0000,0x0000,0x18c2,0x1903,0x2124,0x39a4,0x4a06,
0x5a66,0x62a7,0x6aa7,0x6aa7,0x6aa7,0x6aa7,0x6aa7,0x6aa7,0x6aa7,0x6ac8,0x7ac7,0x7b29,
0x836a,0x8bab,0x93cc,0x8b8b,0x8ae8,0x9b29,0xa36a,0xabaa,0xb3ca,0xb3ca,0xbbca,0xbbeb,
0xbbca,0xbbaa,0xbbca,0xbbea,0xbbca,0xbbca,0xb3aa,0xb3aa,0xb3aa,0xab8a,0xab8a,0xab8a,
0xbbca,0xbbeb,0xcc2c,0xd46d,0xdc8d,0xdcad,0xdcce,0xdcce,0xe4ad,0xe4ee,0xe4ce,0xecee,
0xecee,0xecee,0xecee,0xecee,0xecce,0xe4ce,0xe4ee,0xe4ce,0xe4ee,0xe4ee,0xe4ad,0xe4ee,
0xe4ae,0xe4ce,0xe4ae,0xe4ce,0xe4ce,0xe4ce,0xe4ae,0xe4ae,0xe4ae,0xdcce,0xdcce,0xe4ce,
0xdcce,0xe4ce,0xe4ee,0xe4ee,0xecee,0xecee,0xecee,0xecee,0xecee,0xed2f,0xed2f,0xed2f,
0xed2f,0xed2f,0xed2f,0xf54f,0xf54f,0xf54f,0xf54f,0xf54f,0xf54f,0xfd70,0xfdb0,0xf54f,
0xed2f,0xdcce,0x9329,0x9b49,0xabcb,0xbc2c,0xc44c,0xcc6d,0xdcad,0xdcad,0xdcad,0xdcad,
0xdcce,0xdcce,0xdcce,0xdcce,0xdcce,0xdcae,0xdcce,0xdcce,0xdcad,0xdcad,0xd4ad,0xcc6d,
0xcc6d,0xc46c,0xc44c,0xc42c,0xc42c,0xbc0c,0xb3eb,0xb3eb,0xb3eb,0xabaa,0xbc0b,0xdcad,
0xf52f,0xfdd1,0x8b09,0x3943,0x51c4,0x59e5,0x6225,0x7246,0x7ac7,0x9309,0xa369,0xa38a,
0xabaa,0xb3cb,0xb3eb,0xb3eb,0xb3ca,0xab8a,0xa369,0xc42c,0xecee,0x3081,0x1000,0x1000,
0x2000,0x1000,0x2000,0x2000,0x2000,0x2000,0x2000,0x2000,0x2000,0x2000,0x2000,0x2000,
0x3000,0x2800,0x2000,0x3020,0x3000,0x3020,0x3020,0x3000,0x3820,0x3800,0x4020,0x3000,
0x4040,0x3820,0x4020,0x3820,0x3820,0x5060,0x3020,0x4020,0x4040,0x4020,0x4040,0x4840,
0x5040,0x4860,0x5860,0x5060,0x5040,0x30a1,0x2942,0x3183,0x3983,0x3183,0x3163,0x3142,
0x2902,0x2901,0x2923,0x2922,0x2943,0x3163,0x3163,0x2923,0x2922,0x2122,0x2122,0x2122,
0x2123,0x2923,0x2922,0x2923,0x2122,0x0000,0x0000,0x0000,0x0000,0x0000,0x0000,0x0000,
0x0000,0x0000,0x0000,0x0000,0x0000,0x0000,0x0000,0x18e3,0x2103,0x2964,0x39a4,0x4a06,
0x5a66,0x6a87,0x6aa7,0x6aa7,0x6aa7,0x6aa7,0x6aa7,0x6aa7,0x6aa7,0x6aa7,0x72c7,0x7b09,
0x8349,0x8b8b,0x8bab,0x8b8b,0x8ae8,0x9b29,0xa349,0xabaa,0xb3aa,0xbbaa,0xbbca,0xbbca,
0xbbca,0xbbea,0xbbea,0xbbca,0xbbca,0xbbaa,0xbbca,0xb3aa,0xb3aa,0xab89,0xb3aa,0xbbca,
0xbbeb,0xcc4c,0xd46d,0xdcad,0xe4ce,0xe4ce,0xecce,0xecee,0xecee,0xecee,0xed0e,0xecee,
0xed0e,0xed0e,0xed0e,0xed0e,0xecee,0xecee,0xed0e,0xecee,0xecee,0xecee,0xecee,0xecee,
0xecee,0xecee,0xecee,0xecee,0xecee,0xe4ee,0xecee,0xecee,0xe4ee,0xecee,0xecee,0xecee,
0xecee,0xecee,0xecee,0xed0e,0xed0e,0xed2f,0xed2f,0xed2f,0xf52f,0xf54f,0xf52f,0xf54f,
0xf54f,0xf54f,0xf54f,0xfd70,0xf54f,0xfd70,0xfd6f,0xf54f,0xfd70,0xfd90,0xfdd1,0xfd90,
0xf52f,0xe4ee,0xbc0b,0x8308,0xa38a,0xb3eb,0xc44c,0xcc6c,0xcc8d,0xdcad,0xdcad,0xdcae,
0xdcce,0xdcae,0xdcce,0xdcad,0xdcad,0xdcce,0xdcce,0xdcce,0xdcae,0xdcae,0xdcad,0xdcad,
0xcc6d,0xc46c,0xc44c,0xc44c,0xc42c,0xbc0c,0xb3eb,0xb3eb,0xb3eb,0xabaa,0xbc0b,0xe4ad,
0xf570,0xd4ce,0x4164,0x4163,0x51c4,0x61e5,0x6a25,0x7246,0x7ac7,0x9329,0xa36a,0xabaa,
0xb3cb,0xb3eb,0xb3eb,0xb3eb,0xabaa,0xa36a,0xbbeb,0xecee,0xc44c,0x0000,0x1000,0x2000,
0x1000,0x2000,0x2000,0x2000,0x2000,0x2000,0x2000,0x2800,0x2000,0x2800,0x3000,0x2800,
0x3020,0x3000,0x3000,0x2800,0x3820,0x3020,0x3820,0x3820,0x3820,0x4020,0x3820,0x4040,
0x3820,0x4020,0x4020,0x4020,0x4840,0x4020,0x5060,0x4020,0x5060,0x4840,0x4860,0x5060,
0x5880,0x60e0,0x58c0,0x5860,0x5040,0x30c1,0x3142,0x3163,0x3983,0x3983,0x3163,0x2942,
0x2922,0x2922,0x2943,0x3163,0x3163,0x3163,0x3163,0x2923,0x2922,0x2122,0x2923,0x2122,
0x2923,0x2923,0x2943,0x3163,0x3143,0x0000,0x0000,0x0000,0x0000,0x0000,0x0000,0x0000,
0x0000,0x0000,0x0000,0x0000,0x0000,0x0000,0x0000,0x18e2,0x2123,0x2964,0x39e5,0x5246,
0x5a66,0x7267,0x6aa7,0x6aa7,0x6aa7,0x6aa7,0x6aa7,0x6aa7,0x62a6,0x6a87,0x7ac7,0x7b29,
0x7b2a,0x836a,0x8b8b,0x834a,0x8b09,0x9b29,0xa349,0xab89,0xb3aa,0xb3aa,0xbbaa,0xbbaa,
0xbbaa,0xbbea,0xbbea,0xbbca,0xb3aa,0xbbca,0xb3aa,0xbbaa,0xb3aa,0xb3ca,0xbbea,0xbbeb,
0xd44c,0xd46d,0xe4ad,0xecee,0xecee,0xecee,0xecee,0xed0e,0xed2f,0xed2f,0xed2f,0xed2f,
0xed0e,0xed2f,0xed2f,0xed0e,0xed2f,0xed2f,0xed2f,0xed2f,0xed2f,0xed2f,0xed0e,0xed2f,
0xed2f,0xecee,0xecee,0xed0e,0xecee,0xecee,0xecee,0xecee,0xecee,0xecee,0xecee,0xecee,
0xed2f,0xed2f,0xed2f,0xed2f,0xf52f,0xed2f,0xf54f,0xf54f,0xf54f,0xf54f,0xf54f,0xf54f,
0xf54f,0xfd90,0xfd6f,0xfd6f,0xfd70,0xf54f,0xfd70,0xfdb0,0xfdb0,0xfdd1,0xfdd1,0xfd90,
0xf54f,0xed0e,0xd48d,0x7ac7,0xa36a,0xb3eb,0xbc2c,0xcc6c,0xcc6d,0xd48d,0xdcad,0xdcce,
0xdcad,0xdcce,0xdcce,0xdcce,0xdcad,0xdcce,0xdcce,0xdcae,0xdcad,0xdcad,0xdcad,0xccad,
0xcc6d,0xcc6c,0xc46c,0xc42c,0xbc2c,0xbbeb,0xb3eb,0xb3eb,0xb3eb,0xabaa,0xbc0b,0xe4ad,
0xf50f,0x6205,0x4163,0x4983,0x59c4,0x5a05,0x6a25,0x7246,0x7aa7,0x9309,0x9b49,0xabaa,
0xb3eb,0xb3ab,0xb3eb,0xb3cb,0xa36a,0xb3aa,0xdc8d,0xf52f,0xa369,0x2000,0x2000,0x2000,
0x2000,0x2000,0x2000,0x2000,0x2000,0x2000,0x2000,0x3020,0x2800,0x3000,0x2800,0x3000,
0x3020,0x3820,0x3020,0x3820,0x3820,0x4020,0x4040,0x3820,0x4860,0x4020,0x4840,0x4020,
0x4860,0x4860,0x4860,0x4860,0x4860,0x5060,0x4860,0x4860,0x4860,0x5060,0x5060,0x6060,
0x5060,0x68e0,0x68a0,0x58e0,0x5860,0x30c1,0x3163,0x3983,0x3983,0x3983,0x3142,0x2902,
0x28e2,0x28e2,0x2943,0x2923,0x3163,0x3163,0x3163,0x3143,0x2962,0x2943,0x2963,0x2963,
0x3163,0x3163,0x39a4,0x39a4,0x3163,0x0000,0x0000,0x0000,0x0000,0x0000,0x0000,0x0000,
0x0000,0x0000,0x0000,0x0000,0x0000,0x0000,0x0000,0x1903,0x2103,0x2944,0x39a4,0x5226,
0x6aa7,0x72a7,0x72a7,0x72a7,0x6aa7,0x6aa7,0x6aa7,0x6a87,0x6a86,0x6a87,0x72a7,0x72e8,
0x7309,0x7b29,0x834a,0x834a,0x8ae8,0x9b29,0xa349,0xab69,0xb3aa,0xbbaa,0xb3aa,0xbbca,
0xbbca,0xbbea,0xbbca,0xbbca,0xbbca,0xbbaa,0xbbaa,0xbbaa,0xbbea,0xbbea,0xc40b,0xd44c,
0xdc8d,0xecad,0xecee,0xecee,0xed0e,0xed0e,0xed2f,0xf52f,0xed2f,0xf54f,0xf52f,0xed2f,
0xed2f,0xed2f,0xed2f,0xed2f,0xed2f,0xed2f,0xed2f,0xed2f,0xed2f,0xed0e,0xed2f,0xed2f,
0xed0e,0xed2f,0xed2f,0xed0e,0xed2f,0xed2f,0xed0e,0xecee,0xed0e,0xed0e,0xed2f,0xed0e,
0xed0e,0xed2f,0xf54f,0xf54f,0xf52f,0xf54f,0xf54f,0xf54f,0xf54f,0xf54f,0xf54f,0xfd70,
0xfd70,0xfd70,0xfd4f,0xfd90,0xfd90,0xfd70,0xfdb0,0xfd90,0xfd90,0xfdb0,0xfdd1,0xfdd1,
0xfdb0,0xed2f,0xe4ce,0xa38a,0x9308,0xabaa,0xb40b,0xc42c,0xcc6c,0xd46d,0xdcad,0xdcad,
0xdcad,0xdcad,0xdcce,0xdcad,0xdcce,0xdcad,0xdcad,0xdcad,0xdcad,0xdcad,0xdcad,0xd48d,
0xd48d,0xcc6d,0xcc6c,0xc44c,0xbc2c,0xb3eb,0xb3eb,0xb3eb,0xb3eb,0xabcb,0xc42c,0xf50f,
0xa369,0x51c4,0x49a4,0x51a4,0x59c5,0x5a05,0x6a25,0x7246,0x7aa7,0x8ae8,0x9b49,0xab8a,
0xb3cb,0xb3eb,0xb3eb,0xa38a,0xa36a,0xc42c,0xed0e,0xfdb0,0x6a05,0x2000,0x2000,0x2000,
0x2000,0x2000,0x2800,0x2800,0x2800,0x3000,0x3000,0x2800,0x3000,0x3020,0x3820,0x3020,
0x3820,0x3820,0x3820,0x4020,0x4020,0x4040,0x4040,0x4040,0x4840,0x4840,0x4860,0x4840,
0x5060,0x4840,0x5060,0x4860,0x5060,0x5060,0x5060,0x5060,0x5060,0x5080,0x5060,0x60c0,
0x60c0,0x7100,0x7100,0x7100,0x5840,0x3101,0x3142,0x3163,0x3183,0x3183,0x3142,0x2942,
0x28e2,0x20e1,0x2122,0x2923,0x2923,0x3163,0x3163,0x3163,0x3983,0x3983,0x3984,0x3984,
0x39a4,0x39a4,0x41a4,0x41a4,0x3163,0x0000,0x0000,0x0000,0x0000,0x0000,0x0000,0x0000,
0x0000,0x0000,0x0000,0x0000,0x0000,0x0000,0x0000,0x18e2,0x2103,0x2123,0x3184,0x5226,
0x6287,0x6ac8,0x7ae8,0x72c8,0x72a7,0x6aa7,0x7267,0x62a7,0x7267,0x72a7,0x72c7,0x6ae8,
0x6ac8,0x6ae8,0x7309,0x7b09,0x8ae8,0x9329,0xa349,0xa349,0xb3aa,0xb3aa,0xb3aa,0xbbaa,
0xbbaa,0xbbaa,0xbbca,0xbbaa,0xbbaa,0xbbaa,0xb3ea,0xbbca,0xc3eb,0xc42b,0xd46c,0xdcad,
0xecad,0xecee,0xecee,0xed2f,0xed2f,0xed2f,0xf54f,0xf52f,0xf54f,0xf54f,0xed2f,0xed2f,
0xf52f,0xed2f,0xed2f,0xed2f,0xed2f,0xed2f,0xed2f,0xed2f,0xed2f,0xed2f,0xed2f,0xed0e,
0xed2f,0xed0e,0xecee,0xed0e,0xed0e,0xed0e,0xed0f,0xed2f,0xed0e,0xed2f,0xed2f,0xed2f,
0xed2f,0xed2f,0xed2f,0xf54f,0xf52f,0xf54f,0xf54f,0xf54f,0xf54f,0xf54f,0xfd4f,0xfd70,
0xf54f,0xfd70,0xfd90,0xfd6f,0xfdb0,0xfd6f,0xfd70,0xfd70,0xfdb0,0xfd90,0xfdd1,0xfd90,
0xfdb0,0xf54f,0xed0e,0xd46d,0x8ae8,0x9b69,0xb3cb,0xbc0b,0xc42c,0xcc6c,0xcc6d,0xdcad,
0xdcad,0xdcce,0xdcae,0xdcad,0xdcad,0xdcce,0xdcad,0xdcad,0xdcad,0xdcad,0xd48d,0xd48d,
0xcc6d,0xcc6c,0xcc6c,0xc42c,0xbbeb,0xb3eb,0xb3eb,0xb3ca,0xabaa,0xb3ab,0xdc8d,0xc42b,
0x6a26,0x6225,0x59e5,0x59c4,0x59c5,0x6205,0x6a25,0x7246,0x7aa7,0x8ac8,0x9b49,0x9b69,
0xab8a,0xabaa,0xabaa,0xa36a,0xabaa,0xdc8d,0xf54f,0xf54f,0x38c2,0x2000,0x2000,0x2800,
0x2000,0x3000,0x2000,0x3000,0x2800,0x3020,0x3000,0x4040,0x3020,0x3820,0x4020,0x3820,
0x4040,0x4040,0x5060,0x4020,0x4860,0x4020,0x5060,0x5060,0x5060,0x5060,0x4860,0x5060,
0x4020,0x5060,0x5060,0x5060,0x5060,0x4860,0x5060,0x4860,0x5860,0x5880,0x58e0,0x70c0,
0x70e0,0x7100,0x7100,0x7100,0x4860,0x2902,0x2942,0x3142,0x3142,0x3163,0x3163,0x2942,
0x2902,0x20e1,0x2122,0x2122,0x2923,0x2963,0x3163,0x39a4,0x39a4,0x39a4,0x41a4,0x41a4,
0x41c4,0x41c4,0x39a4,0x39a4,0x3163,0x0000,0x0000,0x0000,0x0000,0x0000,0x0000,0x0000,
0x0000,0x0000,0x0000,0x0000,0x0000,0x0000,0x0000,0x18e2,0x18e3,0x1903,0x2964,0x41c5,
0x5a66,0x6ac8,0x72c8,0x7b09,0x72c8,0x72a7,0x72a7,0x6aa7,0x6ac8,0x72e8,0x72c7,0x72e8,
0x6ac8,0x62a8,0x6aa8,0x6aa7,0x82a7,0x9308,0xa349,0xa349,0xab69,0xb3aa,0xbbaa,0xbbaa,
0xbbaa,0xb3ca,0xbbaa,0xbbaa,0xbbaa,0xbbaa,0xb3ca,0xc40b,0xcc2c,0xd46c,0xe4ad,0xecce,
0xecee,0xed2f,0xf52f,0xed2f,0xed0e,0xf54f,0xf54f,0xf54f,0xf52f,0xed2f,0xf52f,0xf52f,
0xed2f,0xed2f,0xed2f,0xf52f,0xed2f,0xf52f,0xf54f,0xed2f,0xed2f,0xed2f,0xed2f,0xed2f,
0xed2f,0xed2f,0xed2f,0xed2f,0xed2f,0xed2f,0xed2f,0xecee,0xed2f,0xed2f,0xed2f,0xed2f,
0xed2f,0xf52f,0xf52f,0xf52f,0xf54f,0xf54f,0xf54f,0xf54f,0xf54f,0xf54f,0xfd6f,0xfd70,
0xf54f,0xfdb0,0xf54f,0xfdb0,0xfdb0,0xfd6f,0xfd90,0xfdb0,0xfd90,0xfd90,0xfd6f,0xfd90,
0xfdb0,0xf54f,0xed0e,0xdcce,0x9b49,0x9308,0xa38a,0xb3cb,0xbc2c,0xc44c,0xcc6c,0xd48d,
0xdcad,0xdcad,0xdcad,0xdcad,0xdcad,0xdcad,0xdcad,0xd46d,0xdcad,0xcc6d,0xd48d,0xcc6d,
0xcc6c,0xc46c,0xc42c,0xbc2c,0xb3eb,0xb3cb,0xb3eb,0xabaa,0xabaa,0xcc6c,0xc40c,0x6a46,
0x7246,0x7246,0x6a25,0x6205,0x5a05,0x6205,0x6a25,0x7246,0x7aa7,0x8ac8,0x9329,0x9b69,
0x9b69,0x9b69,0x9b69,0xa369,0xbbeb,0xe4ce,0xfd6f,0xc40b,0x2000,0x2000,0x2800,0x2000,
0x3000,0x2000,0x3020,0x3000,0x3000,0x3000,0x3820,0x3820,0x3820,0x4020,0x4040,0x4020,
0x4040,0x4840,0x4020,0x5060,0x4860,0x5060,0x4860,0x5060,0x5060,0x4860,0x5060,0x5060,
0x5060,0x5060,0x5060,0x5060,0x5060,0x5060,0x5860,0x6060,0x6060,0x5880,0x6060,0x60a0,
0x70e0,0x7100,0x7100,0x68a0,0x4080,0x28e2,0x2922,0x2902,0x3142,0x3183,0x3163,0x3142,
0x2922,0x2901,0x2902,0x2122,0x2923,0x3163,0x3983,0x39a4,0x39c4,0x41c4,0x41e4,0x41e4,
0x41c4,0x39a4,0x39a4,0x3163,0x3163,0x0000,0x0000,0x0000,0x0000,0x0000,0x0000,0x0000,
0x0000,0x0000,0x0000,0x0000,0x0000,0x0000,0x0000,0x18e3,0x18e3,0x18e3,0x2123,0x3164,
0x49e5,0x5a67,0x6aa8,0x6ac8,0x6ac8,0x6ac8,0x6aa7,0x6aa8,0x72c8,0x7b29,0x7b29,0x7b29,
0x6ac8,0x5a67,0x5a67,0x5a47,0x82a7,0x8ae8,0x9329,0xa349,0xab69,0xb3aa,0xb3aa,0xbbaa,
0xbbca,0xbbca,0xbbaa,0xbbca,0xbbca,0xbbca,0xc40b,0xcc2c,0xdc6c,0xe4ad,0xecce,0xecee,
0xed0e,0xed0e,0xf50f,0xf54f,0xf54f,0xf52f,0xf54f,0xf54f,0xf52f,0xf52f,0xf52f,0xed2f,
0xed2f,0xf52f,0xf52f,0xed2f,0xf54f,0xed2f,0xed2f,0xf54f,0xf52f,0xed2f,0xed2f,0xed2f,
0xed2f,0xed2f,0xed2f,0xed2f,0xed2f,0xed2f,0xed2f,0xed2f,0xed2f,0xed2f,0xed2f,0xf52f,
0xf52f,0xf52f,0xf54f,0xf54f,0xf54f,0xf54f,0xf54f,0xf54f,0xf54f,0xfd6f,0xfd90,0xfd4f,
0xfd90,0xf54f,0xfdb0,0xfd4f,0xfd70,0xfdd1,0xfd90,0xfd70,0xfdb0,0xfdb0,0xfd90,0xfdb0,
0xfd90,0xfd6f,0xed2f,0xe4ce,0xcc4c,0x82e8,0x9329,0xab8a,0xb3eb,0xbc2c,0xc44c,0xcc6d,
0xd46d,0xd48d,0xdcad,0xd48d,0xd4ad,0xdcad,0xcc6d,0xd48d,0xcc6d,0xcc6d,0xcc6c,0xcc6c,
0xc44c,0xc42c,0xbc0c,0xb3cb,0xabaa,0xabaa,0xab8a,0xab8a,0xbc0b,0xb3cb,0x7a87,0x7246,
0x7266,0x7aa7,0x7246,0x6a26,0x6a25,0x6a25,0x6a25,0x7246,0x7a87,0x8ac8,0x8b08,0x9329,
0x9b49,0x9b49,0x9329,0xabaa,0xcc4c,0xe4ce,0xf52f,0x7a44,0x2000,0x2800,0x2800,0x3000,
0x2800,0x3000,0x3000,0x3820,0x3020,0x3820,0x4020,0x3820,0x4840,0x4040,0x4860,0x4840,
0x5060,0x4860,0x4860,0x5060,0x5060,0x5060,0x5060,0x5060,0x5060,0x5060,0x4860,0x5080,
0x5060,0x5060,0x5860,0x60a0,0x5860,0x5060,0x5880,0x58a0,0x5860,0x5880,0x5860,0x60a0,
0x6880,0x7100,0x7100,0x6080,0x4080,0x2942,0x2902,0x2942,0x3142,0x3163,0x3183,0x3983,
0x3143,0x2942,0x2922,0x2922,0x2943,0x3163,0x39a4,0x41c4,0x41a4,0x41c4,0x41e4,0x41c4,
0x39a4,0x39a4,0x3163,0x3163,0x3163,0x0000,0x0000,0x0000,0x0000,0x0000,0x0000,0x0000,
0x0000,0x0000,0x0000,0x0000,0x0000,0x0000,0x0000,0x18c2,0x18e3,0x18c2,0x18e3,0x2943,
0x3164,0x49c5,0x5a27,0x5a67,0x6aa7,0x6aa7,0x6aa7,0x6aa7,0x6ac8,0x7b29,0x7b29,0x7b29,
0x6ac8,0x5a67,0x5226,0x5206,0x7a67,0x8ae8,0x9329,0xa349,0xab69,0xbba9,0xb3aa,0xb3aa,
0xbbaa,0xbbaa,0xbbca,0xbbaa,0xbbea,0xc40b,0xdc4b,0xdc8d,0xe4ad,0xecce,0xecee,0xed2f,
0xf50f,0xf54f,0xf54f,0xf52f,0xf54f,0xf54f,0xed2f,0xf52f,0xf54f,0xf54f,0xf52f,0xed2f,
0xf52f,0xf52f,0xed2f,0xf54f,0xf54f,0xf54f,0xed2f,0xed2f,0xf54f,0xf54f,0xf54f,0xf54f,
0xed2f,0xf54f,0xed2f,0xf52f,0xf54f,0xf54f,0xed2f,0xf54f,0xed2f,0xed2f,0xed2f,0xf52f,
0xed2f,0xf54f,0xf54f,0xf54f,0xf54f,0xf54f,0xf54f,0xf54f,0xf54f,0xf54f,0xf54f,0xfd90,
0xf54f,0xfdb0,0xfd6f,0xfdb0,0xf54f,0xf54f,0xfdb0,0xfd6f,0xfd6f,0xfd90,0xfdb0,0xfd90,
0xf54f,0xf54f,0xf54f,0xdcce,0xdc8d,0xbc2b,0x7ac7,0x9b29,0xabaa,0xb3cb,0xbc2c,0xc44c,
0xcc6c,0xcc6d,0xcc6d,0xcc6d,0xcc6d,0xcc6d,0xcc6c,0xcc6c,0xcc6c,0xc46c,0xc42c,0xbc2c,
0xbbeb,0xb3eb,0xabca,0xabaa,0xabaa,0xa36a,0x9b69,0xbc0c,0xa38a,0x7a66,0x7aa7,0x7aa7,
0x7aa7,0x7266,0x7aa7,0x7246,0x7246,0x6a26,0x6a25,0x6a87,0x7266,0x82a7,0x8ae8,0x9329,
0x9329,0x9329,0x9b49,0xb3cb,0xcc6c,0xe4ce,0xbb89,0x2840,0x2800,0x2020,0x2800,0x3020,
0x3000,0x3020,0x3020,0x3820,0x3820,0x4040,0x3820,0x4860,0x4020,0x5060,0x4860,0x4860,
0x5060,0x5060,0x5060,0x5060,0x5060,0x5060,0x60a0,0x5060,0x6060,0x5860,0x5860,0x5060,
0x6880,0x5880,0x6060,0x5060,0x5060,0x5060,0x5860,0x5060,0x6060,0x58a0,0x5060,0x6880,
0x70e0,0x6880,0x70e0,0x5060,0x38a1,0x2942,0x3142,0x3142,0x3143,0x3183,0x3983,0x3983,
0x3983,0x3142,0x3163,0x2923,0x3163,0x3163,0x39a4,0x41e4,0x41e5,0x41e4,0x41a4,0x39a4,
0x39a4,0x3163,0x3163,0x3163,0x2963,0x0000,0x0000,0x0000,0x0000,0x0000,0x0000,0x0000,
0x0000,0x0000,0x0000,0x0000,0x0000,0x0000,0x0000,0x2103,0x2123,0x2123,0x2123,0x2123,
0x2943,0x3184,0x41c5,0x49e6,0x5205,0x5a46,0x5a46,0x5a47,0x6287,0x6aa8,0x6aa8,0x6aa8,
0x6287,0x5a26,0x4a05,0x49e5,0x7a66,0x8ac7,0x9327,0x9b29,0xa349,0xb38a,0xb3a9,0xbbaa,
0xb3aa,0xbbca,0xbbca,0xbbaa,0xc40b,0xd44c,0xdc8d,0xecad,0xecce,0xecee,0xf50d,0xf54f,
0xf52e,0xf54f,0xf54f,0xf52f,0xf54f,0xf52f,0xf54f,0xf52f,0xf52f,0xf54f,0xf52f,0xf52f,
0xf52f,0xf54f,0xf54f,0xf52f,0xf52f,0xf54f,0xed2f,0xf54f,0xf52f,0xf54f,0xf52f,0xed2f,
0xed2f,0xf52f,0xf54f,0xf52f,0xf54f,0xf54f,0xf52f,0xed2f,0xf52f,0xf52f,0xf52f,0xed2f,
0xf52f,0xf52f,0xf54f,0xf54f,0xf54f,0xf54f,0xf54f,0xf54f,0xf54f,0xfd70,0xf54f,0xfd70,
0xfd70,0xf54f,0xfd70,0xfd70,0xfd90,0xfd90,0xfd90,0xfd70,0xfd70,0xfd90,0xf54f,0xfd90,
0xfd70,0xf54f,0xed2f,0xe4ee,0xdcad,0xcc6c,0xa369,0x82c7,0xa349,0xabaa,0xb3eb,0xbc0b,
0xbc0c,0xc44c,0xc44c,0xcc4c,0xcc4c,0xcc6c,0xcc4c,0xc44c,0xc44c,0xc40c,0xbc0b,0xb3cb,
0xabcb,0xabaa,0xabaa,0xa36a,0x9b69,0xa38a,0xa36a,0x7246,0x6a26,0x7a87,0x7aa7,0x7aa7,
0x7aa7,0x82a7,0x8287,0x7aa7,0x7a87,0x7266,0x7246,0x7a67,0x7266,0x7aa7,0x82c7,0x8ae8,
0x8b08,0x8b08,0x9b49,0xbbeb,0xcc6c,0xa2c7,0x3060,0x2800,0x3000,0x2800,0x3000,0x3000,
0x3820,0x3800,0x4040,0x3820,0x4040,0x4020,0x4040,0x4040,0x4860,0x4860,0x4860,0x5060,
0x5060,0x5080,0x5060,0x60a0,0x5060,0x6060,0x5080,0x6060,0x5880,0x5880,0x5860,0x5860,
0x5060,0x5860,0x5060,0x5860,0x5060,0x5060,0x5060,0x5860,0x5860,0x5860,0x5860,0x6080,
0x6080,0x6080,0x6060,0x5040,0x30e1,0x3122,0x3122,0x3142,0x3163,0x3163,0x3983,0x3983,
0x3983,0x3982,0x3163,0x3163,0x3143,0x3163,0x39a4,0x41c4,0x41e4,0x41c4,0x39a4,0x39a4,
0x3163,0x3163,0x3163,0x3163,0x2943,0x0000,0x0000,0x0000,0x0000,0x0000,0x0000,0x0000,
0x0000,0x0000,0x0000,0x0000,0x0000,0x0000,0x0000,0x2923,0x2963,0x2964,0x2963,0x2963,
0x2923,0x2943,0x3164,0x39a4,0x41c5,0x41c5,0x49e5,0x49e5,0x5206,0x5226,0x5247,0x5247,
0x5206,0x4a06,0x39c4,0x3984,0x7246,0x8aa7,0x9328,0x9b29,0xab49,0xb3aa,0xb3aa,0xb3aa,
0xbbca,0xbbaa,0xbbaa,0xcc2b,0xd44b,0xdc8d,0xecad,0xecce,0xecee,0xf52f,0xf50f,0xf52f,
0xf54f,0xf54f,0xed0e,0xf54f,0xf54f,0xf54f,0xed0e,0xf54f,0xed0e,0xf52f,0xf52f,0xf54f,
0xed2f,0xf54f,0xf54f,0xf54f,0xf54f,0xf52f,0xf54f,0xf54f,0xf52f,0xed2f,0xf52f,0xf54f,
0xf54f,0xf52f,0xed2f,0xf52f,0xed2f,0xed2f,0xf52f,0xed2f,0xf52f,0xf54f,0xf54f,0xed2f,
0xf54f,0xf54f,0xf54f,0xf54f,0xf54f,0xf54f,0xf54f,0xf54f,0xf54f,0xf54f,0xf54f,0xf54f,
0xf54f,0xfd70,0xf54f,0xf54f,0xfd90,0xf54f,0xf54f,0xfd6f,0xfd6f,0xf54f,0xfdb0,0xf54f,
0xf54f,0xf54f,0xed0e,0xecee,0xdcae,0xcc6c,0xbc2c,0x9308,0x82c7,0x9b49,0xabaa,0xabaa,
0xb3cb,0xb3eb,0xb3eb,0xbc2c,0xbc2c,0xbc0c,0xbc0b,0xb40b,0xb3eb,0xb3cb,0xabaa,0xabaa,
0xa38a,0xa36a,0x9b69,0x9b69,0x9b69,0x7226,0x4020,0x3000,0x5122,0x7226,0x7aa7,0x8287,
0x82a7,0x8287,0x7aa7,0x8287,0x7aa7,0x7aa7,0x7aa7,0x7a67,0x7aa7,0x7aa7,0x7aa7,0x82a7,
0x8ae8,0x8ae8,0xa38a,0xab89,0x7a26,0x2020,0x2000,0x2000,0x2800,0x3000,0x3000,0x3820,
0x3820,0x4020,0x4020,0x4040,0x4040,0x5040,0x5060,0x4860,0x4860,0x4860,0x5060,0x4860,
0x5060,0x5060,0x5060,0x5060,0x58c0,0x5860,0x5880,0x5060,0x5060,0x6080,0x5860,0x58a0,
0x5880,0x5060,0x5860,0x5860,0x5060,0x5060,0x5060,0x5060,0x5060,0x5060,0x6080,0x5060,
0x6080,0x5860,0x5060,0x4860,0x3122,0x3142,0x3142,0x3983,0x3983,0x3983,0x3183,0x3983,
0x3983,0x3183,0x3183,0x3163,0x3163,0x3163,0x39a4,0x39a4,0x41a5,0x39a4,0x3984,0x3163,
0x3983,0x3163,0x3163,0x3163,0x2922,0x0000,0x0000,0x0000,0x0000,0x0000,0x0000,0x0000,
0x0000,0x0000,0x0000,0x0000,0x0000,0x0000,0x0000,0x3164,0x3985,0x3984,0x3184,0x3164,
0x3164,0x2943,0x2964,0x39a5,0x39a4,0x39a5,0x39a5,0x39a5,0x39a5,0x41a5,0x39a5,0x39a5,
0x3984,0x3984,0x3144,0x2944,0x6a26,0x82a7,0x8ae7,0x9b29,0xa349,0xb389,0xb3aa,0xbbaa,
0xbbaa,0xbbca,0xc40b,0xd44b,0xe48d,0xecad,0xecce,0xecee,0xf52e,0xf52d,0xf54f,0xf52f,
0xfd4e,0xf52e,0xfd4e,0xf54f,0xf54f,0xf52f,0xed0e,0xf50f,0xf54f,0xf52f,0xf52f,0xed0e,
0xf50f,0xf54f,0xf52f,0xf54f,0xf54f,0xf54f,0xf54f,0xf52f,0xf54f,0xf52f,0xf54f,0xf54f,
0xf54f,0xf54f,0xf54f,0xf54f,0xf54f,0xed2f,0xf52f,0xf54f,0xf52f,0xf52f,0xed2f,0xed2f,
0xed2f,0xf52f,0xf52f,0xf54f,0xf52f,0xf54f,0xf54f,0xf54f,0xf54f,0xf54f,0xf54f,0xf54f,
0xf54f,0xf54f,0xf54f,0xf54f,0xf54f,0xf54f,0xfd4f,0xf54f,0xf54f,0xf54f,0xf54f,0xf54f,
0xf52f,0xed2f,0xecee,0xdcce,0xdc8d,0xcc6c,0xbc2c,0xabcb,0x7aa7,0x7aa7,0x9308,0x9b29,
0x9b49,0xa369,0xa36a,0xa38a,0xa38a,0xa38a,0xa369,0x9b69,0xa369,0x9b69,0x9b69,0x9b69,
0x9b49,0x9b69,0x9b49,0x6a05,0x38a1,0x3000,0x3000,0x3000,0x3800,0x48e1,0x7246,0x7aa7,
0x82a7,0x82a7,0x7aa7,0x8ac7,0x7aa7,0x8287,0x7aa7,0x7aa7,0x7a87,0x7266,0x7a87,0x7266,
0x7266,0x69e5,0x48e2,0x3060,0x2000,0x2000,0x3800,0x3000,0x2800,0x3000,0x3820,0x3020,
0x3820,0x3820,0x4040,0x4040,0x4840,0x4840,0x4860,0x4860,0x5060,0x5060,0x5060,0x58a0,
0x5880,0x5880,0x5880,0x6080,0x6080,0x6080,0x5880,0x5880,0x6060,0x5060,0x5860,0x5060,
0x5880,0x5040,0x5040,0x5040,0x5040,0x5060,0x5060,0x5040,0x5060,0x5060,0x5060,0x6060,
0x5060,0x5860,0x5040,0x3880,0x3142,0x3142,0x3162,0x3983,0x3983,0x3983,0x3983,0x3183,
0x3163,0x3183,0x3184,0x3163,0x3183,0x3984,0x39a4,0x39a4,0x39a4,0x39a4,0x3983,0x3963,
0x3984,0x39a4,0x3963,0x3163,0x3142,0x0000,0x0000,0x0000,0x0000,0x0000,0x0000,0x0000,
0x0000,0x0000,0x0000,0x0000,0x0000,0x0000,0x0000,0x3164,0x39a5,0x39a5,0x39a4,0x31a5,
0x3164,0x3164,0x3184,0x39a4,0x39a5,0x39a4,0x39a5,0x39a5,0x39a4,0x3143,0x3143,0x3163,
0x3143,0x3143,0x2943,0x2942,0x6205,0x7a65,0x8ae8,0x9328,0xa349,0xb38a,0xb3aa,0xbbca,
0xc3ca,0xcc2b,0xd44c,0xdc8d,0xecad,0xecce,0xf50c,0xf50d,0xf50e,0xf54f,0xf52e,0xf54f,
0xf50f,0xf54f,0xf50f,0xf52f,0xf54f,0xfd4e,0xf52f,0xfd4e,0xf50f,0xf50d,0xf52f,0xf52f,
0xf52f,0xf52f,0xf54f,0xf54f,0xf54f,0xf54f,0xf52f,0xf54f,0xf54f,0xf54f,0xf54f,0xf52f,
0xf52f,0xf52f,0xf52f,0xf52f,0xf52f,0xf52f,0xf52f,0xed2f,0xf54f,0xed2f,0xf54f,0xed2f,
0xed2f,0xed2f,0xf54f,0xed2f,0xf52f,0xf54f,0xf52f,0xf52f,0xf54f,0xf54f,0xf54f,0xf54f,
0xf54f,0xf54f,0xf54f,0xf54f,0xf54f,0xf54f,0xf54f,0xf54f,0xf54f,0xf54f,0xed0e,0xed2f,
0xed0e,0xecee,0xe4ee,0xdcad,0xd48d,0xcc6c,0xbc2c,0xb3eb,0xab8a,0x82a7,0x7266,0x7287,
0x82c7,0x82c7,0x8ac8,0x8ae8,0x9308,0x9308,0x9308,0x9308,0x9308,0x9329,0x9329,0x9308,
0x82c7,0x6a05,0x4081,0x2000,0x3000,0x2800,0x3000,0x3820,0x4020,0x4020,0x3881,0x61c5,
0x7a87,0x82a7,0x7aa7,0x7aa7,0x7aa7,0x7aa7,0x82c7,0x82a7,0x9308,0xa369,0x9308,0x2840,
0x3000,0x2000,0x2000,0x2000,0x3800,0x3800,0x2800,0x3000,0x3000,0x3020,0x3820,0x3820,
0x4040,0x4040,0x4820,0x4860,0x4860,0x4860,0x5060,0x4860,0x58a0,0x5060,0x5060,0x5880,
0x5880,0x58a0,0x6060,0x5080,0x5880,0x5060,0x5880,0x6060,0x5060,0x5060,0x5060,0x5060,
0x5040,0x5040,0x5020,0x5040,0x5040,0x5020,0x5020,0x5040,0x5040,0x5040,0x5020,0x5060,
0x5040,0x5060,0x5020,0x3102,0x3142,0x3142,0x3983,0x3983,0x41a3,0x3983,0x3983,0x3163,
0x3183,0x3183,0x3184,0x31a4,0x39a4,0x39a4,0x39a4,0x39a4,0x39a4,0x3984,0x39a4,0x39a4,
0x41a4,0x41a4,0x3983,0x3963,0x3163,0x0000,0x0000,0x0000,0x0000,0x0000,0x0000,0x0000,
0x0000,0x0000,0x0000,0x0000,0x0000,0x0000,0x0000,0x3164,0x39a4,0x39a5,0x31a5,0x39a4,
0x39a5,0x39a5,0x39a5,0x39a5,0x39a5,0x39c5,0x39c5,0x39c5,0x39a4,0x3143,0x2944,0x2943,
0x3143,0x3163,0x3163,0x3143,0x59c4,0x7a67,0x8ac8,0x9327,0xa349,0xb38a,0xbbaa,0xbbea,
0xc40b,0xdc4b,0xe46d,0xecad,0xecad,0xf50d,0xecee,0xf50f,0xf54f,0xed0e,0xfd2e,0xf54f,
0xfd2d,0xf54f,0xfd4e,0xed0e,0xecee,0xf50f,0xf54f,0xf54f,0xed2f,0xf54f,0xf50f,0xf54f,
0xf54f,0xf52f,0xf52f,0xf54f,0xf54f,0xf54f,0xf54f,0xf54f,0xed2f,0xf54f,0xf54f,0xed2f,
0xed2f,0xf52f,0xed2f,0xf54f,0xed2f,0xed2f,0xed2f,0xed2f,0xed2f,0xed2f,0xed2f,0xed0f,
0xed2f,0xed2f,0xed2f,0xed2f,0xf52f,0xed2f,0xf52f,0xed2f,0xed2f,0xf54f,0xed2f,0xed2f,
0xed2f,0xf52f,0xf54f,0xed2f,0xed2f,0xed2f,0xed2f,0xed2f,0xecee,0xecee,0xecee,0xecee,
0xecee,0xdcce,0xdcce,0xdcad,0xd46c,0xc46c,0xc40b,0xb3eb,0xabaa,0x9b69,0x9309,0x7aa7,
0x7246,0x7246,0x7aa7,0x7aa7,0x7aa7,0x7aa7,0x7aa7,0x8b08,0x8ae8,0x7a87,0x61a4,0x3860,
0x2020,0x2000,0x2800,0x3000,0x3000,0x3000,0x3020,0x3020,0x3820,0x4020,0x2800,0x3000,
0x3080,0x61e5,0x7a87,0x82a7,0x8287,0x8ae8,0xa349,0xa36a,0xab6a,0xab69,0x8ac7,0x3000,
0x3000,0x2000,0x2000,0x2800,0x3020,0x2000,0x2000,0x3000,0x3020,0x3020,0x3820,0x4040,
0x4020,0x4860,0x4860,0x5060,0x4860,0x5060,0x5060,0x5060,0x58a0,0x58c0,0x6060,0x5860,
0x5860,0x58a0,0x6060,0x5060,0x6060,0x5060,0x5060,0x5060,0x5060,0x5060,0x5020,0x5860,
0x4840,0x5020,0x5060,0x5060,0x5020,0x4820,0x5020,0x5040,0x4820,0x5040,0x5020,0x5040,
0x5040,0x5020,0x4060,0x3142,0x3142,0x3982,0x3983,0x41a3,0x39c3,0x3983,0x3983,0x3983,
0x3183,0x3983,0x3184,0x39a4,0x41c4,0x41a4,0x39c4,0x39a4,0x39a3,0x3963,0x39a4,0x41a4,
0x41c4,0x41a4,0x39a3,0x39a3,0x3163,0x0000,0x0000,0x0000,0x0000,0x0000,0x0000,0x0000,
0x0000,0x0000,0x0000,0x0000,0x0000,0x0000,0x0000,0x41c5,0x41c5,0x41c5,0x41c5,0x41c5,
0x41c5,0x41c5,0x39c5,0x41c5,0x41e5,0x4a06,0x5247,0x5247,0x5226,0x4206,0x41c5,0x41c5,
0x49e5,0x4a06,0x5206,0x5206,0x59e5,0x6a05,0x8287,0x9308,0xa349,0xb389,0xbbaa,0xbbea,
0xcc2b,0xdc4b,0xe48c,0xecad,0xecce,0xed0d,0xf50d,0xf52e,0xf50d,0xfd4e,0xf52f,0xf50d,
0xf52f,0xf52f,0xf52f,0xfd4e,0xf50f,0xfd4e,0xf50d,0xf52f,0xf52f,0xf50f,0xf50f,0xf50f,
0xf50f,0xf52f,0xf52f,0xf52f,0xf52f,0xf52f,0xf52f,0xf52f,0xf52f,0xf54f,0xf52f,0xf52f,
0xf52f,0xf52f,0xed2f,0xed2f,0xed2f,0xed2f,0xed2f,0xed2f,0xed0f,0xed2f,0xed0e,0xed0e,
0xed0e,0xed0e,0xecee,0xed0e,0xed0e,0xed2f,0xed2f,0xed2f,0xed2f,0xed2f,0xf52f,0xed2f,
0xed2f,0xed0e,0xed2f,0xed0e,0xecee,0xed0e,0xecee,0xecee,0xe4ce,0xe4ce,0xe4ce,0xdcae,
0xdcae,0xdcad,0xdc8d,0xd46c,0xcc4c,0xc42c,0xbbeb,0xb3cb,0xabaa,0xa36a,0x9b29,0x9329,
0x8ae8,0x82a7,0x8287,0x7a67,0x7a66,0x6a05,0x5983,0x4102,0x3081,0x2000,0x2000,0x2000,
0x2000,0x2800,0x2800,0x2000,0x3000,0x3000,0x3800,0x3820,0x4020,0x4840,0x3000,0x2800,
0x2800,0x2800,0x3081,0x5963,0x6a25,0x7246,0x7aa7,0x8aa7,0x92e8,0x9b49,0x9308,0x2000,
0x2000,0x2800,0x2800,0x2000,0x2800,0x3820,0x3820,0x3000,0x3820,0x4020,0x4020,0x4840,
0x4840,0x4840,0x4860,0x5060,0x5060,0x5060,0x5060,0x5060,0x5880,0x5060,0x58a0,0x5080,
0x5860,0x5880,0x58a0,0x6060,0x5080,0x5060,0x5860,0x5040,0x5860,0x5040,0x5060,0x5040,
0x5040,0x5020,0x5040,0x4820,0x5020,0x5020,0x4820,0x5020,0x5020,0x5020,0x5040,0x5020,
0x5020,0x4820,0x4101,0x3962,0x3162,0x3963,0x3983,0x41a3,0x41c3,0x39a3,0x39a3,0x3983,
0x3183,0x3143,0x3163,0x3183,0x3984,0x39c4,0x39a4,0x39a4,0x3984,0x39a4,0x39a4,0x39a4,
0x41c4,0x41e4,0x39a4,0x3983,0x3163,0x0000,0x0000,0x0000,0x0000,0x0000,0x0000,0x0000,
0x0000,0x0000,0x0000,0x0000,0x0000,0x0000,0x0000,0x5a27,0x5a67,0x5a67,0x5267,0x5a67,
0x5267,0x5266,0x4a26,0x4a26,0x5247,0x62a8,0x72e9,0x7b2a,0x72e9,0x72e9,0x72e9,0x72e9,
0x72e9,0x7b29,0x7b29,0x7b29,0x6a67,0x69e4,0x8287,0x9329,0xab69,0xb3aa,0xbbaa,0xc40b,
0xcc2b,0xdc4b,0xecad,0xecad,0xf50c,0xecee,0xfd2c,0xf50e,0xf52f,0xf52c,0xf52f,0xf54f,
0xf54f,0xfd2c,0xf52c,0xf52f,0xf54f,0xf50f,0xf54f,0xed0e,0xfd2d,0xecee,0xf52d,0xecee,
0xf52f,0xed0e,0xed2f,0xed2f,0xf54f,0xf54f,0xf54f,0xf54f,0xf52f,0xed2f,0xf52f,0xed2f,
0xed2f,0xed2f,0xed2f,0xed2f,0xed2f,0xed0e,0xed2f,0xed2f,0xed0e,0xecee,0xecee,0xed0e,
0xecee,0xecee,0xed2f,0xed0e,0xecee,0xecee,0xed2f,0xecee,0xed0e,0xed0e,0xecee,0xecee,
0xecee,0xecee,0xecee,0xecee,0xecee,0xdcce,0xdcce,0xdcce,0xdcad,0xdcad,0xdcad,0xdcad,
0xd46d,0xcc6c,0xcc4c,0xbc2c,0xbbeb,0xb3ea,0xabaa,0xabaa,0x9b69,0x9b49,0x9329,0x9308,
0x8ae8,0x82c7,0x7285,0x5101,0x3020,0x1800,0x1800,0x2000,0x2000,0x2000,0x2000,0x2000,
0x2000,0x2000,0x2800,0x3000,0x3000,0x3000,0x3020,0x3820,0x4020,0x4840,0x2800,0x2000,
0x2800,0x3000,0x3000,0x2800,0x3000,0x40a1,0x61a4,0x7266,0x82c7,0x9308,0x8286,0x2000,
0x3000,0x3000,0x2000,0x2800,0x4020,0x4020,0x2000,0x3020,0x4020,0x4020,0x4860,0x4020,
0x4860,0x4860,0x5060,0x5060,0x5060,0x5060,0x58a0,0x58e0,0x5060,0x58c0,0x5860,0x5860,
0x5860,0x5060,0x5060,0x5860,0x5060,0x5060,0x5060,0x5060,0x5040,0x5060,0x4820,0x5040,
0x5060,0x5040,0x4820,0x4820,0x5040,0x4820,0x5040,0x5020,0x5020,0x4820,0x5020,0x5020,
0x5020,0x4860,0x3963,0x3982,0x3983,0x3983,0x3983,0x41c3,0x4184,0x39c3,0x3983,0x3983,
0x3163,0x2942,0x2943,0x2923,0x3143,0x3164,0x39a4,0x41c4,0x41a4,0x39a4,0x39a4,0x41a4,
0x41c4,0x41a4,0x39a3,0x3163,0x2963,0x0000,0x0000,0x0000,0x0000,0x0000,0x0000,0x0000,
0x0000,0x0000,0x0000,0x0000,0x0000,0x0000,0x0000,0x7b09,0x836b,0x836a,0x836a,0x836a,
0x7b2a,0x7b2a,0x72e9,0x72e9,0x7309,0x836b,0x8bac,0x93cc,0x93cc,0x93cc,0x9c0d,0x9c0d,
0x9c0d,0x9c0d,0x93ed,0x93cc,0x836a,0x61e5,0x7a46,0x9307,0xab69,0xb3aa,0xbbaa,0xc40b,
0xd44b,0xe48b,0xecad,0xeccd,0xecee,0xecee,0xed0e,0xf50e,0xfd2d,0xfd2d,0xf52f,0xfd4e,
0xf50f,0xf50e,0xfd4e,0xf52f,0xf50d,0xf52d,0xf54f,0xecee,0xf52f,0xf52e,0xecee,0xed0e,
0xed0e,0xed0e,0xed0e,0xed0f,0xed0e,0xf52f,0xed2f,0xf54f,0xed2f,0xed2f,0xed2f,0xed0e,
0xed0e,0xed2f,0xed2f,0xed2f,0xecee,0xed2f,0xecee,0xed0e,0xecee,0xecee,0xecee,0xecee,
0xecee,0xecee,0xecee,0xecee,0xecee,0xecee,0xecee,0xecee,0xecee,0xecee,0xecee,0xe4ce,
0xe4ce,0xe4ce,0xe4ae,0xdcad,0xdcad,0xdcad,0xdc6d,0xdc6d,0xd46c,0xcc6c,0xc42c,0xc42c,
0xbbeb,0xbbeb,0xb3eb,0xb3ca,0xabaa,0xabaa,0xab8a,0xa36a,0x9b69,0x8b07,0x7284,0x6a01,
0x59c1,0x59a0,0x59a0,0x5160,0x3060,0x1000,0x2000,0x2000,0x0800,0x2000,0x2000,0x2000,
0x2000,0x2800,0x2800,0x3000,0x3000,0x3000,0x3820,0x4020,0x4860,0x5060,0x3000,0x2000,
0x2800,0x3000,0x2800,0x2800,0x2800,0x2800,0x2800,0x2840,0x4081,0x5163,0x5183,0x2000,
0x2800,0x2800,0x2000,0x3000,0x3800,0x2000,0x3000,0x3820,0x4020,0x4040,0x4840,0x4860,
0x4860,0x5060,0x5060,0x5060,0x58c0,0x5080,0x5860,0x5860,0x58a0,0x6060,0x5080,0x5860,
0x5880,0x5860,0x5060,0x5860,0x5060,0x5020,0x5060,0x5020,0x5040,0x5020,0x5020,0x5040,
0x5040,0x4820,0x5020,0x4820,0x4820,0x4820,0x5020,0x4820,0x4820,0x4820,0x4820,0x5020,
0x4820,0x4102,0x3983,0x3983,0x3983,0x3983,0x3983,0x39a3,0x39c3,0x39a3,0x3983,0x3983,
0x3163,0x2902,0x2122,0x20e2,0x2122,0x2963,0x3984,0x41c4,0x49e5,0x41e5,0x41e5,0x39a4,
0x39a4,0x39a4,0x3183,0x3163,0x2922,0x0000,0x0000,0x0000,0x0000,0x0000,0x0000,0x0000,
0x0000,0x0000,0x0000,0x0000,0x0000,0x0000,0x0000,0x93cc,0xa44d,0xa44d,0xa42e,0xa44d,
0x9c2e,0x9bed,0x93cc,0x8bac,0x93ec,0x9bed,0x9c2e,0x9c2d,0x9c2d,0x9c2e,0xac8f,0xac8f,
0xac8f,0xac8f,0xac8f,0xa44e,0xa42e,0x7267,0x7225,0x8ac8,0xab69,0xb3a9,0xbbca,0xc40b,
0xdc4b,0xdc6d,0xecad,0xecad,0xeccd,0xf50d,0xf50c,0xf4ee,0xed0d,0xf52f,0xf50e,0xfd2c,
0xf52d,0xf54f,0xed0e,0xf50d,0xf52e,0xed0e,0xed0e,0xf52d,0xed0e,0xf52f,0xed0e,0xecee,
0xeced,0xed0e,0xf52f,0xed0e,0xecee,0xed0e,0xed2f,0xed0e,0xed0f,0xf52f,0xed0f,0xed0f,
0xed0f,0xed0e,0xecee,0xecee,0xed0e,0xecee,0xecee,0xecee,0xecee,0xecee,0xe4ee,0xecee,
0xecee,0xe4ce,0xe4ce,0xe4ce,0xe4ee,0xecce,0xe4ee,0xe4ee,0xe4ae,0xdcce,0xdcce,0xdcad,
0xdc8d,0xdc8d,0xd48d,0xd46d,0xd46d,0xcc4c,0xcc4c,0xc42c,0xc40c,0xbc0b,0xbbeb,0xb3eb,
0xb3cb,0xb3ca,0xabaa,0xabaa,0xa38a,0xa368,0x9307,0x82c4,0x6a00,0x69e0,0x61c0,0x61c0,
0x59a0,0x59a0,0x59a0,0x59a0,0x4960,0x2000,0x2000,0x2000,0x2000,0x2000,0x2000,0x2000,
0x2000,0x2000,0x2800,0x2800,0x3000,0x3020,0x4020,0x4020,0x4840,0x5860,0x3800,0x2800,
0x2800,0x2800,0x2000,0x3000,0x2000,0x3000,0x2800,0x3000,0x2800,0x2800,0x2800,0x2000,
0x3000,0x2000,0x2000,0x3000,0x2800,0x3800,0x3000,0x3820,0x4020,0x4020,0x4860,0x4860,
0x5060,0x5060,0x5060,0x5080,0x5060,0x5860,0x5080,0x6060,0x5060,0x5860,0x5860,0x5860,
0x5060,0x5860,0x5040,0x5060,0x5040,0x5060,0x5040,0x5040,0x5020,0x5020,0x4820,0x4820,
0x4820,0x4820,0x4820,0x4820,0x5020,0x4820,0x4820,0x4820,0x4820,0x4820,0x5020,0x4820,
0x4860,0x4183,0x39a3,0x3983,0x3983,0x3983,0x3983,0x3983,0x3983,0x3983,0x3983,0x3983,
0x2942,0x2902,0x2102,0x2102,0x2122,0x2923,0x3984,0x41c4,0x49e4,0x49e5,0x41c5,0x39a4,
0x39a4,0x39a3,0x3163,0x3163,0x2922,0x0000,0x0000,0x0000,0x0000,0x0000,0x0000,0x0000,
0x0000,0x0000,0x0000,0x0000,0x0000,0x0000,0x0000,0x9c2e,0xa46f,0xa46f,0xa46f,0xacaf,
0xac8f,0xacb0,0xa46e,0xa46e,0xa46e,0xa46e,0xa46f,0xa44e,0x9c2d,0xa44e,0xac8f,0xacaf,
0xb4d0,0xb4d0,0xac8f,0xac8f,0xac8f,0x8b6a,0x6a25,0x8ae7,0xab69,0xbbaa,0xc3ea,0xd42b,
0xdc4c,0xec6d,0xecad,0xeccd,0xeccd,0xf50d,0xecee,0xf50d,0xecee,0xf52f,0xed0e,0xfd2c,
0xed0e,0xfd2c,0xf52c,0xecee,0xecee,0xf50e,0xfd2c,0xecee,0xecee,0xecee,0xecee,0xecee,
0xecee,0xecee,0xecee,0xecee,0xed2f,0xed0e,0xed0e,0xecee,0xecee,0xed2f,0xecee,0xecee,
0xecee,0xecee,0xecee,0xecee,0xecee,0xecee,0xecee,0xecee,0xe4ee,0xecee,0xe4ee,0xe4ce,
0xdcce,0xe4ce,0xe4ad,0xdcad,0xe4ad,0xdcad,0xdcad,0xdcad,0xdcad,0xd46d,0xd46d,0xcc6c,
0xcc6c,0xcc6c,0xc42c,0xc42c,0xbbeb,0xbbeb,0xb3eb,0xb3eb,0xb3ea,0xb3ab,0xabaa,0xabaa,
0xabaa,0xab6a,0x9b49,0x92e5,0x7a42,0x69e0,0x69c0,0x61c0,0x61c0,0x61c0,0x61c0,0x61c0,
0x61c0,0x59a0,0x59a0,0x59a0,0x4960,0x2000,0x2000,0x2000,0x2000,0x2000,0x2000,0x2000,
0x2000,0x3000,0x2800,0x3000,0x3020,0x3820,0x4020,0x4840,0x4860,0x5860,0x4020,0x3000,
0x2800,0x3000,0x2000,0x2000,0x2000,0x2800,0x2000,0x3000,0x2800,0x3000,0x2000,0x3000,
0x3000,0x2000,0x2000,0x3000,0x3820,0x4020,0x3000,0x4020,0x4840,0x4820,0x5060,0x4860,
0x5060,0x4860,0x5060,0x5060,0x5080,0x5880,0x5860,0x5060,0x5060,0x6060,0x5060,0x5060,
0x5060,0x5040,0x5060,0x5020,0x5060,0x4820,0x5040,0x5020,0x5040,0x4820,0x4820,0x4820,
0x4820,0x4820,0x4820,0x5020,0x4820,0x4820,0x4820,0x4820,0x4820,0x4820,0x4820,0x4800,
0x3922,0x3983,0x3983,0x4183,0x3983,0x3983,0x3983,0x3983,0x3983,0x3983,0x3983,0x3983,
0x2942,0x2901,0x2102,0x2102,0x2922,0x2943,0x3984,0x41c4,0x41e5,0x41e4,0x39c4,0x39a4,
0x39a4,0x39a4,0x3983,0x3163,0x3163,0x0000,0x0000,0x0000,0x0000,0x0000,0x0000,0x0000,
0x0000,0x0000,0x0000,0x0000,0x0000,0x0000,0x0000,0xa44e,0xacaf,0xa46f,0xa46f,0xacaf,
0xb4d0,0xb4d0,0xacb0,0xacaf,0xacaf,0xacaf,0xacaf,0xa46f,0xa44e,0x9c2e,0xa44e,0xac8f,
0xacaf,0xb4d0,0xac8f,0xac8f,0xa46e,0x9c0d,0x69e5,0x8286,0xab69,0xbbaa,0xc40a,0xd42b,
0xdc6c,0xecad,0xecad,0xecad,0xecad,0xeced,0xf50d,0xed0d,0xf50e,0xf50d,0xf4ee,0xf50d,
0xf50e,0xecee,0xecee,0xed0e,0xf50d,0xecee,0xecee,0xecee,0xf50e,0xecee,0xeced,0xecee,
0xecce,0xecee,0xecee,0xecee,0xecee,0xecee,0xed0e,0xed0e,0xed0e,0xecee,0xecee,0xecee,
0xecee,0xecee,0xecee,0xecee,0xecee,0xecee,0xe4ce,0xe4ce,0xe4ce,0xe4ce,0xe4ae,0xe4ce,
0xdcce,0xdcad,0xdcad,0xdc8d,0xd48d,0xd48d,0xd46c,0xcc6c,0xcc4c,0xcc4c,0xc44c,0xc40c,
0xc40c,0xbc0b,0xbbeb,0xb3eb,0xb3eb,0xb3ea,0xb3aa,0xabca,0xabaa,0xab8a,0xa369,0x9b27,
0x92c4,0x7262,0x7200,0x69e0,0x69e0,0x69e0,0x61c0,0x69e0,0x69e0,0x69e0,0x61c0,0x61c0,
0x61a0,0x61c0,0x59a0,0x59a0,0x4960,0x2000,0x2000,0x2000,0x2000,0x2000,0x2000,0x2000,
0x2000,0x2800,0x3000,0x2800,0x3020,0x3820,0x4040,0x4840,0x5060,0x60a0,0x3840,0x2800,
0x2800,0x3000,0x3000,0x2800,0x2800,0x2800,0x3000,0x2800,0x3000,0x3000,0x2000,0x2800,
0x2800,0x2800,0x2800,0x3000,0x3820,0x3800,0x3820,0x4020,0x4040,0x4860,0x5060,0x5060,
0x5060,0x5060,0x5060,0x5880,0x5060,0x58a0,0x5060,0x58a0,0x5060,0x5060,0x5060,0x5060,
0x5040,0x5060,0x5040,0x5040,0x5040,0x5040,0x5020,0x5020,0x4820,0x4820,0x4820,0x4820,
0x4820,0x4820,0x4820,0x4820,0x4800,0x4820,0x4820,0x4820,0x4820,0x4820,0x4800,0x40a1,
0x3983,0x3983,0x39a3,0x3983,0x3983,0x3983,0x3183,0x3983,0x3983,0x3983,0x3983,0x3983,
0x3143,0x2922,0x2922,0x2102,0x2922,0x2943,0x3984,0x39a4,0x39e4,0x39a4,0x3984,0x3984,
0x39a4,0x41a4,0x41c4,0x41c4,0x4184,0x0000,0x0000,0x0000,0x0000,0x0000,0x0000,0x0000,
0x0000,0x0000,0x0000,0x0000,0x0000,0x0000,0x0000,0xac8f,0xb4d0,0xac8f,0xa46f,0xac8f,
0xb4d0,0xb4d0,0xb4d0,0xac8f,0xacaf,0xac8f,0xb4d0,0xa46f,0xa46f,0xa44e,0x9c2e,0xa46e,
0xac8f,0xac8f,0xac8f,0xa46f,0x9c2e,0xa44e,0x7267,0x7a67,0xa349,0xb3a9,0xc3ea,0xd42b,
0xdc6c,0xe4aa,0xe4ab,0xeccd,0xeccd,0xecad,0xecee,0xf4ec,0xecee,0xed0e,0xecee,0xecee,
0xecee,0xecee,0xeced,0xf50c,0xecee,0xecee,0xecee,0xecee,0xecce,0xecee,0xecad,0xecad,
0xecad,0xecce,0xecee,0xecee,0xecee,0xecee,0xecee,0xecee,0xecee,0xecee,0xecee,0xecee,
0xecee,0xe4ee,0xecee,0xe4ae,0xdcce,0xdcce,0xdcad,0xdcad,0xdcae,0xdcad,0xdcad,0xdcad,
0xdcad,0xd46d,0xcc6c,0xcc6c,0xcc6c,0xc42c,0xc42c,0xc3ec,0xbbeb,0xbbeb,0xbbeb,0xbbeb,
0xb3eb,0xb3ea,0xb3cb,0xb3ca,0xb3aa,0xabaa,0xabaa,0xa389,0x9308,0x8ac4,0x7220,0x69e0,
0x69e0,0x7200,0x7200,0x61c0,0x69e0,0x6a00,0x6a00,0x69e0,0x61c0,0x69e0,0x61c0,0x61c0,
0x61c0,0x59a0,0x61a0,0x59a0,0x4960,0x3800,0x2000,0x2000,0x2000,0x2000,0x2000,0x2000,
0x2800,0x2020,0x3000,0x3020,0x3820,0x4020,0x4860,0x5040,0x5860,0x6880,0x4040,0x2000,
0x2800,0x2000,0x2000,0x3000,0x2000,0x2800,0x3000,0x2800,0x2000,0x3000,0x2800,0x3000,
0x2800,0x2000,0x3000,0x3820,0x4020,0x3000,0x3800,0x4840,0x4840,0x4860,0x5060,0x4860,
0x5060,0x5060,0x5060,0x5060,0x5860,0x5860,0x5860,0x5060,0x5060,0x58c0,0x5020,0x5060,
0x5060,0x5020,0x5060,0x4820,0x5040,0x4820,0x4820,0x4820,0x4820,0x4820,0x4820,0x4820,
0x4820,0x4820,0x4820,0x4820,0x4820,0x4820,0x4800,0x4800,0x4800,0x4800,0x4820,0x3943,
0x3983,0x3983,0x39a3,0x4183,0x3983,0x3982,0x3983,0x3983,0x3983,0x3983,0x3983,0x3983,
0x3162,0x3142,0x2922,0x2922,0x2923,0x2963,0x3984,0x39a4,0x39a5,0x31a4,0x3163,0x3163,
0x39a4,0x41c4,0x49e4,0x49e4,0x41a4,0x0000,0x0000,0x0000,0x0000,0x0000,0x0000,0x0000,
0x0000,0x0000,0x0000,0x0000,0x0000,0x0000,0x0000,0xac8f,0xb4d0,0xb4d0,0xacaf,0xacaf,
0xac8f,0xb4d0,0xacb0,0xb4d0,0xacaf,0xac8f,0xac8f,0xac8f,0xa46f,0xa44e,0x9c2d,0x9c0d,
0x9c0d,0xa44e,0xa44e,0x9c2e,0x9c2e,0xa42e,0x8bab,0x7a66,0x9347,0xb38a,0xc3ea,0xd42b,
0xdc4b,0xe4ab,0xe4ac,0xecad,0xecad,0xeccd,0xecad,0xeced,0xf50c,0xeccd,0xeccd,0xecce,
0xecce,0xecce,0xecee,0xecce,0xecce,0xeced,0xecad,0xecce,0xecce,0xecad,0xecad,0xecae,
0xecad,0xecad,0xecce,0xecce,0xecee,0xecee,0xecee,0xecce,0xe4ee,0xe4ce,0xe4ce,0xe4ce,
0xdcad,0xe4ad,0xdcad,0xdcad,0xdcad,0xdcad,0xdc8d,0xdcad,0xd48d,0xd46c,0xd46c,0xcc4c,
0xcc4c,0xcc2c,0xc40b,0xc40b,0xc3eb,0xbbeb,0xbbeb,0xb3eb,0xb3ea,0xb3eb,0xb3ca,0xb3ca,
0xabca,0xabaa,0xabaa,0xab8a,0x9b48,0x8b06,0x7a82,0x7221,0x7220,0x6a00,0x7220,0x69e0,
0x7200,0x6a00,0x6a00,0x69e0,0x6a00,0x69e0,0x69e0,0x6a00,0x61c0,0x69c0,0x6a00,0x61c0,
0x61c0,0x61c0,0x61c0,0x61a0,0x5140,0x5820,0x4000,0x3000,0x2000,0x2000,0x2000,0x2000,
0x2800,0x2800,0x3000,0x3020,0x3800,0x4020,0x5060,0x5060,0x5860,0x60c0,0x3840,0x3000,
0x2800,0x3000,0x3000,0x2800,0x3000,0x2800,0x2800,0x2800,0x3000,0x2800,0x2000,0x3000,
0x2800,0x3000,0x2800,0x3000,0x4040,0x3820,0x4020,0x4860,0x4840,0x4860,0x4860,0x5060,
0x5060,0x5880,0x5060,0x5080,0x5060,0x5060,0x5060,0x5060,0x5040,0x5040,0x5040,0x5040,
0x4820,0x5040,0x5020,0x5020,0x5020,0x4820,0x4820,0x4820,0x4820,0x4820,0x4820,0x4820,
0x4820,0x4800,0x4820,0x4800,0x4800,0x4800,0x4800,0x4800,0x4800,0x4800,0x4122,0x41c4,
0x39a3,0x39a3,0x41a3,0x39a3,0x3983,0x3983,0x3983,0x39a3,0x39a3,0x39a3,0x3983,0x3983,
0x3982,0x3142,0x3143,0x3142,0x3143,0x3163,0x3184,0x39a4,0x39a4,0x3164,0x3163,0x3163,
0x3983,0x41a4,0x49c5,0x49e4,0x49e4,0x0000,0x0000,0x0000,0x0000,0x0000,0x0000,0x0000,
0x0000,0x0000,0x0000,0x0000,0x0000,0x0000,0x0000,0xa44e,0xb4d0,0xb4d0,0xac8f,0xac8f,
0xacaf,0xac8f,0xacaf,0xacaf,0xacaf,0xa46f,0xa46f,0xacaf,0xa46f,0xa44e,0x93ec,0x8bac,
0x838c,0x8bab,0x93ec,0x9c0d,0x9c2d,0x9c2e,0x9c2e,0x7aa6,0x8aa7,0xa349,0xbbca,0xcc2b,
0xdc4b,0xe46d,0xe48d,0xe4ac,0xecad,0xecad,0xecce,0xecad,0xecad,0xecad,0xecce,0xecad,
0xecad,0xf50c,0xecad,0xecad,0xecce,0xecad,0xecce,0xecad,0xecad,0xecad,0xecce,0xecad,
0xe4ad,0xe4ad,0xe4ad,0xe4ad,0xecad,0xe4ad,0xe4ce,0xdcce,0xdcad,0xe4ad,0xdcad,0xdc8d,
0xdc8d,0xdc8d,0xdc8d,0xdc8d,0xd48d,0xd46d,0xcc6c,0xcc4c,0xcc4c,0xcc4c,0xc40b,0xc40c,
0xbbeb,0xbbeb,0xbbeb,0xb3eb,0xb3ea,0xb3eb,0xb3eb,0xb3ea,0xb3aa,0xb3ca,0xabaa,0xabaa,
0xa389,0x9b28,0x8ac6,0x7a83,0x6a00,0x7220,0x6a00,0x6a00,0x6a00,0x69e0,0x69e0,0x6a00,
0x69e0,0x7200,0x6a00,0x6a00,0x69e0,0x69e0,0x69e0,0x69e0,0x69e0,0x6a00,0x69e0,0x61c0,
0x69c0,0x61c0,0x61a0,0x61c0,0x5920,0x6060,0x5000,0x3800,0x2000,0x2000,0x2000,0x2800,
0x2800,0x3000,0x3000,0x3820,0x4020,0x4820,0x4860,0x5060,0x58c0,0x6080,0x4840,0x2000,
0x3000,0x3000,0x2800,0x3000,0x2000,0x3000,0x3000,0x3000,0x2800,0x3000,0x2000,0x3000,
0x2800,0x2000,0x3000,0x4020,0x3820,0x4020,0x4840,0x4840,0x4860,0x5060,0x5060,0x5060,
0x5060,0x5060,0x6060,0x5060,0x5060,0x5060,0x5060,0x5040,0x5040,0x5040,0x5040,0x5040,
0x5040,0x4820,0x4820,0x4820,0x4820,0x4820,0x4820,0x4820,0x4820,0x4820,0x4800,0x4820,
0x4800,0x4800,0x4800,0x4820,0x4800,0x4800,0x4800,0x4800,0x4800,0x40a1,0x41c5,0x41c4,
0x41c4,0x41c4,0x41a3,0x3983,0x39a3,0x3983,0x3983,0x41c4,0x41c4,0x41a4,0x39c3,0x3983,
0x3983,0x3942,0x3963,0x3123,0x3163,0x3163,0x3163,0x3164,0x3184,0x3163,0x3163,0x3123,
0x3143,0x3984,0x41a4,0x49e4,0x49c4,0x0000,0x0000,0x0000,0x0000,0x0000,0x0000,0x0000,
0x0000,0x0000,0x0000,0x0000,0x0000,0x0000,0x0000,0x9c2e,0xac8f,0xac8f,0xac8f,0xac8f,
0xa46f,0xac8f,0xacd0,0xa46f,0xac8f,0xa46f,0xa46f,0xa46f,0x9c2e,0x9c2e,0x93ec,0x8b8b,
0x836b,0x836a,0x8b8b,0x93ec,0x93ed,0x9c0d,0x9c2d,0x936a,0x8aa7,0x9b28,0xab69,0xc40b,
0xd42b,0xdc4b,0xdc4c,0xdc6c,0xe48b,0xecad,0xe4ab,0xecad,0xecad,0xecad,0xecad,0xecad,
0xecad,0xecad,0xecad,0xecad,0xecad,0xecad,0xecad,0xecad,0xe4ad,0xe4ad,0xdcad,0xdcad,
0xdcad,0xdcad,0xdcad,0xe4ad,0xdcad,0xdcad,0xdcad,0xdcad,0xdcad,0xd46d,0xd46d,0xd46d,
0xcc6c,0xcc6c,0xcc6c,0xcc4c,0xc42c,0xcc2b,0xc40c,0xbc2c,0xbbeb,0xb3eb,0xbbeb,0xb3eb,
0xb3eb,0xb3eb,0xb3ea,0xb3eb,0xb3ca,0xb3aa,0xabaa,0xabaa,0xabaa,0xa36a,0x9b67,0x82a3,
0x6a01,0x6a00,0x6a00,0x6a00,0x7220,0x69c0,0x7200,0x7220,0x7220,0x7220,0x69c0,0x7200,
0x7220,0x7220,0x7200,0x7200,0x7200,0x7220,0x7220,0x7200,0x7a40,0x7220,0x7220,0x7200,
0x7220,0x6a00,0x69e0,0x61c0,0x58e0,0x6060,0x4800,0x4800,0x4000,0x3000,0x2000,0x2000,
0x3000,0x3000,0x3000,0x4020,0x4040,0x4840,0x5060,0x5060,0x5880,0x58e0,0x4840,0x2000,
0x3000,0x3000,0x3000,0x2800,0x3000,0x2800,0x3000,0x3000,0x3000,0x3000,0x2000,0x3000,
0x2800,0x2800,0x3000,0x4860,0x3820,0x3000,0x4020,0x4820,0x4860,0x4860,0x4860,0x5060,
0x5060,0x5060,0x5060,0x5060,0x5060,0x5020,0x5060,0x5060,0x5040,0x5040,0x4820,0x5040,
0x4820,0x5040,0x4820,0x4820,0x4820,0x4820,0x4820,0x4820,0x4820,0x4800,0x4800,0x4000,
0x4820,0x4000,0x4800,0x4800,0x4820,0x4800,0x4000,0x4800,0x4840,0x39a5,0x41c4,0x41c4,
0x41c4,0x41a3,0x3983,0x3983,0x3983,0x3983,0x39a3,0x41c4,0x41c4,0x49e5,0x41c4,0x4183,
0x4183,0x3982,0x3963,0x3963,0x3963,0x3963,0x3163,0x3163,0x3163,0x3163,0x3163,0x2923,
0x3143,0x3163,0x3983,0x41a4,0x49c4,0x0000,0x0000,0x0000,0x0000,0x0000,0x0000,0x0000,
0x0000,0x0000,0x0000,0x0000,0x0000,0x0000,0x0000,0x9bed,0xa46f,0xac8f,0xa46f,0xa46f,
0xa46f,0xa46f,0xa46f,0xa46f,0xa46e,0xa44e,0xa42e,0xa44e,0xa44e,0x9c0d,0x93ec,0x8b6b,
0x834a,0x836a,0x8b8b,0x8bab,0x93ec,0x93ec,0x93ec,0x93ed,0x8287,0x9308,0xab69,0xbbaa,
0xc40b,0xcc2c,0xd42b,0xdc4b,0xdc4c,0xdc6c,0xdc6c,0xe48c,0xe4ac,0xe4ac,0xe48c,0xe48d,
0xe4ac,0xe48d,0xe4ac,0xdc8d,0xe4ac,0xdc8c,0xdc8d,0xdc8c,0xdc8c,0xdc6d,0xdc6c,0xd46d,
0xdc4c,0xd46c,0xd46c,0xd46c,0xd46d,0xd46c,0xd46c,0xd46c,0xcc6c,0xcc6c,0xcc4c,0xcc4c,
0xcc4c,0xc40c,0xc40c,0xc40b,0xc40b,0xbbeb,0xb3eb,0xb3ea,0xb3ea,0xb3eb,0xb3eb,0xb3ca,
0xb3ca,0xb3aa,0xabcb,0xabaa,0xabaa,0xab8a,0x9b68,0x92c6,0x8283,0x7241,0x6a00,0x69e0,
0x7220,0x6a00,0x7200,0x7200,0x6a00,0x7220,0x6a00,0x7200,0x7200,0x7220,0x7220,0x7220,
0x7a40,0x7a60,0x8260,0x8a80,0x8a80,0x8a80,0x8aa0,0x8aa0,0x8a80,0x8aa0,0x8aa0,0x8aa0,
0x8a80,0x8a80,0x8260,0x7220,0x5900,0x6860,0x5000,0x4800,0x4000,0x3800,0x3000,0x2800,
0x2800,0x3000,0x3800,0x4020,0x4840,0x5060,0x5060,0x58a0,0x5860,0x58a0,0x4840,0x2800,
0x3000,0x2800,0x2800,0x2800,0x2800,0x2800,0x2800,0x3000,0x2800,0x3000,0x2000,0x3000,
0x2800,0x3000,0x3000,0x4020,0x4040,0x3820,0x4840,0x4840,0x5060,0x5060,0x5060,0x5060,
0x5060,0x5060,0x5060,0x5040,0x5040,0x5060,0x5040,0x5040,0x5020,0x5040,0x5040,0x4820,
0x4820,0x4820,0x4820,0x4820,0x4820,0x4820,0x4820,0x4820,0x4800,0x4820,0x4020,0x4800,
0x4020,0x4800,0x4800,0x4020,0x4800,0x4800,0x4000,0x4020,0x41c6,0x39e6,0x39a3,0x39a4,
0x39c3,0x39a3,0x3983,0x3983,0x3983,0x3983,0x39c4,0x41c4,0x41c5,0x4a05,0x49c5,0x49c4,
0x41a3,0x41a3,0x49c4,0x49c3,0x49c4,0x41a4,0x3984,0x3163,0x2943,0x2943,0x3143,0x3143,
0x3143,0x3163,0x3983,0x41a4,0x49c4,0x0000,0x0000,0x0000,0x0000,0x0000,0x0000,0x0000,
0x0000,0x0000,0x0000,0x0000,0x0000,0x0000,0x0000,0x93ed,0x9c2d,0xa46f,0xa46f,0xa46f,
0xa46f,0xa46f,0xa44e,0x9c2d,0x9c2d,0x9c2d,0x9c2d,0x9c2d,0x9c2d,0x9c2e,0x93ec,0x8bab,
0x836a,0x836a,0x8bab,0x93ec,0x93ec,0x93ec,0x9c2d,0x9c2e,0x836a,0x9306,0x9b29,0xb38a,
0xbbea,0xbbea,0xcc2b,0xcc2b,0xcc2b,0xdc4b,0xd46d,0xdc4c,0xd46c,0xd46c,0xdc4c,0xdc4b,
0xd46d,0xd46c,0xdc6c,0xdc4b,0xd46d,0xd44c,0xd46c,0xd44c,0xdc4b,0xdc4b,0xd44b,0xcc6c,
0xd44c,0xcc6c,0xcc2c,0xcc6c,0xcc2c,0xcc2c,0xcc2c,0xc42b,0xc42c,0xc42c,0xc42b,0xbbeb,
0xb3eb,0xbbeb,0xb3eb,0xb3eb,0xb3ea,0xb3ea,0xb3ca,0xb3aa,0xb3ca,0xb3aa,0xabaa,0xabaa,
0xabaa,0xab8a,0xa34a,0x9b28,0x8ac4,0x7a60,0x69e0,0x7220,0x69e0,0x6a00,0x7200,0x69e0,
0x61c0,0x7220,0x7220,0x7220,0x7220,0x7220,0x7220,0x8240,0x8a80,0x8aa0,0x8aa0,0x92e0,
0x92e0,0x92e0,0xa320,0xa320,0xa320,0xa320,0xa320,0xa320,0xa320,0xa320,0x9ae0,0xa320,
0x9b00,0xa300,0x92e0,0x92c0,0x6920,0x6880,0x5000,0x4800,0x4020,0x4000,0x3800,0x3000,
0x3000,0x3020,0x3820,0x4020,0x4840,0x5060,0x6880,0x5060,0x5080,0x5080,0x4840,0x3000,
0x2800,0x3000,0x3000,0x3000,0x3000,0x3000,0x3000,0x2000,0x3000,0x2000,0x2000,0x3000,
0x2800,0x2000,0x3820,0x4020,0x3820,0x4840,0x4860,0x4860,0x5060,0x4820,0x5060,0x5060,
0x5060,0x5040,0x5060,0x5060,0x5060,0x4860,0x5020,0x4860,0x4820,0x5040,0x4820,0x4820,
0x4820,0x4820,0x4820,0x4820,0x4820,0x4800,0x4820,0x4800,0x4820,0x4800,0x4820,0x4020,
0x4800,0x4800,0x4820,0x4800,0x4000,0x4020,0x4000,0x4228,0x4228,0x39c5,0x3983,0x3983,
0x3983,0x3983,0x3983,0x3982,0x3983,0x39c4,0x41c5,0x41c5,0x4a05,0x49e5,0x49c5,0x49e5,
0x49c4,0x51c4,0x51e4,0x51e4,0x49e4,0x49e4,0x41a4,0x3984,0x3163,0x3163,0x3163,0x3163,
0x3163,0x3963,0x39a3,0x41a4,0x49c4,0x0000,0x0000,0x0000,0x0000,0x0000,0x0000,0x0000,
0x0000,0x0000,0x0000,0x0000,0x0000,0x0000,0x0000,0x93ec,0x9c2e,0xa46e,0xa46f,0xa46f,
0xa46f,0xa46e,0xa46e,0x9c2d,0x9c2d,0x9c2d,0x9c2d,0x9c2d,0x9bed,0x9c0d,0x93ec,0x8bac,
0x8bab,0x93cc,0x93cc,0x93ec,0x93cc,0x93ec,0x9c2d,0xa44e,0xa44e,0x7aa7,0x92e8,0xa349,
0xbba9,0xbbca,0xbbca,0xc40a,0xc40b,0xcc2b,0xcc2b,0xd42b,0xd44c,0xd44b,0xd44c,0xdc4b,
0xd44c,0xd44c,0xcc4c,0xd44c,0xcc2b,0xcc2c,0xd42c,0xcc2b,0xcc2b,0xcc2b,0xcc2b,0xcc2b,
0xcc2b,0xcc2b,0xc40b,0xc40b,0xc40b,0xc40b,0xc40b,0xc40b,0xbbeb,0xbbeb,0xb3eb,0xbbcb,
0xb3ca,0xb3cb,0xb3cb,0xb3aa,0xabaa,0xabaa,0xabaa,0xab8a,0xab6a,0xab69,0xa36a,0x9b49,
0x8b06,0x7aa3,0x7221,0x6a00,0x7200,0x6a00,0x6a00,0x7200,0x6a00,0x7220,0x69e0,0x7220,
0x6a00,0x7220,0x7a40,0x7a60,0x8280,0x8aa0,0x92e0,0x9ae0,0x9b00,0xa320,0xab40,0xab40,
0xab40,0xb360,0xab40,0xab40,0xb360,0xab40,0xab40,0xab20,0xb360,0xab20,0xab20,0xa320,
0xa320,0xa320,0xa320,0x9b00,0x7120,0x6860,0x5000,0x4800,0x4800,0x4000,0x4000,0x3800,
0x3800,0x3800,0x3820,0x4840,0x4860,0x5880,0x5060,0x5880,0x5060,0x5060,0x4840,0x3000,
0x3000,0x3000,0x3000,0x3000,0x2800,0x3000,0x3000,0x3000,0x3000,0x2800,0x2800,0x3000,
0x2800,0x3000,0x4040,0x4020,0x4020,0x3800,0x4840,0x4840,0x5040,0x5060,0x5060,0x5060,
0x5040,0x5060,0x4820,0x5040,0x5040,0x5040,0x5040,0x4820,0x4820,0x4820,0x4820,0x4820,
0x4820,0x4820,0x4820,0x4820,0x4800,0x4820,0x4800,0x4820,0x4800,0x4800,0x4000,0x4000,
0x4800,0x4000,0x4000,0x4000,0x4000,0x4000,0x4a6a,0x534e,0x4a68,0x31a5,0x3183,0x3983,
0x3983,0x3983,0x3983,0x3983,0x39a3,0x41c4,0x41e5,0x41e5,0x41c5,0x41c4,0x49e4,0x49c4,
0x49c3,0x51e4,0x51e5,0x5225,0x5205,0x5205,0x49e5,0x41c4,0x41a4,0x3983,0x3983,0x3983,
0x3983,0x3984,0x41a4,0x41a4,0x49c4,0x0000,0x0000,0x0000,0x0000,0x0000,0x0000,0x0000,
0x0000,0x0000,0x0000,0x0000,0x0000,0x0000,0x0000,0x9bed,0xa46f,0xac8e,0xac8f,0xa46f,
0xa46f,0xa46f,0xa46e,0xa46e,0x9c2e,0x9c2d,0x9c2d,0x9c0d,0x9c0d,0x9c0d,0x9c0d,0x9bed,
0x93ed,0x93ec,0x93ec,0x93cc,0x8bab,0x8bac,0x93ec,0x9c2e,0xa46e,0x8b6a,0x69e5,0x92e8,
0xa349,0xb38a,0xbbaa,0xbbca,0xbbca,0xbbea,0xc40b,0xc40b,0xcc2b,0xcc2b,0xcc2b,0xcc2b,
0xcc2b,0xc40b,0xcc2b,0xc40b,0xcc2b,0xc40b,0xc40b,0xc40b,0xc40b,0xbbeb,0xc40b,0xbbeb,
0xbbeb,0xbbeb,0xbbcb,0xbbeb,0xbbcb,0xb3ca,0xb3ea,0xb3cb,0xb3ca,0xb3aa,0xb3aa,0xb3ca,
0xb3aa,0xab8a,0xab8a,0xab8a,0xa38a,0xa36a,0x9b49,0x9b49,0x9328,0x8ac6,0x7a43,0x7200,
0x6a00,0x6a00,0x6a00,0x6a00,0x69e0,0x6a00,0x69e0,0x69e0,0x69e0,0x7220,0x7220,0x7220,
0x8260,0x8a80,0x92c0,0x9b00,0xa320,0xa320,0xb360,0xb360,0xb360,0xb360,0xb360,0xb360,
0xb360,0xb360,0xb360,0xb360,0xb360,0xb360,0xab40,0xb360,0xb360,0xa320,0xab40,0xa320,
0xa320,0xa320,0x9b00,0xa300,0x7120,0x6060,0x5020,0x5000,0x4000,0x4000,0x4000,0x4000,
0x4000,0x4020,0x4020,0x4820,0x5060,0x5060,0x58c0,0x5060,0x5060,0x5060,0x4040,0x3000,
0x2800,0x3000,0x3000,0x2800,0x3000,0x3000,0x2800,0x3000,0x3000,0x2000,0x2800,0x3000,
0x3000,0x3000,0x3820,0x4020,0x4040,0x4040,0x4860,0x5060,0x5060,0x4820,0x5060,0x4820,
0x5060,0x4840,0x5040,0x5040,0x4820,0x4820,0x4820,0x4820,0x4820,0x4820,0x4820,0x4820,
0x4820,0x4820,0x4800,0x4800,0x4820,0x4000,0x4820,0x4000,0x4000,0x4800,0x4800,0x4000,
0x4000,0x4000,0x4000,0x4000,0x4041,0x52cb,0x53d1,0x5b4d,0x52aa,0x39c6,0x3983,0x3983,
0x3983,0x3163,0x3983,0x3983,0x39c3,0x41c5,0x4a05,0x41e5,0x41c4,0x41a3,0x41a3,0x41a3,
0x49a3,0x41a3,0x49c4,0x49c5,0x49c5,0x41c4,0x49c5,0x41c4,0x41c4,0x41a4,0x41a4,0x3963,
0x3983,0x3983,0x41a3,0x41a4,0x49c4,0x0000,0x0000,0x0000,0x0000,0x0000,0x0000,0x0000,
0x0000,0x0000,0x0000,0x0000,0x0000,0x0000,0x0000,0x9c2e,0xacaf,0xaccf,0xb4d0,0xacb0,
0xa46f,0xa46f,0xa46e,0xa46e,0x9c2e,0x9c2e,0x9c2e,0x9c2d,0x9c2d,0x9c2e,0x9c2d,0x9c2e,
0x9c2e,0x93ed,0x93ec,0x8bab,0x8bab,0x8bab,0x8bab,0x93ed,0x9c2e,0x93ec,0x5a06,0x61e4,
0x92e7,0x9b29,0xab69,0xab69,0xb3aa,0xb3aa,0xbbaa,0xbbea,0xc3ea,0xc3ea,0xc3ea,0xc3ea,
0xc3ea,0xbbeb,0xc3ca,0xbbca,0xc3ea,0xbbea,0xb3ea,0xbbea,0xb3ca,0xb3aa,0xb3aa,0xb3aa,
0xb3aa,0xb3aa,0xb3aa,0xb3aa,0xb3aa,0xb3aa,0xabaa,0xabaa,0xabaa,0xabaa,0xab6a,0xa36a,
0xa369,0x9b69,0x9b69,0x9b69,0x9b49,0x9306,0x7ac4,0x7241,0x69e0,0x69e0,0x6a00,0x69e0,
0x6a00,0x69c0,0x6a00,0x69e0,0x69e0,0x61c0,0x7200,0x7220,0x7a40,0x7a60,0x8280,0x92c0,
0xa300,0xab20,0xab40,0xb360,0xb380,0xbba0,0xbba0,0xb360,0xb360,0xbb80,0xb360,0xb360,
0xb360,0xb360,0xb360,0xb360,0xb360,0xb360,0xb360,0xab40,0xa320,0xab40,0xa320,0xa320,
0xa320,0xa320,0xa320,0xa300,0x60e0,0x6060,0x5020,0x5000,0x4800,0x4000,0x4000,0x4000,
0x4020,0x4020,0x4840,0x4860,0x5060,0x5060,0x5060,0x5060,0x4860,0x4820,0x4020,0x3020,
0x2800,0x3000,0x3000,0x3000,0x3000,0x2800,0x3000,0x3000,0x3000,0x2000,0x2800,0x3000,
0x3000,0x2800,0x4840,0x3800,0x4020,0x4840,0x5060,0x4820,0x5060,0x5060,0x5040,0x5060,
0x4820,0x5060,0x4820,0x5040,0x4820,0x4820,0x4820,0x4820,0x4820,0x4820,0x4820,0x4820,
0x4820,0x4800,0x4000,0x4000,0x4800,0x4800,0x4000,0x4800,0x4800,0x4000,0x4000,0x4000,
0x4000,0x4000,0x4000,0x4040,0x5b0c,0x5bf1,0x6c11,0x6b6d,0x5289,0x41e6,0x39c3,0x3983,
0x3983,0x3142,0x3983,0x3982,0x41a3,0x41c4,0x41c5,0x41c4,0x39c3,0x3983,0x3982,0x3982,
0x3962,0x3142,0x3143,0x3123,0x3163,0x3184,0x39a4,0x3984,0x39a4,0x39a4,0x39a4,0x39a3,
0x3163,0x3163,0x3983,0x39a3,0x41a4,0x0000,0x0000,0x0000,0x0000,0x0000,0x0000,0x0000,
0x0000,0x0000,0x0000,0x0000,0x0000,0x0000,0x0000,0xa44e,0xac8f,0xac8f,0xa46f,0xac8f,
0xa46f,0xa44e,0xa44e,0x9c2d,0x9c0d,0x9c2d,0x9c2d,0xa44e,0x9c2d,0x9c2e,0x9c2e,0x9c2e,
0x9c2e,0x9c2e,0x9bed,0x93ec,0x8bab,0x8b6b,0x8b8b,0x8bab,0x93cc,0x83ac,0x72c8,0x4984,
0x61c4,0x82a6,0x8ae7,0x9308,0x9b48,0xa349,0xab89,0xab89,0xbbaa,0xbbaa,0xb3aa,0xb3aa,
0xb3aa,0xab89,0xaba9,0xab89,0xab89,0xab8a,0xab89,0xabaa,0xab8a,0xab8a,0xab8a,0xabaa,
0xb3aa,0xab8a,0xab8a,0xab8a,0xab8a,0xab8a,0xa38a,0xa369,0xa349,0x9b69,0x9b49,0x9b49,
0x9b49,0x9308,0x82c6,0x8263,0x7202,0x69c0,0x61c0,0x69e0,0x6a00,0x69e0,0x6a00,0x69c0,
0x7220,0x6a00,0x61c0,0x69e0,0x7220,0x7220,0x7220,0x8260,0x92c0,0x9b00,0xab20,0xb360,
0xbb80,0xbba0,0xc3a0,0xc3a0,0xbba0,0xbb80,0xbb80,0xbba0,0xbba0,0xb360,0xb360,0xb360,
0xbb80,0xb360,0xb360,0xb360,0xb360,0xb360,0xab40,0xb360,0xb360,0xab40,0xab20,0xa320,
0xa320,0xa320,0xa320,0xa300,0x6900,0x6860,0x5000,0x5000,0x4820,0x4000,0x4000,0x4000,
0x4000,0x4020,0x4820,0x5060,0x5060,0x5060,0x5060,0x5060,0x4840,0x4020,0x4020,0x3020,
0x3000,0x3000,0x3000,0x2800,0x3000,0x3000,0x2800,0x3000,0x3000,0x2000,0x3000,0x2800,
0x3000,0x3800,0x4860,0x4020,0x3800,0x4840,0x4840,0x4860,0x5040,0x5020,0x5040,0x5040,
0x5040,0x4820,0x5040,0x4820,0x4820,0x4820,0x4820,0x4820,0x4820,0x4820,0x4820,0x4800,
0x4800,0x4020,0x4800,0x4800,0x4800,0x4000,0x4000,0x4020,0x4000,0x4000,0x4000,0x4000,
0x4000,0x4000,0x40e3,0x536f,0x5bf1,0x5bf1,0x5bf1,0x536f,0x5289,0x41e6,0x39c3,0x3983,
0x3962,0x3163,0x3142,0x3983,0x39a3,0x41c3,0x41c3,0x41c4,0x39a3,0x3983,0x3183,0x3142,
0x3122,0x2901,0x2102,0x2102,0x2102,0x2923,0x2923,0x3143,0x3143,0x3163,0x3163,0x3163,
0x3163,0x3163,0x3163,0x3983,0x3983,0x0000,0x0000,0x0000,0x0000,0x0000,0x0000,0x0000,
0x0000,0x0000,0x0000,0x0000,0x0000,0x0000,0x0000,0x9c2e,0xa46f,0xa46f,0xa46f,0xa46f,
0x9c2d,0x9c2d,0x9c2d,0x93ec,0x93ec,0x93ed,0x9c2d,0xa44e,0x9c2e,0x9c2e,0x9c2e,0x9c2e,
0x9c2e,0x9c2e,0x9c2e,0x93ec,0x8bcc,0x8bab,0x836a,0x8b8b,0x836a,0x836a,0x6ac8,0x4a26,
0x3963,0x61c4,0x7245,0x7a45,0x8287,0x8aa7,0x8ae8,0xa349,0xa349,0xa349,0xa349,0xa349,
0xa349,0xa349,0xa349,0xa349,0xa349,0xa349,0xa349,0xa349,0xa349,0xa349,0xa349,0xa349,
0xa349,0xa349,0xa349,0xa349,0x9b69,0x9329,0x9329,0x9329,0x9329,0x9329,0x8ae8,0x82e5,
0x7221,0x6a00,0x61c0,0x61c0,0x61c0,0x6a00,0x69e0,0x61c0,0x69e0,0x6a00,0x61c0,0x69e0,
0x61c0,0x69e0,0x61c0,0x7220,0x7220,0x7a40,0x8a80,0x92e0,0xab40,0xb380,0xc3a0,0xc3a0,
0xc3a0,0xc3a0,0xc3a0,0xb360,0xbb80,0xc3a0,0xc3a0,0xb360,0xb360,0xbb80,0xb360,0xb360,
0xb360,0xb360,0xb360,0xb360,0xb360,0xb360,0xab40,0xb360,0xb360,0xa320,0xb360,0xa320,
0xa320,0xa320,0xa320,0xa300,0x60e0,0x6060,0x5020,0x5020,0x4800,0x4000,0x4000,0x4000,
0x4020,0x4820,0x4820,0x4860,0x5060,0x5060,0x5060,0x4860,0x4020,0x4020,0x3020,0x3020,
0x3000,0x3000,0x3000,0x2800,0x3000,0x3000,0x3000,0x3000,0x2800,0x2000,0x3000,0x3000,
0x3000,0x3820,0x4840,0x4840,0x4000,0x4820,0x5060,0x4860,0x5040,0x5060,0x4840,0x5060,
0x4820,0x5020,0x4820,0x4820,0x4820,0x4820,0x4820,0x4820,0x4820,0x4000,0x4800,0x4800,
0x4820,0x4800,0x4020,0x4000,0x4800,0x4800,0x4000,0x4020,0x4000,0x4000,0x4000,0x4000,
0x4000,0x4124,0x5bf1,0x5bf1,0x5bf1,0x5bf1,0x6baf,0x536f,0x5289,0x41e6,0x39c3,0x3983,
0x3142,0x3942,0x3982,0x3942,0x3983,0x3983,0x41c3,0x41c4,0x41c3,0x39a3,0x3983,0x3142,
0x2922,0x28e1,0x20c2,0x28e1,0x18c2,0x2102,0x2902,0x2923,0x2923,0x2943,0x2923,0x2963,
0x2963,0x2963,0x2963,0x3163,0x3163,0x0000,0x0000,0x0000,0x0000,0x0000,0x0000,0x0000,
0x0000,0x0000,0x0000,0x0000,0x0000,0x0000,0x0000,0x9c2d,0x9c2e,0x9c2d,0x9c2d,0x9bed,
0x9c0d,0x9c2d,0x9c0d,0x9c0d,0x93ed,0x9c0d,0x9c0d,0x9c2d,0xa44e,0x9c2e,0x9c2e,0x9c2e,
0x9c2e,0x9c2e,0x9c2e,0x9c2d,0x93ec,0x93cc,0x8bab,0x8bab,0x8bab,0x7b2a,0x62c9,0x4a26,
0x3184,0x3983,0x59c4,0x61e4,0x6a25,0x7a66,0x8287,0x8aa7,0x8ae8,0x9308,0x9328,0x9347,
0x9308,0x9b29,0x9b28,0x9328,0x9b29,0x9329,0x9b29,0x9b29,0x9308,0x9b29,0x9328,0x92e8,
0x92e8,0x9308,0x9327,0x9309,0x9329,0x92e8,0x8ae8,0x82a6,0x7264,0x7221,0x69e0,0x61c0,
0x61c0,0x61c0,0x69e0,0x69e0,0x61c0,0x69e0,0x69c0,0x6a00,0x69e0,0x61c0,0x69e0,0x69c0,
0x6a00,0x6a00,0x7a40,0x8260,0x92c0,0x9b00,0xab40,0xbb80,0xbba0,0xc3a0,0xc3a0,0xc3a0,
0xc3a0,0xc3a0,0xc3a0,0xc3a0,0xbb80,0xc3a0,0xbb80,0xbb80,0xbb80,0xbb80,0xb360,0xb360,
0xbb80,0xb360,0xb360,0xb360,0xb360,0xb360,0xab40,0xb360,0xb360,0xab40,0xab20,0xab40,
0xa320,0xa320,0xa320,0xab20,0x60c0,0x6860,0x5820,0x5000,0x4820,0x4000,0x4000,0x4000,
0x4000,0x4820,0x4820,0x5060,0x4840,0x4840,0x4860,0x4820,0x4020,0x3020,0x3820,0x3000,
0x2800,0x2800,0x3000,0x3000,0x3000,0x3000,0x3000,0x3000,0x2800,0x2000,0x3000,0x3000,
0x3000,0x4020,0x4020,0x4020,0x4840,0x4840,0x5040,0x5040,0x4840,0x5040,0x5040,0x4820,
0x4820,0x4820,0x4820,0x4820,0x4820,0x4820,0x4820,0x4820,0x4800,0x4820,0x4800,0x4000,
0x4000,0x4000,0x4800,0x4800,0x4000,0x4020,0x4000,0x4000,0x4000,0x4000,0x4000,0x4081,
0x4a8a,0x5390,0x53b0,0x5bf1,0x5bf1,0x5bf1,0x53b0,0x5b2d,0x5269,0x4206,0x39c3,0x3983,
0x3983,0x3962,0x3983,0x3983,0x3963,0x3983,0x41c4,0x49c4,0x41e4,0x49c4,0x41a3,0x3983,
0x3122,0x2901,0x2902,0x2922,0x2902,0x2902,0x2922,0x2922,0x2922,0x2923,0x2923,0x2923,
0x2923,0x2923,0x2943,0x3163,0x3163,0x0000,0x0000,0x0000,0x0000,0x0000,0x0000,0x0000,
0x0000,0x0000,0x0000,0x0000,0x0000,0x0000,0x0000,0x9c2e,0xa46f,0x9c2e,0x93ed,0x9c0d,
0x9c0c,0xa42c,0x9c2d,0x9c2d,0x9c2d,0x9c2e,0x9c2e,0xa46e,0x9c2e,0x9c2e,0x9c2e,0x9c0d,
0x9c0d,0x9c0d,0x9c0d,0x9c0d,0x93ec,0x93cc,0x93cc,0x93cc,0x8bab,0x834a,0x6ac8,0x4a06,
0x31a4,0x3985,0x49e5,0x5a46,0x61e5,0x61e5,0x7224,0x7a66,0x8287,0x8ac7,0x8ac7,0x8ac8,
0x8ac8,0x8ac8,0x8ac8,0x8ac8,0x82a7,0x8ac8,0x8ac8,0x8ac8,0x8ac8,0x82a7,0x8287,0x8ac8,
0x8ac7,0x82c7,0x82a7,0x7a87,0x7a46,0x61c4,0x5164,0x4142,0x59a0,0x61c0,0x61c0,0x61c0,
0x6a00,0x69e0,0x61c0,0x69e0,0x6a00,0x61c0,0x69e0,0x69e0,0x6a00,0x61c0,0x69c0,0x69e0,
0x7220,0x8260,0x92a0,0xa320,0xab40,0xb360,0xc3a0,0xc3a0,0xc3a0,0xc3a0,0xc3a0,0xc3a0,
0xc3a0,0xc3a0,0xc3a0,0xc3a0,0xbb80,0xc3a0,0xbb80,0xbb80,0xbb80,0xbb80,0xb360,0xbb80,
0xb360,0xb360,0xb360,0xb360,0xb360,0xb360,0xb360,0xab40,0xb360,0xa320,0xa320,0xab20,
0xab40,0xab40,0xa320,0xab20,0x60a0,0x6060,0x5020,0x5020,0x4800,0x4000,0x4000,0x4000,
0x4020,0x4820,0x4840,0x4820,0x5060,0x4840,0x4820,0x4020,0x4020,0x3820,0x3000,0x3000,
0x2800,0x2000,0x2000,0x3000,0x3000,0x3000,0x3000,0x3000,0x2000,0x3000,0x2800,0x3000,
0x3000,0x4840,0x4020,0x3820,0x4820,0x4820,0x5040,0x4820,0x5040,0x4840,0x4820,0x4820,
0x4820,0x4820,0x4820,0x4820,0x4820,0x4820,0x4020,0x4800,0x4020,0x4000,0x4000,0x4000,
0x4020,0x4000,0x4000,0x4000,0x4000,0x4000,0x4000,0x4000,0x4000,0x4020,0x3944,0x5b8f,
0x5bf1,0x5390,0x5390,0x5bd1,0x53d1,0x5bf1,0x5390,0x536f,0x5289,0x41e5,0x39c3,0x3983,
0x3982,0x3982,0x3963,0x3983,0x3983,0x39a3,0x41c4,0x49c4,0x4a05,0x4a05,0x4a04,0x41a3,
0x3962,0x3942,0x3163,0x3123,0x3143,0x3163,0x3123,0x3143,0x2923,0x2923,0x2922,0x2923,
0x2943,0x2963,0x3143,0x3163,0x39a3,0x0000,0x0000,0x0000,0x0000,0x0000,0x0000,0x0000,
0x0000,0x0000,0x0000,0x0000,0x0000,0x0000,0x0000,0xac8e,0xb4cf,0xacae,0x9c2d,0x9c0d,
0x9c2d,0x9c2d,0x9c2d,0x9c2d,0x9c2d,0x9c2e,0x9c2e,0x9c2d,0x93ed,0x93cc,0x8bcc,0x8bac,
0x8bab,0x8b6b,0x838c,0x8b8b,0x838b,0x7b8c,0x7b8c,0x836b,0x7b2a,0x6b0a,0x5a87,0x41c6,
0x3184,0x3185,0x41e5,0x5246,0x6287,0x5a46,0x51c4,0x51c4,0x59e4,0x6a25,0x7a65,0x7a66,
0x7a66,0x7a66,0x7a45,0x7a66,0x7a66,0x7a46,0x7a66,0x7a45,0x7246,0x69e5,0x59c4,0x4983,
0x4142,0x3101,0x30e1,0x30e1,0x3101,0x3902,0x4143,0x4963,0x5183,0x59a0,0x61c0,0x6a00,
0x61c0,0x69e0,0x6a00,0x69e0,0x69c0,0x69c0,0x69e0,0x69e0,0x69e0,0x6a00,0x7a40,0x8260,
0x92c0,0xa320,0xab40,0xbb80,0xc3a0,0xc3a0,0xc3a0,0xc3a0,0xc3a0,0xc3a0,0xc3a0,0xc3a0,
0xc3a0,0xc3a0,0xc3a0,0xc3a0,0xc3a0,0xb360,0xc3a0,0xbb80,0xbb80,0xbb80,0xb360,0xb360,
0xb360,0xb360,0xbb80,0xb360,0xb360,0xb360,0xb360,0xab40,0xa320,0xb360,0xa320,0xab20,
0xa320,0xab40,0xab40,0xa300,0x60c0,0x6060,0x5020,0x5020,0x4800,0x4000,0x4000,0x4000,
0x4020,0x4820,0x4840,0x4820,0x4840,0x4820,0x4020,0x4020,0x3020,0x3000,0x3000,0x2000,
0x2000,0x2000,0x2000,0x0800,0x0800,0x1000,0x2000,0x1000,0x1000,0x3000,0x3000,0x3000,
0x3800,0x4020,0x4820,0x4020,0x4840,0x5040,0x4840,0x5040,0x4840,0x4820,0x4820,0x4820,
0x4820,0x4820,0x4820,0x4820,0x4020,0x4800,0x4000,0x4020,0x4000,0x4800,0x4800,0x4000,
0x4800,0x4000,0x4000,0x4000,0x4000,0x4000,0x4000,0x3800,0x48a1,0x530d,0x5bd1,0x5bf1,
0x5390,0x5390,0x5390,0x5bd1,0x53d1,0x5bf1,0x53b0,0x5b0b,0x4a68,0x39e6,0x39c3,0x3983,
0x3983,0x3983,0x3983,0x3942,0x3983,0x41c4,0x49e5,0x4a05,0x5204,0x5225,0x5204,0x4a04,
0x41a3,0x3962,0x3983,0x3983,0x4184,0x41a4,0x4184,0x3983,0x3163,0x2922,0x2922,0x2943,
0x3123,0x3163,0x3983,0x41a4,0x49c4,0x0000,0x0000,0x0000,0x0000,0x0000,0x0000,0x0000,
0x0000,0x0000,0x0000,0x0000,0x0000,0x0000,0x0000,0xa46e,0xacaf,0xac8f,0x9c2d,0x93ec,
0x93cc,0x93cc,0x93cc,0x8bac,0x838b,0x7b6b,0x7b6b,0x7b6b,0x7b4b,0x730a,0x6b2a,0x62c9,
0x62a8,0x62a8,0x62c9,0x5ac9,0x5ac9,0x62a9,0x62a8,0x5aa9,0x5aa9,0x4a47,0x4206,0x3165,
0x2944,0x2944,0x3985,0x49e6,0x4a06,0x49e6,0x41e5,0x41c5,0x41c4,0x49c4,0x4983,0x5122,
0x61c3,0x6a04,0x6a25,0x6a46,0x7266,0x6a25,0x30e2,0x20a1,0x1040,0x0000,0x0800,0x1020,
0x1860,0x2080,0x20c1,0x30e1,0x38e2,0x4122,0x4143,0x4983,0x5184,0x51a3,0x59a0,0x61c0,
0x61c0,0x69e0,0x61c0,0x69c0,0x69e0,0x69e0,0x69e0,0x7220,0x7220,0x8260,0x92c0,0xa320,
0xb380,0xbb80,0xc3a0,0xc3a0,0xc3a0,0xc3a0,0xc3a0,0xc3a0,0xc3a0,0xc3a0,0xc3a0,0xc3a0,
0xc3a0,0xc3a0,0xc3a0,0xc3a0,0xbb80,0xc3a0,0xbb80,0xc3a0,0xc3a0,0xbb80,0xbb80,0xbb80,
0xbb80,0xb360,0xb360,0xbb80,0xb360,0xb360,0xb360,0xb360,0xb360,0xab40,0xb360,0xa320,
0xab40,0xa320,0xa320,0xa320,0x60a0,0x6860,0x5820,0x5000,0x4800,0x4000,0x4000,0x4000,
0x4000,0x4820,0x4820,0x4820,0x4840,0x4020,0x4020,0x4000,0x3820,0x3000,0x2000,0x2800,
0x2000,0x1800,0x0800,0x0000,0x0000,0x0000,0x0000,0x0000,0x1800,0x4020,0x3000,0x3020,
0x3820,0x4820,0x4020,0x4020,0x4820,0x4820,0x5040,0x4840,0x4820,0x4820,0x4820,0x4820,
0x4820,0x4820,0x4020,0x4800,0x4820,0x4000,0x4000,0x4000,0x4000,0x4000,0x4000,0x4000,
0x4000,0x4000,0x4000,0x4000,0x4000,0x3800,0x4880,0xaa20,0xdba2,0x63af,0x5bd1,0x5bd1,
0x53d1,0x5390,0x5390,0x5390,0x53b0,0x53b0,0x5390,0x536f,0x4a48,0x39e6,0x39c4,0x39a3,
0x3983,0x3983,0x3983,0x3983,0x39a3,0x41c4,0x49e5,0x4a05,0x5204,0x5245,0x5245,0x5205,
0x49c3,0x4183,0x41a4,0x41a4,0x49c4,0x49e4,0x41c4,0x4184,0x3163,0x3143,0x2943,0x3143,
0x3163,0x39a3,0x41a4,0x5204,0x5225,0x0000,0x0000,0x0000,0x0000,0x0000,0x0000,0x0000,
0x0000,0x0000,0x0000,0x0000,0x0000,0x0000,0x0000,0x7b8d,0x93ec,0x93cc,0x736d,0x7b8c,
0x732a,0x6ae9,0x62ea,0x5aa8,0x5288,0x5268,0x5267,0x5247,0x4a27,0x41e6,0x41c6,0x39c5,
0x39a6,0x3985,0x3985,0x39c6,0x41c6,0x41c6,0x39c6,0x39c6,0x3185,0x2985,0x2944,0x2143,
0x18e2,0x18e3,0x2144,0x2944,0x3185,0x3185,0x3985,0x39c5,0x41c5,0x4a05,0x38c2,0x4000,
0x3000,0x48e1,0x92e8,0x9329,0x9329,0x7a87,0x0000,0x0000,0x0000,0x0000,0x1020,0x1840,
0x1840,0x20c1,0x20a1,0x30e2,0x38e2,0x4143,0x4143,0x4983,0x5184,0x51c4,0x51c3,0x59a0,
0x6a00,0x61c0,0x61c0,0x61c0,0x61c0,0x6a00,0x69e0,0x7220,0x92c0,0xa320,0xb360,0xc3a0,
0xc3a0,0xc3a0,0xc3a0,0xc3a0,0xc3a0,0xc3a0,0xc3a0,0xc3a0,0xc3a0,0xc3a0,0xc3a0,0xc3a0,
0xc3a0,0xc3a0,0xc3a0,0xc3a0,0xc3a0,0xb360,0xc3a0,0xb360,0xc3a0,0xbb80,0xb360,0xbb80,
0xb360,0xb360,0xbb80,0xb360,0xb360,0xb360,0xa320,0xb360,0xa320,0xb360,0xb360,0xab20,
0xab40,0xa320,0xa320,0xa300,0x6080,0x6880,0x5820,0x5020,0x4800,0x4000,0x4000,0x4020,
0x4020,0x4020,0x4820,0x4020,0x4020,0x4020,0x4020,0x3820,0x4020,0x3000,0x2800,0x2000,
0x2000,0x0000,0x0000,0x0000,0x0000,0x0000,0x0000,0x0000,0x5020,0x5820,0x3800,0x3000,
0x4000,0x5040,0x4000,0x4020,0x4820,0x4820,0x4820,0x4820,0x4820,0x4820,0x4820,0x4820,
0x4820,0x4820,0x4800,0x4020,0x4000,0x4820,0x4800,0x4000,0x4000,0x4000,0x4000,0x4000,
0x4020,0x4000,0x4000,0x4000,0x3000,0x50e0,0xa300,0xfb81,0xfb81,0x9c09,0x5bf1,0x53d1,
0x5bf1,0x5390,0x5390,0x5390,0x5390,0x5390,0x5390,0x534e,0x4a68,0x39c5,0x39c5,0x39a3,
0x3983,0x3983,0x3143,0x3983,0x39a3,0x41c4,0x4a05,0x4a05,0x5204,0x5225,0x5204,0x5204,
0x49c4,0x41c3,0x41a4,0x49e4,0x49e5,0x49e4,0x41e4,0x41a4,0x3963,0x3163,0x3163,0x3963,
0x39a3,0x41a4,0x49c4,0x5225,0x5a46,0x0000,0x0000,0x0000,0x0000,0x0000,0x0000,0x0000,
0x0000,0x0000,0x0000,0x0000,0x0000,0x0000,0x0000,0x5aa9,0x5ac9,0x5ac9,0x5aaa,0x5268,
0x4a48,0x4227,0x41e7,0x39c6,0x39a5,0x3185,0x3185,0x3165,0x2944,0x2123,0x2103,0x2103,
0x2103,0x2103,0x2103,0x2103,0x2144,0x2964,0x2964,0x2123,0x1903,0x18e2,0x18e2,0x10c2,
0x10a2,0x10a2,0x18c2,0x18e2,0x18e3,0x2123,0x3163,0x39a4,0x41c4,0x49e4,0x3020,0x4000,
0x3000,0x6a05,0x9329,0x9329,0x9329,0x82c7,0x1061,0x0000,0x0000,0x1020,0x1040,0x1840,
0x1880,0x20a0,0x28e1,0x30e2,0x38e2,0x4142,0x4142,0x4963,0x5183,0x51a4,0x59c4,0x51a3,
0x59a0,0x61c0,0x69e0,0x69c0,0x7200,0x7200,0x7a40,0x92e0,0xab20,0xbb80,0xc3a0,0xc3a0,
0xc3a0,0xc3a0,0xc3a0,0xc3a0,0xc3a0,0xc3a0,0xc3a0,0xc3a0,0xc3a0,0xc3a0,0xc3a0,0xc3a0,
0xc3a0,0xc3a0,0xc3a0,0xc3a0,0xc3a0,0xc3a0,0xbb80,0xc3a0,0xbb80,0xbba0,0xb360,0xbb80,
0xbb80,0xb360,0xb360,0xb360,0xb360,0xb360,0xb360,0xb360,0xb360,0xab40,0xb360,0xab40,
0xab40,0xab20,0xa320,0xab20,0x60c0,0x6860,0x5820,0x5000,0x4800,0x4800,0x4020,0x4000,
0x4000,0x4000,0x4020,0x4020,0x4020,0x4020,0x4020,0x4000,0x3800,0x3800,0x3000,0x2000,
0x1800,0x0000,0x0000,0x0000,0x0000,0x0000,0x0000,0x1800,0x6040,0x5000,0x3800,0x3820,
0x4020,0x4820,0x4020,0x4820,0x4820,0x4820,0x4820,0x4820,0x4820,0x4820,0x4820,0x4020,
0x4020,0x4000,0x4020,0x4000,0x4020,0x4000,0x4000,0x4000,0x4000,0x4000,0x4000,0x4000,
0x4000,0x3800,0x3000,0x1800,0x1820,0x30a0,0xb320,0xf381,0xe381,0xcbc5,0x5c11,0x5bf1,
0x5bf1,0x53d1,0x5390,0x5390,0x5390,0x5390,0x5390,0x4aec,0x4a48,0x39e6,0x39c5,0x39a3,
0x39a3,0x3983,0x3163,0x3983,0x3983,0x41c3,0x41c4,0x41c3,0x49e4,0x49e5,0x4a05,0x49e4,
0x41c3,0x41a3,0x41a4,0x41c4,0x41e4,0x41a4,0x41a3,0x3983,0x3983,0x3983,0x3983,0x41a3,
0x3983,0x41a4,0x41c4,0x5225,0x5a66,0x0000,0x0000,0x0000,0x0000,0x0000,0x0000,0x0000,
0x0000,0x0000,0x0000,0x0000,0x0000,0x0000,0x0000,0x31a5,0x4207,0x4207,0x39c6,0x39c6,
0x31a5,0x3185,0x3164,0x2964,0x2964,0x2964,0x2964,0x2964,0x2964,0x2943,0x2943,0x2923,
0x2123,0x2944,0x2123,0x2123,0x2103,0x2103,0x2123,0x2123,0x2103,0x2103,0x2103,0x18e2,
0x10c2,0x1881,0x18a1,0x10a1,0x10c2,0x2102,0x3143,0x39a3,0x41c4,0x3942,0x3000,0x4000,
0x2800,0x69e5,0x9329,0x9329,0x9b49,0x8b08,0x20a1,0x0000,0x1020,0x0800,0x1840,0x1860,
0x1881,0x20a0,0x28e1,0x30e2,0x38e2,0x3922,0x4143,0x4143,0x4983,0x5184,0x51a4,0x59a4,
0x51c3,0x59a0,0x6a00,0x6a00,0x7220,0x8a80,0x9b00,0xb360,0xc3a0,0xc3a0,0xc3a0,0xc3a0,
0xc3a0,0xc3a0,0xc3a0,0xc3a0,0xc3a0,0xc3a0,0xc3a0,0xc3a0,0xc3a0,0xc3a0,0xc3a0,0xc3a0,
0xc3a0,0xc3a0,0xc3a0,0xc3a0,0xc3a0,0xc3a0,0xc3a0,0xc3a0,0xb380,0xbb80,0xbba0,0xbba0,
0xb360,0xb360,0xbb80,0xb360,0xb360,0xb360,0xb360,0xb360,0xa320,0xb360,0xb360,0xab40,
0xa320,0xa320,0xab40,0xab40,0x60e0,0x6060,0x5020,0x5000,0x4800,0x4800,0x4000,0x4000,
0x4000,0x4000,0x4000,0x4000,0x4000,0x4000,0x4020,0x4000,0x3800,0x3000,0x3800,0x3000,
0x2000,0x0800,0x0000,0x0000,0x0000,0x0000,0x0000,0x3800,0x6060,0x4000,0x4000,0x3800,
0x4820,0x4020,0x4820,0x4820,0x4820,0x4820,0x4820,0x4820,0x4820,0x4020,0x4820,0x4800,
0x4000,0x4800,0x4000,0x4000,0x4800,0x4000,0x4000,0x4000,0x4000,0x4000,0x4000,0x3800,
0x3000,0x3800,0x1800,0x0000,0x0820,0x2040,0x8aa0,0xc3a0,0xc3a0,0xdba3,0x63f0,0x5bf1,
0x5bf1,0x5bd1,0x5390,0x5390,0x5390,0x5390,0x52ec,0x534e,0x4228,0x39c6,0x3985,0x39c5,
0x41c4,0x3983,0x3983,0x3983,0x3983,0x3983,0x41a3,0x41c3,0x41c3,0x41c4,0x41c4,0x41c4,
0x41a3,0x3982,0x3983,0x3983,0x3984,0x3983,0x3963,0x3963,0x39a3,0x41a4,0x41a4,0x39a3,
0x3963,0x3983,0x41c4,0x4a25,0x5246,0x0000,0x0000,0x0000,0x0000,0x0000,0x0000,0x0000,
0x0000,0x0000,0x0000,0x0000,0x0000,0x0000,0x0000,0x2124,0x2164,0x2965,0x29a5,0x31a5,
0x39a5,0x39c5,0x41c5,0x41c6,0x41e5,0x4206,0x4206,0x4a06,0x4a06,0x4a26,0x49e6,0x41e6,
0x49e6,0x4a26,0x41e5,0x39a5,0x3164,0x2944,0x3164,0x39a5,0x41e5,0x41e5,0x41e5,0x31a4,
0x3144,0x2102,0x2102,0x20e2,0x2123,0x3163,0x3184,0x41a4,0x41c4,0x3881,0x3800,0x4000,
0x3000,0x5983,0x9329,0x9b29,0x9b69,0x9b29,0x3903,0x0000,0x0800,0x1840,0x1020,0x1860,
0x1881,0x20a0,0x20a0,0x30e2,0x38e2,0x3922,0x4102,0x4143,0x4983,0x4983,0x5184,0x5184,
0x51c4,0x5182,0x61c0,0x7220,0x92c0,0xab20,0xbba0,0xc3a0,0xc3a0,0xc3a0,0xc3a0,0xc3a0,
0xc3a0,0xc3a0,0xc3a0,0xc3a0,0xc3a0,0xc3a0,0xc3a0,0xc3a0,0xc3a0,0xc3a0,0xc3a0,0xc3a0,
0xc3a0,0xc3a0,0xc3a0,0xc3a0,0xc3a0,0xc3a0,0xc3a0,0xb380,0xc3a0,0xbba0,0xbba0,0xb360,
0xbb80,0xb360,0xb360,0xb360,0xb360,0xb360,0xb360,0xb360,0xb360,0xb360,0xb360,0xab40,
0xa320,0xab40,0xa320,0xa320,0x6900,0x6880,0x5820,0x5020,0x4800,0x4000,0x4000,0x4000,
0x4000,0x4000,0x4000,0x4000,0x4000,0x4000,0x4000,0x4000,0x3800,0x3800,0x3000,0x3000,
0x3000,0x1800,0x1800,0x0000,0x0000,0x0000,0x1800,0x4800,0x6060,0x4000,0x3000,0x4020,
0x4820,0x4000,0x4020,0x4820,0x4820,0x4820,0x4820,0x4820,0x4020,0x4020,0x4800,0x4000,
0x4800,0x4000,0x4000,0x4000,0x4000,0x4000,0x4000,0x4000,0x4000,0x3800,0x4000,0x4000,
0x4020,0x2800,0x0800,0x1860,0x30e0,0x4140,0x7a40,0xc3a0,0xcba0,0xcba1,0x8c0e,0x5bf1,
0x5bf1,0x5bf1,0x5390,0x5390,0x5390,0x5390,0x5390,0x4aaa,0x4a48,0x39e7,0x41c5,0x41c5,
0x41c5,0x41c4,0x3983,0x3983,0x3983,0x3983,0x3983,0x3983,0x3983,0x39a3,0x41c3,0x41a3,
0x3983,0x3142,0x3163,0x3163,0x3163,0x3123,0x3143,0x3963,0x41a4,0x41c4,0x41a4,0x3963,
0x3163,0x3163,0x41a4,0x49e4,0x41e5,0x0000,0x0000,0x0000,0x0000,0x0000,0x0000,0x0000,
0x0000,0x0000,0x0000,0x0000,0x0000,0x0000,0x0000,0x2103,0x2123,0x2124,0x2964,0x39a5,
0x4a07,0x5a67,0x5a88,0x6288,0x62c8,0x62c8,0x7309,0x7309,0x72e9,0x7309,0x72e8,0x6ae8,
0x6ae9,0x72e9,0x62c8,0x5267,0x41e6,0x39a5,0x41e6,0x5a67,0x62c8,0x6ae9,0x62c8,0x5a87,
0x5226,0x49e5,0x39a5,0x39a4,0x39c5,0x49e5,0x4a05,0x41c5,0x41a3,0x3040,0x3000,0x3800,
0x3000,0x4102,0x9309,0x9b29,0x9b29,0x9b49,0x51e4,0x0800,0x1020,0x1840,0x1840,0x1860,
0x2080,0x20c1,0x20c1,0x28e1,0x30e1,0x38e2,0x3922,0x4143,0x4143,0x4963,0x4963,0x4983,
0x5184,0x51a4,0x5981,0x8260,0xab40,0xbba0,0xc3a0,0xc3a0,0xc3a0,0xc3a0,0xc3a0,0xc3a0,
0xc3a0,0xc3a0,0xc3a0,0xc3a0,0xc3a0,0xc3a0,0xc3a0,0xc3a0,0xc3a0,0xc3a0,0xc3a0,0xc3a0,
0xc3a0,0xc3a0,0xc3a0,0xc3a0,0xc3a0,0xc3a0,0xbba0,0xc3a0,0xc3a0,0xbb80,0xb380,0xbb80,
0xbb80,0xbb80,0xb360,0xb380,0xb360,0xb360,0xb360,0xb360,0xb360,0xab40,0xab40,0xb360,
0xab40,0xa320,0xab40,0xa320,0x6900,0x6880,0x5820,0x5020,0x4800,0x4820,0x4000,0x4000,
0x4000,0x4000,0x4000,0x4000,0x4000,0x4000,0x3800,0x3800,0x3800,0x3000,0x3800,0x3000,
0x3800,0x4000,0x3000,0x2800,0x2800,0x3000,0x3800,0x6060,0x5000,0x3800,0x4000,0x4020,
0x4820,0x4020,0x4020,0x4820,0x4820,0x4020,0x4820,0x4020,0x4800,0x4800,0x4000,0x4020,
0x4000,0x4000,0x4000,0x4000,0x4000,0x4000,0x4000,0x3800,0x2800,0x3020,0x3020,0x2860,
0x2860,0x2880,0x3900,0x4140,0x5160,0x59a0,0x7a40,0xcac0,0xc3a0,0xc3a0,0xa3e8,0x5bf1,
0x5bf1,0x5bf1,0x53d1,0x53b0,0x5390,0x5390,0x5390,0x534e,0x4a28,0x4207,0x41e5,0x41e5,
0x4a05,0x41c5,0x41c3,0x39a3,0x3983,0x39a3,0x3983,0x3983,0x3983,0x39a3,0x4183,0x41c3,
0x4183,0x3962,0x3143,0x3162,0x3143,0x3143,0x3163,0x3983,0x41a4,0x41c4,0x41a4,0x3963,
0x3163,0x3163,0x39a4,0x41c4,0x39a4,0x0000,0x0000,0x0000,0x0000,0x0000,0x0000,0x0000,
0x0000,0x0000,0x0000,0x0000,0x0000,0x0000,0x0000,0x2963,0x2963,0x2963,0x2964,0x41e6,
0x62a8,0x7b29,0x834a,0x834a,0x834a,0x836b,0x8bab,0x8b8b,0x8b8b,0x8bab,0x8bab,0x8bab,
0x8bab,0x8bab,0x734b,0x630b,0x5227,0x41c6,0x5247,0x6ac8,0x736d,0x8b8b,0x838c,0x7b2a,
0x7309,0x5a87,0x5247,0x5247,0x5a47,0x5a47,0x5247,0x4a05,0x4184,0x3000,0x3000,0x4000,
0x3800,0x3841,0x9308,0x9b29,0x9b69,0x9b69,0x7a66,0x2081,0x1040,0x1840,0x1861,0x1860,
0x20a0,0x20a0,0x28e2,0x30c1,0x30e1,0x38e2,0x3942,0x3942,0x4142,0x4143,0x4143,0x4143,
0x4963,0x4983,0x4983,0x6a01,0xab20,0xc3a0,0xc3a0,0xc3a0,0xc3a0,0xc3a0,0xc3a0,0xc3a0,
0xc3a0,0xc3a0,0xc3a0,0xc3a0,0xc3a0,0xc3a0,0xc3a0,0xc3a0,0xc3a0,0xc3a0,0xc3a0,0xc3a0,
0xc3a0,0xc3a0,0xc3a0,0xc3a0,0xc3a0,0xc3a0,0xc3a0,0xc3a0,0xb360,0xc3a0,0xc3a0,0xbb80,
0xbba0,0xbba0,0xb380,0xb360,0xb360,0xb360,0xb360,0xb360,0xb360,0xb360,0xb360,0xb360,
0xa320,0xb360,0xab40,0xa320,0x7940,0x5840,0x5820,0x5020,0x5020,0x4800,0x4000,0x4000,
0x4000,0x4000,0x4000,0x4000,0x4000,0x4000,0x4000,0x3000,0x3800,0x3800,0x3800,0x3000,
0x4000,0x3000,0x4000,0x4000,0x4000,0x3000,0x4000,0x6060,0x5000,0x4020,0x4020,0x4820,
0x4020,0x4020,0x4820,0x4820,0x4020,0x4020,0x4820,0x4020,0x4000,0x4020,0x4000,0x4000,
0x4000,0x4000,0x4020,0x4000,0x4000,0x3800,0x3060,0x38e0,0x38e0,0x38e0,0x4120,0x4120,
0x4140,0x4960,0x5180,0x51a0,0x61c0,0x61c0,0x8a80,0xb340,0xbb20,0xc3a0,0xabe5,0x5bf1,
0x5bf1,0x53b0,0x5bf1,0x53b0,0x53d1,0x5390,0x5390,0x534e,0x4a68,0x4207,0x4a06,0x41e5,
0x41c5,0x41c5,0x41c3,0x3983,0x39a3,0x4183,0x41c3,0x39a3,0x3982,0x3983,0x3983,0x41a3,
0x41c3,0x4183,0x41a3,0x39a3,0x3963,0x3983,0x4184,0x41a4,0x49c4,0x41a4,0x39a3,0x3963,
0x3963,0x39a4,0x41a4,0x41a4,0x39a3,0x0000,0x0000,0x0000,0x0000,0x0000,0x0000,0x0000,
0x0000,0x0000,0x0000,0x0000,0x0000,0x0000,0x0000,0x49e5,0x41e6,0x3984,0x3185,0x4206,
0x6ac8,0x8b8b,0x93cc,0x8bab,0x8b8b,0x8bab,0x8bac,0x93ec,0x93ec,0x93cc,0x8bab,0x93cc,
0x93cc,0x93cc,0x838b,0x7b2a,0x5288,0x4a07,0x4a47,0x6b2a,0x8b8b,0x8bcc,0x93cc,0x8b8b,
0x7b4a,0x6aea,0x6287,0x5a67,0x6287,0x5a87,0x5a47,0x5246,0x4143,0x3000,0x3000,0x3800,
0x3800,0x2820,0x7a66,0x9b69,0x9b69,0x9b69,0x9b29,0x4163,0x1040,0x1840,0x1861,0x20a0,
0x20c1,0x20a1,0x30e2,0x30e2,0x38e2,0x38e2,0x3922,0x4123,0x4143,0x4963,0x4963,0x4983,
0x4983,0x5183,0x5184,0x59c4,0x7222,0xb360,0xc3a0,0xc3a0,0xc3a0,0xc3a0,0xc3a0,0xc3a0,
0xc3a0,0xc3a0,0xc3a0,0xc3a0,0xc3a0,0xc3a0,0xc3a0,0xc3a0,0xc3a0,0xc3a0,0xc3a0,0xc3a0,
0xc3a0,0xc3a0,0xc3a0,0xc3a0,0xc3a0,0xc3a0,0xc3a0,0xc3a0,0xc3a0,0xbba0,0xbb80,0xbb80,
0xbb80,0xb360,0xbb80,0xbb80,0xb360,0xb360,0xb360,0xb360,0xb360,0xb360,0xab40,0xab40,
0xb360,0xab40,0xab40,0xab40,0x79c0,0x6040,0x6040,0x5020,0x5000,0x4800,0x4800,0x4000,
0x4000,0x4000,0x4000,0x4000,0x4000,0x4000,0x3800,0x4000,0x3800,0x3000,0x3800,0x4000,
0x4000,0x4000,0x4000,0x4000,0x3000,0x3000,0x5020,0x6040,0x4000,0x3000,0x3800,0x4820,
0x4020,0x4000,0x4820,0x4020,0x4020,0x4020,0x4000,0x4000,0x4000,0x4000,0x4000,0x4000,
0x4000,0x4000,0x4000,0x4060,0x4900,0x5160,0x5160,0x5160,0x5180,0x59a0,0x59a0,0x61a0,
0x61a0,0x61c0,0x61e0,0x69e0,0x69e0,0x7200,0x92c0,0xab40,0xb360,0xbb80,0xc3a0,0x7410,
0x5bf1,0x5bf1,0x5bf1,0x5bf1,0x5bf1,0x5bf1,0x5390,0x4aec,0x4a68,0x39e7,0x41e5,0x39c5,
0x39c4,0x39c4,0x3984,0x3983,0x39a3,0x41c4,0x41c4,0x41a3,0x3983,0x3983,0x3983,0x3983,
0x41a3,0x49c3,0x49c4,0x49c4,0x49c4,0x49c4,0x49c3,0x49c3,0x41a4,0x39a4,0x3983,0x4183,
0x41a4,0x49c4,0x41c4,0x41a4,0x3963,0x0000,0x0000,0x0000,0x0000,0x0000,0x0000,0x0000,
0x0000,0x0000,0x0000,0x0000,0x0000,0x0000,0x0000,0x6aa8,0x6288,0x4a06,0x39a5,0x4206,
0x72e9,0x8b8b,0x93ec,0x93cc,0x8bab,0x8bab,0x93cc,0x93ec,0x93ed,0x93ed,0x93ec,0x93cc,
0x93ec,0x8c0f,0x93cc,0x6b0b,0x5a88,0x4a07,0x4a48,0x6ae9,0x8bab,0x8bcc,0x8bcc,0x8bac,
0x734b,0x6ae8,0x6ae8,0x5a87,0x5aa8,0x6287,0x5a67,0x5226,0x38a1,0x3000,0x3800,0x3000,
0x4000,0x3000,0x5163,0x9b49,0xa349,0xa369,0xa36a,0x7266,0x1881,0x1840,0x1861,0x20a0,
0x20a0,0x28c1,0x30e1,0x30e2,0x38e2,0x3922,0x3942,0x4143,0x4963,0x4143,0x4983,0x5183,
0x5183,0x51a4,0x51a4,0x3102,0x0000,0x5980,0xb360,0xbba0,0xc3a0,0xc3a0,0xc3a0,0xc3a0,
0xc3a0,0xc3a0,0xc3a0,0xc3a0,0xc3a0,0xc3a0,0xc3a0,0xc3a0,0xc3a0,0xc3a0,0xc3a0,0xc3a0,
0xbba0,0xc3a0,0xbba0,0xbba0,0xbba0,0xbba0,0xbba0,0xbba0,0xbba0,0xbba0,0xbba0,0xbba0,
0xbba0,0xbba0,0xbb80,0xbb80,0xbba0,0xbb80,0xb360,0xbb80,0xb360,0xab40,0xab40,0xab40,
0xab40,0xab40,0xa320,0xa320,0x9220,0x5820,0x6860,0x5020,0x5020,0x4800,0x4800,0x4800,
0x4000,0x4000,0x4000,0x4000,0x4000,0x4000,0x3800,0x3800,0x3800,0x4000,0x4800,0x4000,
0x4800,0x4000,0x4000,0x3800,0x3000,0x3800,0x5820,0x5820,0x3800,0x3800,0x4020,0x4820,
0x4020,0x4000,0x4820,0x4020,0x4040,0x4020,0x4020,0x4020,0x4020,0x4020,0x4020,0x4020,
0x4000,0x3800,0x40a0,0x59a0,0x61a0,0x61a0,0x69e0,0x6a00,0x69c0,0x7200,0x6a00,0x7220,
0x7220,0x7220,0x7220,0x7220,0x7220,0x7a40,0x9b00,0xa320,0xba80,0xbb81,0xc3e1,0x8c2e,
0x6c10,0x63f0,0x63d0,0x63cf,0x63d0,0x63d0,0x5b8e,0x636d,0x5aa8,0x5a86,0x6244,0x6265,
0x6264,0x4a04,0x41c4,0x3983,0x41c4,0x41c4,0x49e5,0x49c4,0x41c3,0x3983,0x3982,0x3982,
0x3983,0x41c3,0x41c4,0x41e4,0x49e4,0x49e4,0x49e4,0x49c4,0x39a3,0x3963,0x39a3,0x41a4,
0x49e4,0x49e5,0x41c4,0x41a4,0x3963,0x0000,0x0000,0x0000,0x0000,0x0000,0x0000,0x0000,
0x0000,0x0000,0x0000,0x0000,0x0000,0x0000,0x0000,0x834a,0x7b29,0x5267,0x39e5,0x41e7,
0x62a8,0x838b,0x93cc,0x93cc,0x8bab,0x8bab,0x93cc,0x9c0d,0x9c2d,0x9c2d,0x9c0d,0x9c0d,
0x9c0d,0x93ec,0x93cc,0x6b2b,0x5a88,0x4206,0x4a47,0x62c9,0x8b6b,0x93cc,0x8bac,0x8bac,
0x7b6c,0x7309,0x62a8,0x6287,0x6287,0x5a67,0x5a66,0x5205,0x3080,0x3860,0x3860,0x4060,
0x4060,0x4060,0x3880,0x59c4,0x82c7,0x82e7,0x8306,0x7a86,0x3962,0x2901,0x3101,0x3102,
0x3102,0x3102,0x3121,0x3921,0x4121,0x4141,0x4142,0x4162,0x4982,0x4982,0x49a3,0x49a3,
0x49a3,0x49a3,0x3121,0x20a1,0x20c1,0x30c0,0x6201,0x7a82,0x82a2,0x82a2,0x7aa2,0x7a82,
0x7282,0x7a82,0x7282,0x7a82,0x7a61,0x7262,0x7282,0x7282,0x7282,0x7262,0x7241,0x7241,
0x6a21,0x6a41,0x6a21,0x7262,0x6a21,0x6a21,0x6a21,0x6a21,0x6a21,0x6a21,0x6a21,0x6a42,
0x6a21,0x6a42,0x6a21,0x6a21,0x6a21,0x61e1,0x61e1,0x61e1,0x61e1,0x59e1,0x59e1,0x59e1,
0x59e1,0x59e1,0x6201,0x59e1,0x51c1,0x4942,0x4921,0x4942,0x4962,0x4942,0x4962,0x4941,
0x4941,0x4941,0x4941,0x4941,0x4141,0x4941,0x4941,0x4941,0x4962,0x4962,0x4961,0x4962,
0x4962,0x4962,0x4962,0x4141,0x3121,0x4060,0x5860,0x4820,0x3860,0x38a0,0x38c0,0x38e1,
0x30e1,0x3901,0x4161,0x4961,0x4161,0x4961,0x4161,0x4161,0x4161,0x4161,0x4161,0x4161,
0x4141,0x4141,0x3962,0x3961,0x3962,0x3962,0x3941,0x3921,0x61a0,0x7a40,0x7a40,0x7a40,
0x7a40,0x7a40,0x7a40,0x7a40,0x7a40,0x8280,0x8260,0x9b03,0xabc4,0xc3c2,0xb3e2,0xab82,
0xab82,0xa342,0xa341,0xa341,0xb382,0xc3a4,0xc3c5,0xbca4,0xbca5,0xc464,0xcd25,0xcd47,
0xcda7,0xd60a,0xc5ca,0x8be7,0x4a04,0x41c4,0x41c4,0x41c4,0x41c4,0x3983,0x3982,0x3983,
0x3983,0x3983,0x41a4,0x41e4,0x49e4,0x49e4,0x41a4,0x41a4,0x3163,0x3163,0x3983,0x49c4,
0x49e4,0x49e4,0x41c4,0x49c4,0x41a4,0x0000,0x0000,0x0000,0x0000,0x0000,0x0000,0x0000,
0x0000,0x0000,0x0000,0x0000,0x0000,0x0000,0x0000,0x836b,0x7b2a,0x5a88,0x41e6,0x41e6,
0x5aa8,0x7b4a,0x8bac,0x93cc,0x8bac,0x93cb,0x93cc,0x9c2d,0xa42e,0xa44e,0xa44e,0xa44e,
0x9c2e,0x9c2e,0x8bcc,0x734b,0x5247,0x41c6,0x4a07,0x62c9,0x736c,0x838b,0x93ec,0x8b8b,
0x7309,0x6245,0x51e4,0x49c3,0x49c3,0x51c2,0x49c3,0x51c2,0x51c2,0x51c2,0x49c3,0x49c3,
0x49c3,0x4981,0x49a1,0x4981,0x4981,0x4981,0x4981,0x49a2,0x49c2,0x49c3,0x49a2,0x51c2,
0x49a2,0x49a2,0x49a2,0x49a2,0x49a2,0x49a2,0x49a2,0x49a2,0x49a1,0x49a1,0x4981,0x49a1,
0x4981,0x49a2,0x51a2,0x49a2,0x49a2,0x49c3,0x49a2,0x49a2,0x49c2,0x49a2,0x49a2,0x49a2,
0x49a2,0x49a2,0x49a2,0x49a2,0x49c2,0x49c2,0x49a2,0x49a1,0x49a2,0x49a2,0x49a2,0x49a2,
0x51c2,0x51c2,0x49c2,0x51c2,0x51c2,0x49a2,0x51e2,0x51e3,0x51c2,0x49c3,0x51e3,0x51e3,
0x51e3,0x51c2,0x49a1,0x4981,0x4981,0x4981,0x4982,0x4982,0x49a2,0x51c2,0x49a2,0x49a2,
0x49a2,0x51e3,0x51e3,0x49c2,0x51e3,0x51e3,0x5203,0x51e3,0x51e3,0x5a03,0x5203,0x4981,
0x49a2,0x51c2,0x51e3,0x51c2,0x51e3,0x5a03,0x59e2,0x51e3,0x51e2,0x51c2,0x51e2,0x51c2,
0x51c2,0x51c2,0x5a23,0x5a24,0x6243,0x5a03,0x5203,0x5a03,0x5a03,0x5203,0x5a03,0x5a03,
0x5a03,0x5a03,0x59e2,0x5a03,0x51c2,0x5a03,0x51c2,0x51c2,0x51e2,0x51c2,0x59e2,0x51c2,
0x51e2,0x59e2,0x51c2,0x49a1,0x5a02,0x7283,0xac48,0xac89,0x8367,0x6283,0x7a40,0x8280,
0x8a80,0x8260,0x8260,0x8260,0x7a40,0x51a0,0x82a4,0xc3c5,0x9b43,0xa342,0x9b84,0xab85,
0xb3e5,0xb3e5,0xb426,0xb406,0xac25,0xb4a6,0xbca6,0xbc46,0xc4e7,0xc4e7,0xbce7,0xbce7,
0xc507,0xcd89,0xe62b,0xf66e,0xb529,0x41a4,0x41c3,0x41c3,0x41c3,0x4183,0x3983,0x4183,
0x3983,0x3982,0x39a3,0x41a4,0x49e4,0x49c4,0x41a4,0x3163,0x3163,0x3163,0x39a4,0x49c4,
0x49e5,0x49e5,0x49e4,0x5204,0x5204,0x0000,0x0000,0x0000,0x0000,0x0000,0x0000,0x0000,
0x0000,0x0000,0x0000,0x0000,0x0000,0x0000,0x0000,0x836b,0x836b,0x62a8,0x41e6,0x41e6,
0x5a67,0x734c,0x8bac,0x93cc,0x93ec,0x93ec,0x93ec,0x9c2d,0x9c2e,0xa44e,0xa42e,0xac8f,
0xa46f,0x8c2f,0x93cc,0x630b,0x5247,0x39c6,0x4a06,0x5aa8,0x7b29,0x838c,0x7309,0x5a23,
0x51c2,0x51c2,0x5a03,0x6243,0x6a84,0x6a84,0x6a84,0x6264,0x6a84,0x6a84,0x6a84,0x72c5,
0x6284,0x5a43,0x5a03,0x6243,0x6a84,0x6a84,0x5a43,0x5a03,0x6223,0x72c4,0x72c5,0x72c5,
0x72c5,0x72c5,0x72c5,0x72c5,0x6a84,0x6a84,0x6a84,0x6a84,0x6a84,0x6a84,0x6a84,0x6a63,
0x6243,0x6a42,0x51c2,0x51e2,0x5a02,0x72a4,0x72c5,0x7b05,0x7b26,0x7b05,0x7b05,0x72e5,
0x7b05,0x7b05,0x72c5,0x6aa4,0x72c5,0x72c5,0x72e5,0x72c5,0x72e5,0x7b05,0x8305,0x7b05,
0x72c5,0x7b05,0x7b05,0x7b06,0x7b05,0x7b05,0x7b06,0x7b05,0x8346,0x8326,0x8346,0x8b66,
0x8346,0x8326,0x72e5,0x72c5,0x7263,0x6a43,0x7aa3,0x6a63,0x6a84,0x7ac4,0x7ac4,0x72c5,
0x6aa4,0x7ac4,0x7b05,0x7b05,0x8305,0x8346,0x8346,0x8346,0x8b86,0x8b86,0x8b86,0x8b86,
0x82e4,0x7ac3,0x7ac3,0x8305,0x8346,0x8346,0x8b86,0x8b66,0x8346,0x8346,0x8305,0x7ac3,
0x7ac3,0x8b46,0x93a6,0x93a6,0x8b86,0x8ba6,0x93a6,0x8b86,0x8b86,0x8b86,0x8b66,0x8b86,
0x8b66,0x8325,0x8305,0x8305,0x8305,0x8305,0x8305,0x8305,0x72a4,0x7ac3,0x7ac3,0x7ac3,
0x7ac3,0x82e4,0x8305,0x8325,0x8346,0x8b86,0x93c7,0xa448,0xd5ec,0xee4e,0x9ba7,0x7262,
0x8a80,0x8a80,0x8a80,0x8280,0x69e0,0x6222,0x9be6,0xac48,0xac08,0x9386,0x8325,0x82e4,
0x72a4,0x82c3,0x82c4,0x82c4,0x82c4,0x8305,0x9345,0x9365,0x9365,0x9b66,0x9346,0x9386,
0x9ba5,0x8325,0x7b05,0x9386,0xcda9,0x93c7,0x41c3,0x41c3,0x4183,0x3983,0x4183,0x4183,
0x3983,0x3942,0x3983,0x39a3,0x41a4,0x41a4,0x3163,0x3143,0x2922,0x3163,0x41a4,0x5205,
0x5225,0x5205,0x5a25,0x5a66,0x5a66,0x0000,0x0000,0x0000,0x0000,0x0000,0x0000,0x0000,
0x0000,0x0000,0x0000,0x0000,0x0000,0x0000,0x0000,0x8b8b,0x836b,0x6aa8,0x4a06,0x41e6,
0x4a27,0x6aea,0x8b8b,0x93ec,0x93ed,0x9c0d,0x93ed,0x93ed,0x9c0d,0x9c0d,0x9c4f,0xa46e,
0xa44e,0x9c2e,0x8bac,0x6b0a,0x4a47,0x39c5,0x41c6,0x5a88,0x62c9,0x6aa5,0x72c5,0x6a84,
0x7283,0x7aa4,0x8305,0x9365,0x9386,0x9386,0x9be7,0x9be7,0x9be7,0x9be7,0xa407,0x9be7,
0xac28,0xac49,0xa407,0x8325,0x8b45,0x9365,0x8304,0x9365,0xa408,0xac49,0xac48,0xac28,
0xac48,0xa427,0xac07,0xac27,0xa407,0x9bc7,0xa3c6,0xa3c6,0x9386,0x9365,0x8b45,0x8b04,
0x9345,0x9365,0x9ba6,0xac07,0xac28,0xac49,0xac49,0xac49,0xb469,0xbc89,0xac48,0xa407,
0xb468,0xac48,0xa407,0xa428,0xac28,0xac27,0xa407,0xa3e7,0xa407,0xac27,0xac28,0xac07,
0xa407,0xac07,0xa3e7,0xb468,0xb428,0xb428,0xb448,0xac48,0xbc88,0xbc89,0xac49,0xbca9,
0xac69,0xb469,0xb489,0xbc89,0xb489,0xb488,0xb448,0xa3e7,0x9ba6,0x9344,0x9b85,0x9b85,
0xa3a6,0xac06,0xac07,0xac07,0xb448,0xb468,0xbc89,0xb448,0xb468,0xb489,0xb489,0xbcc9,
0xc4ea,0xbcc9,0xac27,0xabe6,0xa3c6,0xb448,0xb448,0xac08,0xa3c6,0xabe6,0xa3a5,0xac07,
0xb468,0xbca9,0xbcca,0xbcaa,0xb488,0xbca9,0xbc89,0xac48,0xb448,0xb448,0xbc68,0xac27,
0xabe7,0xac06,0xa3a5,0x9ba6,0x9365,0x9345,0x9b85,0xabe6,0xa3e6,0xac27,0xb448,0xb469,
0xac48,0xbca9,0xc4ca,0xbca9,0xb489,0xb489,0xa428,0x9386,0x8326,0x8345,0xbd28,0xac05,
0x8aa0,0x8280,0x8260,0x8280,0x59a0,0x8346,0xcd0a,0xe5ed,0xcd2b,0xbcc9,0xb489,0xac49,
0xac28,0xac27,0xa407,0xa3c7,0xa3c6,0xa3c6,0x9ba5,0x9345,0x8b24,0x9345,0x8b66,0x9b85,
0xa3e6,0xa3e6,0x9386,0x72c4,0x6243,0xac87,0x5224,0x3983,0x3983,0x4183,0x4183,0x3983,
0x3982,0x3142,0x3143,0x3963,0x3983,0x3163,0x3143,0x2922,0x3143,0x3963,0x41c4,0x5205,
0x5a66,0x6287,0x6286,0x62a7,0x62a6,0x0000,0x0000,0x0000,0x0000,0x0000,0x0000,0x0000,
0x0000,0x0000,0x0000,0x0000,0x0000,0x0000,0x0000,0x8bac,0x8b6b,0x6ae9,0x4a27,0x41e6,
0x4a27,0x7309,0x836b,0x93ec,0x9c0d,0x9c0d,0x93ec,0x93cc,0x93cc,0x93cc,0x93ed,0x8c2f,
0x9c2e,0x8c2f,0x83ac,0x7309,0x5246,0x39c6,0x41c6,0x5a46,0x6264,0x8366,0xa448,0xbcaa,
0xb469,0xa3c6,0x9365,0x9ba5,0xabe6,0xabe6,0xa3c6,0xa3c7,0xa3a7,0xa408,0xa428,0xa428,
0xac48,0xb489,0xb488,0xb489,0xa428,0xa3a6,0xa3e8,0xb489,0xa428,0xa428,0xac28,0xa428,
0xb488,0xac27,0x9c08,0x9ba7,0x93a6,0xa3a7,0xa3c6,0x9b85,0x8b45,0x9345,0x8325,0xa3a5,
0xa428,0xac48,0xa428,0xa428,0xac28,0xac28,0x9bc7,0xa3c7,0xa3e8,0x9ba7,0x93a6,0x93a6,
0x93a6,0x9ba7,0x9b85,0x9b65,0xa3c6,0x9365,0x9345,0x9345,0x8b25,0x8b45,0x9365,0x9345,
0x8325,0x8b45,0x8325,0x9345,0x8b45,0x8305,0x8b25,0x9346,0x9b85,0x93a6,0x8b86,0x9386,
0x93a6,0x9346,0x93a6,0x93a6,0x93a6,0x9bc7,0x93c7,0x93c7,0x93c8,0x93c7,0x8b66,0x8b45,
0x8b25,0x82e4,0x8b04,0x8b25,0x8b25,0x8b25,0x9346,0x9346,0x8b66,0x9366,0x8b66,0x8ba7,
0x93a7,0x93c7,0x93c7,0x93a7,0x8b26,0x82e4,0x82c4,0x82e4,0x82e4,0x9365,0x8b87,0x9bc7,
0x8b86,0x8b66,0x9366,0x8b66,0x8b26,0x8325,0x8325,0x8325,0x8305,0x82e4,0x8305,0x7ac4,
0x6a63,0x72c5,0x82e4,0x8b46,0x8b26,0x9346,0x9386,0x9bc7,0x8b87,0x8b67,0x8346,0x8b26,
0x8ba7,0x8b46,0x8b26,0x8b26,0x8b66,0x8b66,0xa3e8,0xb488,0xa407,0x8305,0x6243,0xabe6,
0x92c1,0x8260,0x8a80,0x8260,0x6243,0xb447,0xdd6b,0xc4ea,0x7b05,0x7b05,0x8346,0x8b46,
0x8347,0x8347,0x8b46,0x8347,0x8b67,0x8bc8,0x8ba7,0x8b87,0x8bc8,0x8b67,0x8b46,0x8305,
0x7ae5,0x7ae4,0x9b85,0xa3a5,0x6223,0x5a02,0x6285,0x3983,0x4183,0x4183,0x41c3,0x4183,
0x3162,0x3122,0x2922,0x2922,0x2922,0x2922,0x2922,0x3143,0x3163,0x41a4,0x41c4,0x5226,
0x6266,0x6aa7,0x72a7,0x6aa8,0x62a6,0x0000,0x0000,0x0000,0x0000,0x0000,0x0000,0x0000,
0x0000,0x0000,0x0000,0x0000,0x0000,0x0000,0x0000,0x8bac,0x8b6b,0x6ae9,0x4a27,0x41e6,
0x4a27,0x6ae9,0x7b8c,0x8bac,0x93ec,0x93ed,0x93ec,0x8bac,0x8bab,0x8bab,0x93cc,0x93ec,
0x940d,0x93ed,0x838c,0x730a,0x5247,0x39c6,0x4206,0x72a4,0x8b86,0xb489,0xc4ca,0xc4ea,
0xac28,0x9bc7,0x8366,0x8b48,0x8327,0x7ae5,0x72a6,0x72a5,0x7b07,0x8307,0x7b08,0x8368,
0x8328,0x8b88,0x9389,0x8b89,0x93ca,0x93cb,0x93aa,0x8b8a,0x8b8a,0x8b89,0x8b89,0x8b69,
0x8b69,0x8328,0x8349,0x8328,0x7b28,0x8369,0x8349,0x93aa,0x93ab,0x93aa,0x9beb,0x9beb,
0x9beb,0x9beb,0x93cb,0x93cb,0x93cb,0x8b8a,0x8b8a,0x8b8a,0x8baa,0x8b8a,0x93cb,0x8b8a,
0x8b8a,0x93aa,0x8bab,0x93ec,0x9c4d,0xa44c,0x9c4e,0x9c6e,0x9c4e,0x9c6e,0xa44d,0x9c4e,
0x9c6e,0x9c2d,0x9c4e,0x9c4e,0x9c4e,0x942e,0xa48f,0x944e,0x944e,0xa4b0,0x944e,0x944e,
0x9c6e,0x944e,0x944e,0x946f,0x8c2e,0x8c0d,0x8bed,0x8bed,0x9c6f,0x9c8f,0x9c8f,0x9c90,
0xacf1,0x9c8f,0x9c6f,0x9c6f,0xacf1,0xa4f1,0xa4f1,0x946f,0xacf1,0x9caf,0xad11,0xad12,
0xad12,0xad12,0xad12,0xad12,0xbd73,0xb532,0xa4f1,0xb552,0xbd94,0xb553,0xbd94,0xbd94,
0xb552,0xb573,0xb573,0xbd93,0xbd74,0xb573,0xbd93,0xbd93,0xbd74,0xbd93,0xb552,0xb553,
0xb573,0xbd94,0xbd94,0xbd94,0xbd94,0xbd94,0xbd94,0xbd94,0xb553,0xad12,0xb554,0xad12,
0xad12,0xad13,0xbd94,0xbd94,0xad12,0x9c8f,0x93a8,0x9b85,0xa3c6,0xa3a6,0x6a63,0x6243,
0xb447,0x8a80,0x8280,0x7a40,0x7ac4,0xb427,0xc467,0x6a63,0x7b06,0xb532,0xbdb5,0xbdb5,
0xc5b5,0xbdb5,0xc5d5,0xc5d5,0xbdb5,0xbdd6,0xbdb5,0xbdb5,0xbdd6,0xbdb5,0xbdd6,0xbdb5,
0xbdb5,0xb533,0x9bea,0xa3a5,0x7ac4,0x4181,0x5a44,0x41a3,0x41a3,0x41c3,0x41a3,0x4183,
0x3162,0x3122,0x2922,0x2922,0x2922,0x2922,0x3143,0x3163,0x39a4,0x41a4,0x41e4,0x4a06,
0x5a66,0x62a6,0x62a7,0x62a7,0x5a66,0x0000,0x0000,0x0000,0x0000,0x0000,0x0000,0x0000,
0x0000,0x0000,0x0000,0x0000,0x0000,0x0000,0x0000,0x834a,0x834a,0x6ac8,0x4a26,0x39e6,
0x4a27,0x62a8,0x732b,0x838c,0x8bac,0x93cc,0x93cc,0x93cc,0x93ed,0x93ed,0x8bcc,0x8bcc,
0x93ec,0x93ec,0x8bac,0x630b,0x4a47,0x39c6,0x5a65,0x9365,0xabe6,0xac27,0x9366,0x8326,
0x8bca,0xa46f,0xa533,0xad54,0xbdb5,0xa533,0xa533,0xa533,0xad34,0xbdb5,0xb575,0xbdb5,
0xbdd6,0xbdb6,0xbdd6,0xbdb5,0xbdb5,0xbdd6,0xbdb5,0xbdd6,0xbdd6,0xbdf6,0xbdd6,0xbdb5,
0xbdb5,0xb595,0xb5b5,0x632c,0x5aa9,0x52aa,0x52a9,0x4a69,0x4a69,0x9491,0xce37,0xc617,
0xc617,0xc617,0xce58,0xc5f6,0xbdb6,0xce37,0xce58,0xce58,0xd699,0xdeda,0xdeda,0xd699,
0xce58,0xce58,0xce38,0xce37,0xce78,0xd678,0xd678,0xd699,0xce58,0xce78,0xce78,0xce58,
0xce58,0xce58,0xce37,0xc617,0xce37,0xce58,0xce58,0xce58,0xce58,0xd699,0xd678,0xdeda,
0xdeda,0xdeda,0xd678,0xd678,0x632b,0x39c6,0x39c6,0x39c6,0x83ef,0xd699,0xce58,0xce58,
0xce58,0xce58,0xce58,0xce38,0xce37,0xce37,0xce38,0xce58,0xce58,0xc617,0xce58,0xce58,
0xd678,0xd6b9,0xd6b9,0xdeda,0xd6b9,0xd6b9,0xd6b9,0xd6b9,0xd6b9,0xd6b9,0xd699,0xd678,
0xc617,0xbdb5,0xbdb5,0xc617,0xc617,0xce37,0xce58,0xdeda,0xdeda,0xdeda,0xdeda,0xdeda,
0xdeda,0xdeda,0xdeda,0xdeda,0xdeda,0xd699,0xce38,0xce78,0xdeb9,0xd678,0xce58,0xce58,
0xce78,0xce58,0xc617,0xce58,0xce58,0xd699,0xc5f6,0xaccf,0xb489,0xb427,0xac08,0x6aa4,
0xbcea,0x8ae2,0x8a80,0x7240,0x9386,0xd54b,0xac07,0x6264,0xad12,0xce58,0xce58,0xce58,
0xce58,0xce58,0xce58,0xce58,0xb595,0x9cb1,0x7bae,0x83ef,0xad74,0xce58,0xce58,0xce58,
0xce37,0xce37,0xc5f5,0xc4eb,0xac48,0x51e2,0x6265,0x41e5,0x41c3,0x49c3,0x49c4,0x41a3,
0x3962,0x3142,0x2922,0x2922,0x2922,0x2922,0x3123,0x3963,0x39a3,0x39a4,0x41c4,0x4a05,
0x5226,0x5a67,0x5a47,0x5246,0x4a05,0x0000,0x0000,0x0000,0x0000,0x0000,0x0000,0x0000,
0x0000,0x0000,0x0000,0x0000,0x0000,0x0000,0x0000,0x72e9,0x6b0b,0x5a88,0x41e6,0x39e6,
0x41e6,0x5268,0x62c8,0x6ae9,0x732a,0x738d,0x838c,0x7b8c,0x8bac,0x8c0e,0x8bac,0x8c0e,
0x83ac,0x8bac,0x7b6c,0x630b,0x4228,0x39c5,0x8b88,0xc4ea,0xbc88,0x9bc7,0x8b87,0xad13,
0xb595,0xbdb5,0xbdb5,0xbdb5,0xbdb5,0xce37,0xce37,0xbdf6,0xc617,0xc617,0xc617,0xce37,
0xa513,0xce37,0xce58,0xce37,0xce37,0xce38,0xc637,0xbdb6,0xbdd6,0xbdd6,0xbdb6,0xbdb6,
0xbdd6,0xb5b5,0xbdb5,0x52a9,0x2964,0x2123,0x18e3,0x39c6,0x39e6,0x9cd2,0xce38,0xc617,
0xbdb5,0xce37,0xbdb6,0xce38,0xce37,0xd6b9,0xce58,0xce58,0xdeda,0xdeda,0xdeda,0xd678,
0xdeb9,0xd679,0xbdb6,0xbdb6,0xbdf6,0xce58,0xce58,0xce58,0xdeda,0xdeda,0xdeda,0xd699,
0xce58,0xce58,0xce58,0xce37,0xce38,0xdeb9,0xdeb9,0xdeb9,0xdeb9,0xef5a,0xdeda,0xd699,
0xce58,0xce58,0xce58,0xce58,0x83ee,0x4227,0x4207,0x7bce,0xad74,0xce58,0xce58,0xce58,
0xce58,0xdeb9,0xd679,0xdeb9,0xdeda,0xdeda,0xce58,0xd699,0xce58,0xce58,0xce58,0xce58,
0xce58,0xdeb9,0xd699,0xce78,0xdeb9,0xdeb9,0xdeb9,0xdeb9,0xd6b9,0xd6b9,0xd678,0xd6b9,
0xce78,0xce58,0xce58,0xd699,0xce37,0xce38,0xce58,0xce58,0xce58,0xce58,0xd699,0xdeda,
0xd6b9,0xdeda,0xdeda,0xdeda,0xdeba,0x9471,0x83ef,0xd679,0xce58,0xce58,0xce58,0xce58,
0xce58,0xce58,0xce37,0xce58,0xce58,0xce58,0xbdb6,0xbdb5,0xa4b0,0xbca9,0xc50a,0x7b05,
0x93ca,0x9b64,0x8260,0x7200,0xa407,0xe5cc,0x93c8,0x7b47,0xce58,0xce58,0xce58,0xce58,
0xce58,0xce58,0xce58,0xbdd6,0x7bce,0xad54,0x9cd2,0x4207,0x31a5,0xc5f6,0xce58,0xc617,
0xce37,0xc637,0xce78,0xcd91,0xc4c9,0x7ac4,0x836b,0x6287,0x49c3,0x49c4,0x49c4,0x41c3,
0x3963,0x3142,0x2922,0x2922,0x2922,0x2922,0x3163,0x3963,0x39a3,0x3983,0x39a4,0x41c5,
0x4a26,0x4a26,0x41e5,0x39a4,0x31a4,0x0000,0x0000,0x0000,0x0000,0x0000,0x0000,0x0000,
0x0000,0x0000,0x0000,0x0000,0x0000,0x0000,0x0000,0x5268,0x5268,0x4a07,0x39c6,0x3185,
0x3185,0x39c6,0x41e7,0x4a27,0x5268,0x62a9,0x62c9,0x6b0a,0x6b4c,0x7b8c,0x83cd,0x736c,
0x734b,0x6b0a,0x62c9,0x5247,0x39c6,0x5245,0x9be8,0xbcca,0xac48,0xa44a,0xb575,0xbdb6,
0xbdd6,0xc5f7,0xce58,0xce37,0xce37,0xc617,0xc5f7,0xbdd6,0xad54,0xb595,0xbdb6,0x8c50,
0x7bce,0x8c50,0xc617,0xbdd6,0xad54,0xbdd6,0xc617,0xce58,0xce58,0xce58,0xce78,0xce58,
0xc617,0xc5f7,0xc5f7,0xbdd6,0xb595,0xad54,0x4a48,0x9cd2,0xbdb6,0xbdb5,0xbdf6,0xbdb6,
0xce37,0xce58,0xd699,0xce58,0xce58,0xc617,0xbdd6,0xc5f7,0xc5f7,0xce58,0xce58,0xce58,
0xce58,0xce58,0xce58,0xce58,0xc617,0xce58,0xce58,0xce58,0xd678,0xd699,0xd699,0xd699,
0xd699,0xdeb9,0xdeb9,0xd699,0xd6b9,0xdeda,0xd6b9,0xd678,0xdeb9,0xd678,0xd699,0xce58,
0xc617,0xce58,0xd678,0xd699,0xd699,0xb595,0x6b4c,0xc617,0xce58,0xc5f7,0xc5f7,0xce37,
0xd699,0xd699,0xce78,0xd699,0xdeda,0xdeb9,0xdeda,0xd699,0xce58,0xd678,0xd699,0xd699,
0xce78,0xd699,0xdeda,0xdeda,0xdeda,0xd6b9,0xdeda,0xd6b9,0xd699,0xd699,0xd678,0xd699,
0xd699,0xd679,0xce58,0xc617,0xce58,0xc617,0xce58,0xd678,0xd699,0xd699,0xd699,0xd699,
0xbdd6,0x9491,0x9491,0xad34,0xa4f3,0xa4f2,0xa4f3,0x9491,0xad54,0x8c30,0x9471,0x9cd2,
0xce58,0xce58,0xce58,0xc637,0xce37,0xc5f7,0xc5f7,0xd679,0xce58,0xa48e,0xc4a9,0x8b66,
0x6ac5,0x9b84,0x8260,0x61e1,0xac27,0xe56a,0x8346,0x940c,0xce58,0xce58,0xce58,0xce58,
0xce58,0xce58,0xce58,0xa533,0xa4f3,0xce58,0xce58,0x9491,0x4207,0xbdb6,0xce58,0xc637,
0xc5f7,0xce37,0xce58,0xd635,0xc4a9,0x93a6,0x5a86,0x6ac8,0x41c3,0x4a04,0x49c4,0x41a3,
0x3962,0x3142,0x2922,0x2922,0x2922,0x3143,0x3963,0x39a3,0x41a4,0x3983,0x39a4,0x41c5,
0x41e5,0x41c5,0x3984,0x3184,0x3184,0x0000,0x0000,0x0000,0x0000,0x0000,0x0000,0x0000,
0x0000,0x0000,0x0000,0x0000,0x0000,0x0000,0x0000,0x39a5,0x39a5,0x3185,0x2964,0x2144,
0x2123,0x2144,0x2944,0x2944,0x3185,0x39c6,0x4207,0x4a68,0x5a88,0x5a87,0x630b,0x630b,
0x5288,0x4a48,0x4207,0x31a6,0x2144,0x72a4,0xa3c8,0xb448,0x9c28,0xad12,0xbdb5,0xbdb5,
0xbdb5,0xce37,0xbdb5,0xbdd6,0xbdd6,0xbdb6,0xb595,0x738d,0x6b2c,0x632c,0x7bce,0x9cd2,
0x7bce,0x94b1,0x7bce,0x6b4c,0x632c,0x6b4c,0xb595,0xce58,0xce58,0xdeb9,0xce58,0xce58,
0xce58,0xc617,0xb595,0x8c50,0x7bef,0x7bef,0x5289,0x52a9,0x6b4c,0x7bef,0xbdb6,0xce37,
0x8c50,0x7bef,0x7bef,0x6b4c,0x6b4c,0x6b4c,0xad54,0xb595,0xad74,0xb574,0xad74,0xce38,
0xce58,0xce58,0xce58,0xce58,0xc617,0xb575,0xa513,0xad74,0xad54,0x9cd2,0xad54,0xad54,
0xad74,0xc617,0xad74,0xc5f7,0xdeda,0xdeda,0xb595,0x632b,0xbdd6,0xd699,0xce58,0xce58,
0xce37,0xbdb6,0xbdb6,0xbdd6,0x632b,0x4a28,0x39c6,0x5289,0x9cd2,0xce58,0xce58,0xce58,
0xce58,0xce58,0xce58,0xce58,0xbdb6,0x842f,0x840f,0x83ef,0x83ef,0x83ef,0x842f,0xc617,
0xad34,0x94b1,0x8c30,0x9471,0x83ef,0x83ef,0x83ef,0x83ef,0x8c30,0xd699,0xce58,0x840f,
0x7bef,0x7bef,0x736d,0x7bae,0x6b4c,0x6b4c,0xa4f3,0xbdf6,0xbdf6,0xbdd6,0xce58,0xc617,
0x840f,0x9cd2,0x9cd2,0x842f,0x8430,0x9cb2,0x8c50,0xad54,0x736d,0x9cb2,0x9cd2,0x83ef,
0x9491,0xce58,0xce58,0xce58,0xce58,0xce58,0xc617,0xce38,0xce58,0xb594,0xb448,0x9ba6,
0x5a03,0x8ae4,0x8280,0x61e1,0xa3c6,0xd50a,0x72a4,0xacb0,0xd678,0xce58,0xd6b9,0xd679,
0xce58,0xce58,0xce58,0xbdd6,0x8c50,0xce58,0xce38,0x738d,0x8c50,0xce58,0xce58,0xce38,
0xce38,0xce38,0xc617,0xce38,0xb448,0x9b85,0x51e4,0x6286,0x49c3,0x49e4,0x49c3,0x4183,
0x3962,0x3142,0x3163,0x3163,0x3163,0x3163,0x41a4,0x41a4,0x41a4,0x41a4,0x41a4,0x41a4,
0x39a4,0x3984,0x3163,0x3163,0x3163,0x0000,0x0000,0x0000,0x0000,0x0000,0x0000,0x0000,
0x0000,0x0000,0x0000,0x0000,0x0000,0x0000,0x0000,0x2124,0x2124,0x2123,0x1903,0x1903,
0x18e3,0x18e3,0x1903,0x1903,0x1903,0x2124,0x2964,0x3185,0x39c6,0x39e7,0x41e7,0x39e6,
0x31a5,0x29a5,0x2944,0x2143,0x2123,0x72a4,0xa3c6,0xa3e6,0x9be9,0xb575,0xbdb5,0xbdb5,
0xbdb5,0xbdb5,0xbdd6,0xc617,0xc617,0xc617,0x736d,0x73ae,0x7bae,0x7bae,0x73ad,0x6b2c,
0x9cf2,0x7bce,0x8c30,0x62eb,0x7bae,0x83ef,0x738d,0xc617,0xd699,0xce58,0xce58,0xce58,
0xce58,0xce58,0x9471,0x2123,0x18c2,0x2123,0x2944,0x2944,0x2123,0x2144,0xb5b5,0xc5f6,
0x31a6,0x2123,0x2103,0x2944,0x2965,0x2965,0x9471,0x52aa,0x2124,0x2144,0x2123,0x73ad,
0xce38,0xce58,0xce38,0xbdd6,0xc5f6,0x4a68,0x2944,0x2944,0x2944,0x2964,0x2944,0x2123,
0x3a07,0xad33,0x31a5,0x7bae,0xd678,0xd699,0x9cb2,0x2964,0xb5b5,0xd699,0xd699,0xce58,
0xce58,0xce58,0xdeb9,0xdeda,0x7bce,0x4a48,0x3185,0x4a48,0xbdd6,0xce58,0xce58,0xd678,
0xd678,0xdeb8,0xd698,0xdeb9,0x83ef,0x2944,0x3185,0x31a5,0x2985,0x2965,0x4227,0xbdd6,
0x5aea,0x2964,0x3185,0x2964,0x2985,0x31a6,0x39c6,0x2964,0x39e7,0xbdf6,0xb575,0x3185,
0x3185,0x3a07,0x39c6,0x2964,0x41e7,0x4207,0x9cb1,0xce58,0xc5f7,0xce58,0xce58,0xa513,
0x9470,0x83ef,0x840f,0x83ef,0x8c70,0x9471,0xb595,0x83ef,0x9491,0x738d,0x8c50,0x8c50,
0x83ef,0xd699,0xd699,0xce58,0x9cd2,0xbdd6,0xd699,0xd699,0xce58,0xce37,0xac6b,0x9b85,
0x49a1,0x8b05,0x7a40,0x6201,0xa3c5,0xb406,0x6243,0xa513,0xce58,0xbdb6,0x8c70,0xad54,
0xce58,0xce58,0xce58,0xc617,0xc637,0xce58,0xa513,0x6b4c,0xc617,0xce58,0xce58,0xc5f6,
0xb575,0x840f,0xa513,0xce38,0xbcab,0x9b85,0x4162,0x5204,0x49c3,0x49c3,0x41c3,0x3983,
0x3982,0x3982,0x3983,0x3983,0x3983,0x39a4,0x41a4,0x41a4,0x41a4,0x41a4,0x39a3,0x3983,
0x3163,0x3163,0x3983,0x41a4,0x41a4,0x0000,0x0000,0x0000,0x0000,0x0000,0x0000,0x0000,
0x0000,0x0000,0x0000,0x0000,0x0000,0x0000,0x0000,0x18e3,0x18e3,0x1903,0x1903,0x18e3,
0x1903,0x20e2,0x18c2,0x18c2,0x18c2,0x18e3,0x2103,0x2123,0x2964,0x2985,0x2965,0x2965,
0x2964,0x2944,0x2944,0x2943,0x3163,0x8b66,0xa3c6,0x9365,0x940e,0xc617,0xc617,0xc617,
0xbdd6,0xa4f2,0x8c70,0xb595,0xc5f6,0xbdb6,0x5aeb,0x738d,0x7bce,0x5aca,0x7bee,0x632b,
0x9471,0x7bce,0x736d,0x8c30,0x738d,0x738d,0x83ef,0xad54,0xce58,0xce58,0xce37,0xce58,
0xce58,0xbdd6,0xbdb6,0x4a48,0x6b4c,0xa4f3,0xa513,0xad54,0x842f,0x2103,0xb575,0xb575,
0x39e6,0x9cb2,0x9cb2,0xad33,0xa533,0xbdb6,0xc5f7,0x9cd2,0x39e6,0x4a68,0x842f,0xa513,
0xce38,0xce37,0xc617,0xce58,0xc617,0x9491,0x31c6,0x8c50,0x9cb2,0x4a69,0x52a9,0x9cb2,
0x9cd2,0xa513,0x4a68,0xce58,0xce58,0xce58,0xa533,0x31c6,0xc617,0xce58,0xd6b9,0xd6b9,
0xce78,0xce78,0xce78,0xdeda,0xd699,0xc617,0x5269,0xad54,0xce78,0xd699,0xdeda,0xce78,
0xce78,0xce58,0xce58,0xce78,0xb595,0x4a68,0xa513,0xc5f7,0x7bce,0x5aca,0xc5f6,0xce58,
0xb595,0x6b2c,0x8c50,0x8c30,0x4a48,0xbdf6,0xc5f7,0x630b,0x4227,0xce58,0xd699,0x5289,
0x8c50,0xc5f7,0xa4f3,0x4207,0xb595,0xce37,0xce58,0xce78,0xce78,0xce78,0xd699,0xb5b5,
0x8c50,0x7bae,0x9cd2,0x6b6c,0x8c30,0x9491,0x83ef,0xad54,0x8c30,0x9cb2,0x738d,0x9471,
0x8c50,0xd699,0xd699,0xb575,0x9cd2,0x6b2c,0xbdd6,0xce58,0xd678,0xd699,0xbd2e,0xb468,
0x6264,0x9387,0x7a40,0x7242,0xbca9,0xcd2a,0x7b06,0xbdb6,0xbdb6,0xbdd6,0x9491,0x6b4c,
0xc617,0xce58,0xce58,0xce58,0xbdb5,0xad33,0x5aea,0xbdd6,0xce58,0xce58,0xce58,0xb574,
0xce37,0x8c50,0x632b,0xb595,0xbcec,0xbca9,0x5a24,0x6ac8,0x41a3,0x41c3,0x41c3,0x3983,
0x3983,0x3982,0x39a4,0x39a4,0x39a4,0x39a3,0x39a3,0x3983,0x39a3,0x3983,0x3963,0x3143,
0x2943,0x3163,0x41a4,0x49e4,0x5204,0x0000,0x0000,0x0000,0x0000,0x0000,0x0000,0x0000,
0x0000,0x0000,0x0000,0x0000,0x0000,0x0000,0x0000,0x18e3,0x2102,0x2943,0x2943,0x3144,
0x3144,0x2943,0x2943,0x2102,0x2103,0x2103,0x2103,0x2123,0x2144,0x2964,0x2964,0x2964,
0x2964,0x39a4,0x41e5,0x5205,0x5205,0x93a7,0xb4aa,0xac69,0xa4d2,0xb5b5,0xb5b5,0xb5b5,
0x9491,0xb595,0x8c50,0x9491,0xb595,0xb595,0x630b,0x632b,0x840f,0x62eb,0x840f,0x7bae,
0x738d,0xad33,0x9470,0x8c50,0x738d,0x7bce,0x6b4c,0xbdb6,0xce37,0xce38,0xce37,0xbdd6,
0xce38,0xbdd6,0xad33,0x7bae,0xc637,0xb5b5,0xb5b5,0xc617,0xa513,0x2164,0xad74,0xb595,
0x39e7,0x9491,0xa513,0xad74,0xb595,0xb595,0xce38,0xce38,0x4a28,0x8c50,0xce38,0xce38,
0xce38,0xce37,0xce37,0xce58,0xce37,0x83ef,0x840f,0xb5b5,0xbdb6,0x6b6d,0x6b4c,0xce38,
0xd6b9,0x9cf2,0x840f,0xd6b9,0xdeb9,0xdeb9,0xc5f7,0x4228,0xc617,0xce38,0xce38,0xce38,
0xd699,0xd6b9,0xce58,0xdeb9,0xd699,0xd6b9,0x6b6c,0x9471,0xce58,0xc617,0xbdd6,0xc637,
0xc5f6,0xce38,0xd699,0xdeb9,0x9491,0x8c2f,0xdeb9,0xdeda,0xad54,0x6b6d,0xdeb9,0xdeb9,
0xdeb9,0x736d,0xbdb6,0xc617,0x52a9,0xce37,0xdeda,0x736d,0x4228,0xce58,0xbdf6,0x6b6c,
0xd6b9,0xdeda,0xce58,0x4a69,0xc5f7,0xce58,0xce58,0xce58,0xce58,0xce58,0xd699,0xd699,
0x7bae,0x9cb2,0x738d,0xa513,0xad54,0x842f,0xb595,0x73ad,0xd699,0x738d,0x9491,0x840f,
0xb575,0xdeda,0xbdb6,0xbdb5,0xc5f6,0x736d,0x9cd2,0xce37,0xce38,0xce37,0xacae,0xb469,
0x6284,0x8b47,0x7a61,0x7243,0xbca9,0xdd6b,0x8347,0xbdb5,0xad54,0xc5f6,0xbdb5,0x6b4c,
0xc637,0xce38,0xce38,0xce38,0x7bee,0x31c6,0x632b,0xbdd6,0xce38,0xce38,0xce38,0xad34,
0xd699,0xad33,0x6b2c,0xc617,0xb46b,0xbc89,0x5204,0x5a67,0x41a4,0x41e4,0x41e4,0x41c4,
0x39a4,0x39a3,0x3983,0x39a3,0x39a3,0x3983,0x3163,0x3963,0x3963,0x3983,0x3963,0x2923,
0x2923,0x3163,0x49c4,0x5225,0x5a25,0x0000,0x0000,0x0000,0x0000,0x0000,0x0000,0x0000,
0x0000,0x0000,0x0000,0x0000,0x0000,0x0000,0x0000,0x3184,0x39a4,0x49e5,0x4a05,0x4a05,
0x4a05,0x49e5,0x41c5,0x41c5,0x39a4,0x39a4,0x3184,0x2964,0x2964,0x2164,0x2964,0x2964,
0x39a4,0x5225,0x6286,0x72e7,0x72c6,0x8b67,0xbc89,0xac69,0x9c4f,0xb595,0xb5b5,0xb5b5,
0x840f,0x9491,0xb595,0xa513,0xb5b5,0xb5b5,0x8430,0x73ad,0x6b2c,0x6b4c,0xa513,0x630b,
0x94b1,0x6b4c,0x8c50,0x9cb2,0x7bce,0x7bce,0x632b,0xbdd6,0xce38,0xce38,0xc617,0xce38,
0xc617,0xce38,0x9491,0x840f,0xc5f6,0xc617,0xc617,0xc5f6,0xad54,0x2964,0xad34,0xad54,
0x39e7,0x52a9,0x4a69,0x4a48,0x4a69,0x840f,0xd678,0xce38,0x5269,0xb5b5,0xd678,0xce78,
0xd678,0xd6b9,0xd699,0xd699,0xce58,0x4a69,0x7bce,0xad54,0xce58,0x8c50,0x7bce,0xd699,
0xd678,0x840f,0x8c30,0xb595,0xb575,0xad54,0xad34,0x4a68,0xb5b5,0xce78,0xce38,0xce58,
0xd678,0xd678,0xd678,0xdeda,0xce58,0xad54,0x632b,0x6b4c,0xd678,0xd679,0xd678,0xd678,
0xd678,0xd678,0xd699,0xce58,0x5aca,0x630b,0xa4f2,0xbdf6,0xc617,0x738d,0xdeda,0xd699,
0xc617,0x6b4c,0xded9,0xd678,0x630b,0xc617,0xdeda,0x7bce,0x4228,0xce58,0x8c70,0x4a68,
0x840f,0xa533,0xb595,0x5aca,0xce38,0xd699,0xd678,0xd698,0xd678,0xd678,0xd678,0xbdd6,
0x8c50,0x738d,0x9cb1,0x8c50,0x8c30,0xad74,0x7bae,0x9471,0x73ae,0x9471,0x8c30,0x83ef,
0x8c30,0xce58,0xc5f6,0xa513,0xa513,0x83ef,0xbdd6,0xd678,0xd6b9,0xce58,0xa46c,0xac48,
0x5a44,0x82c3,0x7a61,0x7241,0xb448,0xcd0a,0x7b27,0xa513,0xce37,0x9cf2,0x8c50,0x9471,
0xce38,0xce38,0xce38,0xce38,0xad34,0x9cd2,0xce38,0xce38,0xd678,0xce38,0xce38,0xbdd6,
0x9cf2,0x840f,0x9471,0xc5f6,0xac29,0xac28,0x51e4,0x5226,0x39a4,0x41e4,0x41e4,0x41e4,
0x39a4,0x3963,0x3163,0x3984,0x3963,0x3163,0x3963,0x3963,0x41a4,0x41a4,0x3983,0x3963,
0x3143,0x3983,0x49e5,0x5a46,0x5a66,0x0000,0x0000,0x0000,0x0000,0x0000,0x0000,0x0000,
0x0000,0x0000,0x0000,0x0000,0x0000,0x0000,0x0000,0x6266,0x6aa8,0x6ac8,0x72e8,0x7ae8,
0x7ac7,0x72e8,0x6aa8,0x6aa8,0x6287,0x5a67,0x49e5,0x39c5,0x2964,0x2144,0x2963,0x3984,
0x49e5,0x6286,0x8308,0x8ba9,0x8347,0x7b06,0xa428,0xb489,0x93ed,0xb5b5,0xb575,0xb595,
0xa513,0x738d,0x8430,0xa513,0xb5b5,0xad54,0x630b,0x632c,0x5aca,0x8430,0x5aea,0x9cb2,
0x6b4c,0x7bae,0x738d,0x6b2c,0x8430,0x6b4c,0x840f,0xa4f3,0xbdd6,0xbdb5,0xb5b5,0xb5b5,
0xb5b5,0xb5b5,0x5aea,0x31a6,0x4a68,0x630b,0xa513,0xc637,0xbdb5,0x2965,0xad74,0xa4f3,
0x6b4c,0xbdf6,0xbdb5,0xbdb5,0xbdb5,0xc617,0xce78,0xce58,0x630b,0xce58,0xd699,0xce38,
0xce37,0xce38,0xce37,0xbdb5,0x9cd2,0x3a07,0x5269,0x3a07,0x4a48,0x4228,0x7bce,0xdeda,
0xd6b9,0x5aca,0x2944,0x2965,0x2965,0x2965,0x2965,0x31a5,0xb595,0xce58,0xce58,0xd699,
0xce58,0xdeb9,0xd699,0xdeb9,0x5aea,0x4207,0x4228,0x31a6,0x9491,0xce78,0xd6b9,0xd6b9,
0xdeb9,0xdeda,0xdeda,0xbdf6,0x5289,0x73ad,0x5aca,0x4a48,0x5289,0x6b4c,0xdeb9,0xbdd6,
0x4a28,0x8c50,0xdeda,0xd699,0x632b,0xc617,0xdeda,0x94b1,0x4a89,0xd699,0x630b,0x9cd2,
0x83ef,0x632c,0x5289,0x4a68,0xd699,0xef3a,0xdeda,0xe71a,0xf77a,0xf79a,0xdeda,0xc617,
0xa4f2,0x840f,0x8c50,0xad33,0x8430,0x9cd2,0xce58,0x7bae,0xa4f3,0x632b,0x9491,0x8c50,
0x7bce,0xd678,0xce58,0xbdf6,0xbdb5,0xc617,0xd678,0xdeb9,0xdeda,0xd678,0xa3c8,0xa428,
0x59e3,0x72a3,0x7a61,0x7240,0xac07,0xd50a,0x7306,0xb4f0,0xce78,0xce38,0xce38,0xce38,
0xce58,0xce78,0xce38,0xce38,0xad54,0xce38,0xce38,0xce38,0xce38,0xce38,0xce38,0xc5f7,
0xbdb5,0xc617,0xbdd6,0xbdb5,0x9bc7,0xa3c6,0x41a3,0x41c5,0x39a4,0x41c4,0x41e4,0x41e4,
0x39a4,0x3163,0x2923,0x2923,0x3163,0x3163,0x3963,0x41a3,0x49e4,0x49e4,0x49c4,0x41a4,
0x41a3,0x41a4,0x5205,0x5a66,0x6267,0x0000,0x0000,0x0000,0x0000,0x0000,0x0000,0x0000,
0x0000,0x0000,0x0000,0x0000,0x0000,0x0000,0x0000,0x8329,0x8369,0x938a,0x938a,0x938a,
0x938a,0x8b8a,0x8369,0x8369,0x8329,0x7309,0x5a87,0x49e6,0x3164,0x2944,0x3164,0x41c5,
0x5a66,0x72a7,0x8328,0x93c9,0x9baa,0x72a4,0xa3e7,0xac08,0x93c8,0xad54,0xb5b5,0xb5b5,
0xc617,0xad54,0xb575,0xbdb6,0xc5f6,0xbdd6,0x6b4c,0x7bce,0x7bae,0x736d,0x8c70,0x632b,
0xad34,0x83ef,0x7bae,0x738d,0x736d,0x83ef,0x7bae,0xa4f3,0xb5b5,0xb5b5,0xb5b5,0xb5b5,
0xb5b5,0xb5b5,0x7bce,0x5289,0x5289,0x4207,0x3185,0x5269,0xad54,0x31a6,0xbdd6,0xa4f2,
0x5289,0x9cb2,0x9471,0x9cb2,0xb595,0xce38,0xd678,0xce38,0x7bef,0xdeb9,0xd699,0xce58,
0xc617,0xce38,0xce38,0xce38,0x842f,0x73ae,0xce38,0xc617,0xb595,0x6b6c,0x7bce,0xdeda,
0xce78,0xb574,0xa513,0x9cf2,0x5289,0x8c50,0xb595,0xbdb5,0xd6b9,0xd6b9,0xd678,0xd678,
0xd678,0xce58,0xce38,0xbdb5,0x630b,0xc617,0xce58,0x8c50,0x31a6,0x5289,0x5aca,0x62eb,
0x7bce,0xce58,0xd6b9,0x7bce,0x8c2f,0xf75a,0xef39,0xded8,0xb5b5,0x736d,0xd699,0xc5f6,
0x8c70,0xce38,0xdeda,0xd6b9,0x7bae,0xb595,0xe71a,0xa513,0x5289,0xb595,0x5aca,0xd6b9,
0xdeda,0xd678,0xce58,0x5aaa,0xd699,0xdeda,0xdeda,0xdeda,0xdeda,0xdeda,0xd678,0xd678,
0x8c50,0x8c50,0x9491,0x7bce,0x9cb2,0x9cb2,0x9491,0x9cb2,0x83ef,0x94b1,0x9cd2,0x9491,
0xb574,0xdeda,0xdeda,0xd699,0xdeb9,0xdeb9,0xd6b9,0xd699,0xce58,0xad12,0xabe7,0x9b86,
0x51c3,0x7262,0x7a61,0x7a41,0x9ba6,0xc488,0x6a84,0x93cc,0xce58,0xce38,0xce38,0xce78,
0xce78,0xce38,0xce58,0xc5f7,0x8c50,0x9471,0xc617,0xce38,0xd699,0xce38,0xce38,0xce38,
0xce38,0xce38,0xc5f7,0xad34,0xbc68,0x9b86,0x4183,0x41a4,0x39a3,0x41c4,0x41e4,0x41a4,
0x3983,0x2922,0x2922,0x2122,0x2923,0x3163,0x3983,0x49c4,0x49e4,0x51e5,0x51e4,0x51e4,
0x51c4,0x5205,0x5a46,0x62a6,0x5a67,0x0000,0x0000,0x0000,0x0000,0x0000,0x0000,0x0000,
0x0000,0x0000,0x0000,0x0000,0x0000,0x0000,0x0000,0x8b8b,0x9bcb,0x9bcb,0x9beb,0x9bcb,
0x93cb,0x9bcb,0x93cb,0x93cb,0x8b8b,0x8329,0x6aa8,0x4a06,0x31a4,0x2964,0x39a4,0x5225,
0x6aa6,0x7b27,0x8b49,0x9369,0x93ca,0x7ae6,0x9345,0x9b86,0x9365,0xa490,0xb595,0xb575,
0xb5b5,0xc617,0xc5f6,0xc617,0xc617,0xbdd6,0xa513,0x7bae,0x7bef,0x7bef,0x630b,0x9491,
0x7bae,0x738d,0x738d,0x7bae,0x840f,0x8430,0x7bae,0xc5f6,0xb5b5,0xbdd6,0xb5b5,0xbdd6,
0xc617,0xbdd6,0xbdd6,0xbdb5,0xce38,0xbdf6,0xb595,0x630b,0x4a48,0x39c6,0xbdd6,0x8c30,
0x2124,0x2124,0x2964,0x2965,0x39c6,0x7bce,0xd678,0x8c50,0x52aa,0x6b6c,0x73ae,0x8c30,
0x9cd2,0xbdd6,0xce58,0xce58,0x630b,0x9cd2,0xce38,0xbdd6,0xc637,0x9cb2,0x7bce,0xce38,
0xce37,0x9cf2,0x9cd2,0x9cd2,0x6b4c,0x632b,0xbdd6,0xd699,0xdeda,0xdeb9,0xd6b9,0xce38,
0xce38,0xce38,0xc5f6,0xbdb5,0x5aea,0xc617,0xd6b9,0xb575,0x4a68,0x83ef,0x6b6c,0x632c,
0x4a48,0x5aca,0xb5b5,0x7bae,0xad74,0xdeda,0xf77a,0xe71a,0xd699,0x83ef,0xf77a,0xf77a,
0xdeda,0xdeda,0xdeda,0xd6b9,0x840f,0xad74,0xdeda,0xbdb5,0x52aa,0xa4f2,0x7bce,0xe6fa,
0xdeda,0xdeda,0xd6b9,0x736d,0xce78,0xd6b9,0xdeda,0xdeda,0xdeda,0xdeda,0xdeda,0xdeda,
0xd699,0x9491,0x842f,0xa4f3,0x9cb2,0x9cd2,0x9cb2,0x8c50,0xad34,0x842f,0x9471,0x9cd2,
0xd678,0xd6b9,0xdeda,0xdeda,0xdeda,0xdeda,0xdeda,0xdeda,0xce37,0x93c8,0xb447,0x8305,
0x6264,0x8282,0x7a61,0x7a61,0x9ba6,0xcc88,0x8305,0x7b47,0xce58,0xce38,0xce58,0xce38,
0xd699,0xce38,0xce58,0xad54,0x2944,0x2144,0xb5b5,0xce38,0xce38,0xce38,0xce38,0xce38,
0xce38,0xce38,0xce37,0xa48e,0xc50a,0x8ba7,0x5a45,0x41c4,0x39a4,0x39a4,0x41a4,0x39a3,
0x3143,0x2922,0x2902,0x2122,0x2922,0x3163,0x4184,0x41a4,0x49e4,0x49e4,0x5205,0x5205,
0x5225,0x5a25,0x5a66,0x5a88,0x6267,0x0000,0x0000,0x0000,0x0000,0x0000,0x0000,0x0000,
0x0000,0x0000,0x0000,0x0000,0x0000,0x0000,0x0000,0x9bcb,0xa44b,0x9c0c,0x93ec,0x9bcb,
0x93ec,0x9c0c,0x9c0c,0x93cb,0x93ab,0x8349,0x6ac8,0x4a26,0x31a4,0x3164,0x41e4,0x6267,
0x7ac7,0x8329,0x8b69,0x9b69,0x93ca,0x8328,0x8346,0xabc7,0xa3c6,0x8346,0xa4f2,0xb574,
0xb5b5,0xa513,0xad54,0xb5b5,0xb5b5,0xb5b5,0xb5b5,0xb595,0x9491,0xa513,0xbdd6,0x738d,
0x842f,0x8430,0xad34,0xb5b5,0x9cb2,0xad33,0xc617,0xbdd6,0xc637,0xce38,0xc637,0xbdb6,
0xbdb6,0xc617,0xbdb6,0xbdb5,0xbdb6,0xbdb5,0xc617,0xc5f6,0x6b2c,0x1903,0xbdd6,0xbdd6,
0x9471,0xa4f3,0xa513,0x9cd2,0x8c30,0x52a9,0x7bee,0xbdd6,0xbdb6,0xad33,0xa513,0x9cd2,
0x7bef,0x5289,0x9cd2,0xce58,0x840f,0xc5f7,0xd6b9,0xd6b9,0xdeb9,0xbdb5,0x840f,0xd678,
0xce37,0x840f,0x7bce,0x7bce,0x6b2c,0x5aca,0x4a48,0x630b,0xc5f7,0xce58,0xce38,0xd678,
0xd6b9,0xce58,0xd6b9,0xd699,0x83ef,0x5aea,0x840f,0x5aea,0xa513,0xdeda,0xdeda,0xd6b9,
0xce78,0xad33,0x632b,0xa4f2,0xce58,0xdeda,0xdeda,0xdeda,0xd699,0x83ef,0xd678,0xdeda,
0xdeda,0xdeda,0xdeda,0xdeb9,0xc637,0xd678,0xce58,0xbdb5,0x5aeb,0xb595,0xad54,0xe6fa,
0xdeda,0xdeda,0xdeb9,0x7bce,0xc617,0xce38,0xce58,0xce58,0xce37,0xce58,0xce58,0xdeb9,
0xdeb9,0xd678,0xd6b9,0xdeb9,0xce58,0x9cb2,0x83ef,0xb595,0xce38,0xce38,0xd699,0xce58,
0xd6b9,0xd6b9,0xdeda,0xdeda,0xdeda,0xdeda,0xdeda,0xce58,0xa44c,0xc4ca,0xcd2b,0x72c5,
0x6aa5,0x7a61,0x7a61,0x8261,0x9345,0xcd0a,0xac6a,0x7b06,0xbd93,0xce38,0xce58,0xce38,
0xd6b9,0xce38,0xce38,0xc637,0x8c30,0x8c50,0xc617,0xce38,0xce38,0xce38,0xce38,0xce38,
0xce38,0xce38,0xbdb5,0xa449,0xc4ea,0x6264,0x49e4,0x3983,0x39a4,0x39a4,0x39a3,0x3163,
0x3163,0x2922,0x2902,0x2922,0x3143,0x3163,0x41a4,0x41a4,0x41a4,0x41a4,0x41a4,0x49e5,
0x5225,0x5a66,0x5a67,0x5a67,0x5266,0x0000,0x0000,0x0000,0x0000,0x0000,0x0000,0x0000,
0x0000,0x0000,0x0000,0x0000,0x0000,0x0000,0x0000,0x93cb,0xa3ec,0x9bcb,0x93cc,0x93cb,
0x93cc,0x93cc,0x93cc,0x93cc,0x93ab,0x834a,0x6ac8,0x4a26,0x31a5,0x3984,0x4a05,0x6a87,
0x8328,0x8b69,0x93a9,0x93aa,0x93cb,0x93aa,0x72c5,0x9bc7,0xb469,0xac48,0x9c2a,0xacf1,
0xb574,0xb5b5,0xbdd6,0xbdb5,0xbdb5,0xbdd6,0xc5f7,0xc5f7,0xbdf6,0xbdf6,0xc617,0xbdf6,
0x840f,0xa4f3,0xc5f7,0xc5f7,0xce58,0xce38,0xce38,0xce38,0xc637,0xce37,0xbdf6,0xce37,
0xc637,0xc617,0xc617,0xce38,0xce38,0xce58,0xce38,0xd678,0xc617,0x7bce,0xbdd6,0xce38,
0xce38,0xc637,0xce38,0xce38,0xce38,0xc5f7,0x9cb1,0xc5f6,0xc617,0xce38,0xce38,0xd699,
0xce58,0xb574,0x5289,0xbdb5,0xbdf6,0xce37,0xce38,0xce37,0xc637,0xbdb5,0x9cb2,0xc5f7,
0xbdf6,0xc617,0xce37,0xce37,0xce38,0xce38,0xbdd6,0x840f,0x5aca,0xbdf6,0xef3a,0xded9,
0xdeda,0xdeda,0xdeda,0xdeda,0xce78,0xa513,0x840f,0xb5b5,0xdeb9,0xe6f9,0xd699,0xd699,
0xd699,0xd699,0xbdb5,0x83ef,0xdeb9,0xdeda,0xe71a,0xdeda,0xd6b9,0xad54,0xdeb9,0xd678,
0xce38,0xd678,0xd699,0xd678,0xd678,0xdeda,0xd678,0xce58,0x738d,0xd699,0xd679,0xdeda,
0xce38,0xc5f7,0xc5f7,0xad54,0xce37,0xd699,0xd699,0xd678,0xd678,0xdeb9,0xce58,0xce58,
0xce58,0xce38,0xc637,0xbdf6,0xd678,0xd678,0xce37,0xdeb9,0xd699,0xdeda,0xe71a,0xdeda,
0xdeda,0xdeda,0xdeda,0xd6b9,0xd679,0xbdd6,0xacf1,0x9bea,0xbc89,0xcd2a,0xac28,0x6244,
0x7242,0x8261,0x7a61,0x7a61,0x82a2,0xbc89,0xbca9,0x6aa5,0x93ca,0xbdd6,0xc5f7,0xce78,
0xd699,0xce38,0xce37,0xce37,0xc5f7,0xc5f7,0xc5f7,0xc5f7,0xc5f7,0xbdd6,0xc5f7,0xc5f7,
0xc5f7,0xbdb6,0xa4ad,0xbc89,0xac28,0x5203,0x41c4,0x3983,0x39a4,0x39a4,0x39a4,0x3963,
0x3163,0x3163,0x3143,0x3143,0x3163,0x3983,0x39a3,0x3963,0x3963,0x3143,0x3984,0x41c4,
0x49e5,0x5225,0x5226,0x5246,0x4a06,0x0000,0x0000,0x0000,0x0000,0x0000,0x0000,0x0000,
0x0000,0x0000,0x0000,0x0000,0x0000,0x0000,0x0000,0x8b6a,0x93cb,0x93cb,0x93cb,0x93cc,
0x93cb,0x93cb,0x93ec,0x93cb,0x8bab,0x834a,0x6ac8,0x4a27,0x39a5,0x39c5,0x4a25,0x72a7,
0x8b69,0x9b69,0x9b8a,0x93cb,0x93cb,0x93cb,0x8b49,0x7ae5,0xac48,0xac69,0xa3c8,0x8ba7,
0x93ed,0x9cf2,0xb595,0xb595,0xb595,0xbdd6,0xce37,0xd699,0xce37,0xd699,0xdeb9,0xce38,
0xce37,0xb595,0xb595,0xb595,0xb595,0xb595,0xc637,0xc617,0xc617,0xc637,0xc5f6,0xb595,
0xb595,0xb595,0xb595,0xb595,0xb595,0xb595,0xce37,0xce37,0xbdd6,0xb595,0xb595,0xb595,
0xb595,0xb595,0xb595,0xb595,0xb595,0xb595,0xc5f7,0xb595,0xb595,0xb595,0xb595,0xb595,
0xb595,0xb595,0x83ef,0x842f,0xb595,0xb595,0xb595,0xb595,0xb595,0xb595,0xb595,0xb595,
0xce37,0xb595,0xb595,0xb595,0xb595,0xb595,0xb595,0xbdb6,0xad33,0x8c50,0xce37,0xce37,
0xce37,0xce37,0xb595,0xb595,0xb595,0xc617,0xb595,0xa513,0xb595,0xb595,0x9cd2,0xad74,
0xa513,0xb595,0xb595,0xa4f2,0xb595,0xb595,0xb595,0xb595,0xb595,0xb595,0xb574,0xb574,
0x9cd2,0x9cd2,0x9cf2,0x9cd2,0xacd0,0x9cd2,0xacd0,0xad33,0xacd0,0xacd0,0xa4d1,0x9cd2,
0xa4d1,0xacd0,0xa48f,0xa4b1,0xacd0,0xa46e,0xa46e,0xacaf,0xacaf,0xa46e,0xa46e,0x9c0d,
0x9c0d,0x93ed,0x9c2d,0xac8f,0xa46e,0xa46e,0xac8f,0xac8f,0xa46e,0xb4d0,0xac8f,0xacaf,
0xacaf,0xa44e,0x9c0d,0xa44e,0xa42b,0x9ba6,0xac07,0xb427,0xbc88,0xa3a7,0x7264,0x5a03,
0x8281,0x7a61,0x7a61,0x7a61,0x7a82,0xa3c6,0xbc89,0x8305,0x7284,0x8346,0x836a,0x8ba9,
0x8ba9,0x93aa,0x93cb,0x8ba9,0x8baa,0x93cb,0x93cb,0x93cb,0x93cb,0x8baa,0x93c9,0x93aa,
0x7b26,0x8305,0x9ba6,0xb448,0x6a84,0x49a2,0x39a3,0x39a4,0x41c4,0x41e4,0x41c4,0x39a3,
0x3963,0x3963,0x3963,0x3963,0x41a4,0x41a4,0x3963,0x3963,0x2922,0x2922,0x2923,0x3984,
0x41e4,0x41e5,0x41e5,0x41c5,0x39a4,0x0000,0x0000,0x0000,0x0000,0x0000,0x0000,0x0000,
0x0000,0x0000,0x0000,0x0000,0x0000,0x0000,0x0000,0x8b8b,0x9bcb,0x9beb,0x9c2c,0x9c0c,
0x9c0c,0x93ec,0x93cc,0x93cb,0x93cb,0x834a,0x72e8,0x4a27,0x39a5,0x41c5,0x5a46,0x72e7,
0x8b49,0x93aa,0x93cb,0x93cb,0x9beb,0x9bcb,0x9bcb,0x8308,0x6a64,0x8b26,0xa407,0xb448,
0xa408,0x93a8,0x8ba9,0x8ba9,0x8ba9,0x8348,0x7b07,0x8b68,0x93a9,0x93a9,0x8389,0x93ca,
0x9bea,0x93c9,0x9be9,0x9c0a,0x8ba9,0x8b48,0x8327,0x8b68,0x93c9,0x93c9,0x93c9,0x9be9,
0x8ba9,0x93c9,0x8b89,0x8b68,0x9388,0x8b68,0x8307,0x7ae6,0x8b67,0x93c9,0x9be9,0x8ba9,
0x8b88,0x93a9,0x8b89,0x9388,0x9387,0x8b47,0x8327,0x8327,0x8326,0x8326,0x8306,0x8306,
0x9388,0x8ba8,0x93a8,0x8367,0x93c8,0x93c8,0x9be8,0x9be9,0x93c8,0x9be8,0x93a8,0x9be9,
0x93c8,0x93c8,0x93c8,0x93c8,0x9bc8,0x93c8,0xa3e9,0x9be9,0xa428,0x9be8,0x9387,0x8346,
0x8b26,0x7ae5,0x82e5,0x8305,0x8305,0x8305,0x8b66,0x8b66,0x9367,0x9366,0x93c8,0x93c8,
0x8b87,0x93c7,0x9be8,0x8b66,0x8305,0x82e5,0x8305,0x8b26,0x9386,0x8b46,0x9386,0x9387,
0x93a7,0x9bc7,0xa408,0x9be8,0x8b46,0x82e5,0x82e5,0x8b25,0x8326,0x82e5,0x8305,0x93a7,
0x9be8,0xa3e8,0x93c7,0x93c7,0x93a7,0x8b66,0x93a7,0x9386,0x8b26,0x8325,0x8305,0x7ac4,
0x8305,0x9bc7,0xa408,0xa428,0x9c08,0x93a7,0x9be8,0x93a7,0x93a7,0x93c7,0x93a7,0x9b86,
0x9386,0x9345,0x8b45,0x8b25,0x9365,0x9b86,0xabe6,0xabe7,0x8b25,0x72a4,0x6223,0x7a61,
0x7a61,0x7a61,0x7a61,0x7a61,0x7a61,0x82e4,0xac07,0xb468,0x9b86,0x8b25,0x8305,0x82e4,
0x8b45,0x8b45,0x9345,0x9386,0x9386,0x9ba6,0x9ba7,0x9bc7,0x93c7,0x9bc8,0xa408,0xac28,
0xac69,0xb468,0x9bc7,0x72a4,0x51e3,0x41a3,0x41a4,0x41e5,0x4a05,0x4a05,0x5225,0x41c5,
0x3983,0x3163,0x3963,0x39a3,0x41a4,0x4183,0x3963,0x3143,0x2922,0x3922,0x3143,0x3983,
0x39a4,0x39e4,0x39a4,0x3164,0x3143,0x0000,0x0000,0x0000,0x0000,0x0000,0x0000,0x0000,
0x0000,0x0000,0x0000,0x0000,0x0000,0x0000,0x0000,0x9b8a,0xa42c,0xa40c,0xa40d,0x9c2d,
0x93ec,0x8b6a,0x93ab,0x8bab,0x8bab,0x834a,0x62c8,0x4a26,0x39a5,0x41e5,0x6266,0x8329,
0x7ac7,0x93a9,0x93cb,0x93cb,0x93cb,0x93cb,0x93ab,0x8b8b,0x7ae7,0x6224,0x6aa4,0x8b46,
0xa3e7,0xac27,0xac28,0xac28,0xac48,0xa428,0x9be8,0x8b45,0x8b05,0x9345,0x8b45,0x8ba7,
0xa3c7,0x9bc7,0x9c08,0xa408,0x9be9,0xac49,0x9ba6,0xac28,0xa449,0x9be7,0x9c28,0x9bc7,
0x9be8,0x9bc7,0x9bc7,0x9ba6,0x9b86,0x9365,0x9366,0xabe8,0xac49,0xac48,0xa428,0xac28,
0xa3c8,0x9c07,0x9bc7,0xa3c6,0x93a6,0x9365,0x9365,0x8b46,0x9ba6,0xac08,0xac49,0xac49,
0xac48,0xac48,0xac48,0xac48,0xac49,0xa428,0xb489,0xb489,0xb489,0xb489,0xb489,0xb449,
0xac28,0xac28,0xac28,0xb48a,0xb469,0xb469,0xb489,0xb489,0xb48a,0xb48a,0xb469,0xb48a,
0xb4aa,0xb48a,0xb489,0xb448,0xac07,0xabe7,0xabe6,0xa3a6,0xa3c6,0xac08,0xb427,0xb468,
0xb448,0xbca9,0xbc89,0xbca9,0xbcaa,0xbca9,0xabe7,0x9b86,0xa3a6,0xa3c6,0xa408,0xb448,
0xac28,0xb48a,0xbca9,0xc4ea,0xc4ea,0xbcaa,0xa3e6,0x9b86,0xa3a6,0xa3c6,0xb468,0xb48a,
0xbca9,0xb48a,0xb489,0xb489,0xb448,0xa408,0xa3e8,0xa3c6,0x9ba6,0x9345,0x9b86,0xac07,
0xbcaa,0xc4ea,0xbcca,0xb469,0xac48,0xac48,0xac07,0xac07,0xa3e7,0x9ba6,0xabe6,0x9ba6,
0x9b86,0x9b86,0x9b86,0xa3c6,0xa3a6,0x9386,0x9387,0x7306,0x72a5,0x6a43,0x7a40,0x7a61,
0x7a61,0x7a61,0x7a61,0x7a61,0x7a61,0x7a61,0x8305,0xa408,0xac69,0xac28,0xa408,0x9ba6,
0x9386,0x9365,0x8b45,0x9366,0x9365,0x8b25,0x8b66,0x8b26,0x9b86,0x8b86,0x93c8,0x93a7,
0x9b87,0x8366,0x72e5,0x5a44,0x41a3,0x3963,0x41a4,0x41e5,0x5206,0x49c4,0x5a86,0x41e5,
0x39a4,0x3163,0x3963,0x39a3,0x41a3,0x41a4,0x3963,0x3163,0x3922,0x5a44,0x3163,0x3983,
0x41a4,0x39a4,0x3164,0x3163,0x2922,0x0000,0x0000,0x0000,0x0000,0x0000,0x0000,0x0000,
0x0000,0x0000,0x0000,0x0000,0x0000,0x0000,0x0000,0x9beb,0xa44c,0xa40d,0xa40d,0xa44d,
0x9bed,0x5a04,0x5a25,0x8bab,0x8bab,0x834a,0x62c8,0x4a06,0x39a5,0x4a06,0x6aa8,0x8369,
0x72c7,0x6264,0x938a,0x93cb,0x8bab,0x8b69,0x8b69,0x8b89,0x8b49,0x8329,0x7ae7,0x6245,
0x5a23,0x6244,0x72a5,0x7ae5,0x8326,0x8326,0x93a7,0x93a7,0x8b66,0x8305,0x7ac5,0x8305,
0x7ae5,0x8326,0x8b46,0x8346,0x8b46,0x8367,0x8b66,0x8367,0x8b67,0x8b46,0x8346,0x8b46,
0x7b05,0x8305,0x7ae5,0x72a4,0x72c5,0x8b66,0x9387,0x8b87,0x8b66,0x8326,0x7ae5,0x7ae5,
0x7ae5,0x72a4,0x8305,0x7b05,0x7b05,0x8346,0x8346,0x8346,0x8b66,0x8b87,0x8346,0x8326,
0x8326,0x8346,0x8326,0x8326,0x8326,0x72e5,0x7ae5,0x7ae5,0x7ac5,0x7ae5,0x7ae5,0x82e5,
0x7ae5,0x7ae5,0x7ac5,0x7ae5,0x7ae5,0x7ae5,0x7ac5,0x7b05,0x8326,0x7ae5,0x7ae5,0x7b06,
0x7ae5,0x7ae5,0x7b05,0x7ae5,0x7ae5,0x8326,0x8346,0x7ae5,0x72c5,0x72c5,0x7284,0x7284,
0x72a4,0x72c5,0x72c5,0x72c5,0x72e5,0x72e5,0x7ae5,0x7ae5,0x72a4,0x7264,0x6264,0x7284,
0x7284,0x72a4,0x72c5,0x7ae5,0x7ae5,0x72e5,0x72c5,0x72c5,0x72a5,0x72c5,0x6aa5,0x72c5,
0x6aa5,0x7284,0x6a85,0x6264,0x6244,0x6244,0x6264,0x6243,0x6a84,0x72a5,0x6aa5,0x6aa5,
0x6264,0x6264,0x6264,0x6264,0x6244,0x6244,0x6a64,0x6243,0x6244,0x6264,0x6a84,0x6a64,
0x6a84,0x6a85,0x6a85,0x6284,0x6a84,0x6a64,0x6a63,0x7a61,0x7a61,0x7a61,0x7a61,0x7a61,
0x7a61,0x7a61,0x7a61,0x7a61,0x7a61,0x7a61,0x8261,0x61e1,0x6244,0x6284,0x6a84,0x6264,
0x6244,0x6284,0x6264,0x6264,0x6264,0x5a24,0x5a23,0x5a23,0x59e3,0x5a03,0x51c3,0x51c3,
0x5204,0x41c3,0x41a4,0x39a3,0x3983,0x3963,0x41a4,0x49e5,0x4183,0x6a65,0x4a26,0x4a05,
0x39c5,0x39a4,0x3983,0x41c4,0x49c4,0x49c4,0x3963,0x3942,0x6ac5,0x41c4,0x3963,0x41a4,
0x41a4,0x39a4,0x3163,0x2923,0x2922,0x0000,0x0000,0x0000,0x0000,0x0000,0x0000,0x0000,
0x0000,0x0000,0x0000,0x0000,0x0000,0x0000,0x0000,0x9c0d,0xa46d,0xa40c,0x9c2d,0x9c2c,
0x93ec,0x72c8,0x49a2,0x49a3,0x7b09,0x834a,0x62c8,0x4a06,0x39a5,0x4a25,0x6ac8,0x8b89,
0x8b69,0x5a03,0x6245,0x938a,0x93aa,0x8b6a,0x8b49,0x9389,0x9389,0x8b69,0x8b49,0x8b49,
0x7ac8,0x6aa6,0x6a66,0x6286,0x4942,0x4122,0x4942,0x4942,0x4982,0x51a3,0x51c3,0x51c3,
0x51c3,0x51c3,0x5a03,0x5a03,0x5a44,0x6244,0x6264,0x6244,0x6244,0x5a44,0x5a03,0x5a03,
0x6244,0x6244,0x6244,0x6264,0x6264,0x5a24,0x5a23,0x6223,0x5a24,0x5a24,0x5a23,0x49a2,
0x4962,0x4942,0x4922,0x4122,0x4922,0x48e2,0x40e1,0x48c2,0x4101,0x48e2,0x48c2,0x40e1,
0x40e1,0x40e1,0x48c2,0x40e1,0x48e2,0x48e2,0x48e1,0x48e2,0x48e1,0x50e1,0x48e1,0x48e1,
0x48a1,0x48c0,0x48e1,0x48a1,0x48c0,0x48a1,0x50c1,0x48c1,0x48c1,0x5900,0x6a22,0x7a40,
0x7262,0x7a62,0x7a61,0x8261,0x7a62,0x7a62,0x8261,0x7a61,0x8261,0x7a62,0x7a61,0x7a61,
0x7a40,0x7a61,0x7a40,0x7a61,0x7a61,0x7240,0x7240,0x7a40,0x7a61,0x7240,0x7240,0x7240,
0x7240,0x7240,0x7240,0x7240,0x7220,0x7240,0x7220,0x7220,0x7220,0x7220,0x7220,0x7220,
0x7220,0x6a20,0x6a20,0x6a00,0x6a00,0x6201,0x6a00,0x6202,0x6202,0x6202,0x5a02,0x5a23,
0x6244,0x6a85,0x6aa5,0x72c5,0x7b05,0x7ae5,0x72c5,0x7ac5,0x72c5,0x6a85,0x6a64,0x5a24,
0x51e3,0x6201,0x6a00,0x7240,0x7a61,0x7a61,0x7a61,0x7a61,0x7a61,0x7a61,0x7a61,0x7a61,
0x7a61,0x7a61,0x7a61,0x8261,0x7a61,0x61c1,0x51c2,0x8326,0x8305,0x72a4,0x72a4,0x7ac4,
0x6aa4,0x7ac5,0x7ac5,0x6a84,0x5a44,0x5a24,0x5204,0x49e4,0x41e4,0x39a3,0x39a3,0x39a4,
0x4183,0x41a4,0x49e4,0x49c4,0x41a4,0x3983,0x4184,0x3963,0x51e3,0x6aa7,0x4a46,0x41e5,
0x41c4,0x39a4,0x41c4,0x49e4,0x4a05,0x49a3,0x4142,0x5a45,0x6a87,0x3143,0x3963,0x4184,
0x41a4,0x41a4,0x3163,0x2923,0x2902,0x0000,0x0000,0x0000,0x0000,0x0000,0x0000,0x0000,
0x0000,0x0000,0x0000,0x0000,0x0000,0x0000,0x0000,0x9bec,0xa42d,0xa42c,0x93ec,0x93ec,
0x93cb,0x93cc,0x5a44,0x51c3,0x4162,0x5a66,0x62a8,0x4206,0x39a5,0x4a26,0x72e8,0x938a,
0x93aa,0x6285,0x51e3,0x5a03,0x938a,0x9baa,0x9baa,0x93ca,0x93ab,0x9389,0x8b49,0x7b27,
0x7aa7,0x7aa7,0x72c8,0x6aa8,0x3081,0x3820,0x3820,0x3020,0x3820,0x3820,0x3820,0x3820,
0x3820,0x38a1,0x4940,0x49a2,0x51e3,0x6243,0x6aa4,0x6aa4,0x6a43,0x7ac4,0x8b67,0x93a7,
0x8b66,0x8b66,0x8b66,0x8b66,0x7ac4,0x72c5,0x8b66,0x93a7,0x93a7,0x93a7,0x4921,0x2820,
0x3820,0x3820,0x3820,0x3820,0x3820,0x3820,0x3820,0x3820,0x3820,0x4020,0x3840,0x4020,
0x3860,0x4040,0x4060,0x4020,0x4060,0x4060,0x4060,0x4060,0x4860,0x4060,0x4860,0x4860,
0x4860,0x4860,0x4860,0x4860,0x4860,0x48a1,0x4860,0x4880,0x4861,0x4860,0x48a1,0x69c0,
0x7a61,0x7a61,0x8261,0x8aa1,0x8aa1,0x8aa1,0x8aa1,0x8aa1,0x8aa1,0x8281,0x8281,0x8281,
0x7a61,0x8281,0x7a61,0x7a61,0x7a61,0x7a61,0x7a61,0x7a61,0x7a61,0x7a61,0x7a61,0x7a61,
0x7a61,0x7220,0x7240,0x7a40,0x7a40,0x7a40,0x7220,0x7240,0x7a40,0x7a40,0x7240,0x7220,
0x7a40,0x7220,0x7220,0x7220,0x7220,0x7220,0x7220,0x7220,0x7220,0x7220,0x7220,0x7220,
0x5a02,0x72a5,0x8305,0x8b87,0x93c7,0x93c7,0x8b86,0x8325,0x8305,0x6aa4,0x6223,0x5a23,
0x7a41,0x7a61,0x7a61,0x7a61,0x7a61,0x7a61,0x7a61,0x7a61,0x7a61,0x7a61,0x7a61,0x7a61,
0x7a61,0x7a61,0x8281,0x51a0,0x28a1,0x5a24,0xac69,0xe5ce,0xddac,0xbcaa,0xabe8,0x8346,
0x6aa4,0x6a43,0x5a03,0x49e4,0x41e4,0x41e4,0x41e5,0x4a05,0x49e5,0x41e4,0x49e4,0x5225,
0x5225,0x5225,0x5a46,0x5225,0x5204,0x41a4,0x4142,0x4162,0x93aa,0x5245,0x4a26,0x41e5,
0x41e5,0x41e4,0x49e5,0x4a05,0x4163,0x4142,0x4982,0x8389,0x2922,0x3123,0x3163,0x3983,
0x41a4,0x39a4,0x3163,0x2923,0x2122,0x0000,0x0000,0x0000,0x0000,0x0000,0x0000,0x0000,
0x0000,0x0000,0x0000,0x0000,0x0000,0x0000,0x0000,0x9bec,0x9c2c,0x9c2c,0x9c0c,0x93cb,
0x93cb,0x93cb,0x8349,0x51e3,0x49c3,0x4162,0x49a4,0x49c5,0x39c5,0x4a25,0x72e8,0x8b8a,
0x93cb,0x7b49,0x6244,0x4982,0x5a04,0x8b49,0x93ca,0x93ca,0x93ca,0x9389,0x8b49,0x7b08,
0x72c8,0x72c8,0x72c8,0x6aa8,0x3061,0x3020,0x3020,0x3020,0x3820,0x3820,0x3820,0x3820,
0x3820,0x4020,0x4020,0x4020,0x4060,0x48c1,0x5162,0x6223,0x72c5,0x8346,0x9386,0x93c8,
0x9387,0x9386,0x8b46,0x7ae5,0x8326,0x8b87,0x8b67,0x7b06,0x8326,0x8b67,0x59c3,0x3881,
0x3020,0x3820,0x3820,0x3020,0x3820,0x3820,0x3820,0x3820,0x3820,0x3820,0x3820,0x3840,
0x4020,0x3840,0x3860,0x4040,0x4040,0x4060,0x4040,0x4060,0x4060,0x4060,0x4860,0x4860,
0x4860,0x4860,0x4880,0x5080,0x4860,0x5081,0x5060,0x4860,0x5080,0x5060,0x5060,0x4880,
0x5940,0x7a41,0x8261,0x8aa1,0x8281,0x8281,0x8281,0x8aa1,0x8aa1,0x8281,0x8aa1,0x8281,
0x8281,0x8281,0x8281,0x7a61,0x7a61,0x7a61,0x7a61,0x7a61,0x7a61,0x7a61,0x7a61,0x7a61,
0x7a40,0x7240,0x7a40,0x7a40,0x7a40,0x7240,0x7a61,0x7240,0x7240,0x7220,0x7240,0x7a40,
0x7240,0x7220,0x7240,0x7220,0x7220,0x7220,0x7220,0x7220,0x7220,0x7220,0x7a40,0x6a20,
0x3921,0x4183,0x6aa5,0x8b66,0x9ba6,0x9b87,0x9366,0x8326,0x72c5,0x6aa4,0x6a43,0x7a40,
0x7a61,0x7a61,0x7a61,0x7a61,0x7a61,0x7a61,0x7a61,0x7a61,0x7a61,0x8281,0x7a61,0x7220,
0x7200,0x61e1,0x4182,0x6285,0x9be7,0xcd0a,0xdd8b,0xe5ac,0xc4ea,0xac49,0x7b06,0x7aa4,
0x82c2,0x6a85,0x4a47,0x4a05,0x41e5,0x41a4,0x49e4,0x4a05,0x4a25,0x4a25,0x5225,0x5a46,
0x5a46,0x5a45,0x5a46,0x5a66,0x51e4,0x4143,0x3921,0x72c7,0x6285,0x4a06,0x41e5,0x41e5,
0x41e4,0x41c4,0x4183,0x4162,0x4162,0x49a3,0x9bea,0x49c4,0x3123,0x3123,0x3163,0x3963,
0x39a4,0x39a3,0x3163,0x3143,0x2922,0x0000,0x0000,0x0000,0x0000,0x0000,0x0000,0x0000,
0x0000,0x0000,0x0000,0x0000,0x0000,0x0000,0x0000,0x93ec,0x9c2d,0x9c0d,0xa42b,0x93ec,
0x93cc,0x93cc,0x9c2c,0x6aa6,0x5a03,0x49a2,0x4162,0x4162,0x3943,0x5206,0x72e8,0x938a,
0x9bcb,0x93cb,0x6265,0x72c5,0x4182,0x49a3,0x8b49,0x9baa,0x93cb,0x9b89,0x8b89,0x8b49,
0x7b28,0x72c7,0x72e8,0x6aa7,0x3861,0x2820,0x2820,0x3020,0x3820,0x3820,0x3820,0x3820,
0x3820,0x3820,0x4020,0x4020,0x4820,0x4820,0x4820,0x4840,0x48e1,0x51c3,0x6264,0x72c5,
0x8305,0x8326,0x9386,0xb469,0xac49,0xac08,0x93a7,0x72c5,0x6244,0x59e3,0x4142,0x3142,
0x28e2,0x28c1,0x3060,0x3020,0x3020,0x3820,0x3820,0x3820,0x3820,0x4040,0x4040,0x4020,
0x3820,0x4040,0x4020,0x4040,0x4060,0x4060,0x4060,0x4860,0x4060,0x4060,0x4860,0x4860,
0x4860,0x4860,0x4860,0x4860,0x4860,0x4860,0x4860,0x4860,0x4860,0x4880,0x4860,0x5081,
0x4860,0x58c0,0x6a00,0x7a61,0x8281,0x8281,0x8aa1,0x8aa1,0x8aa1,0x8aa1,0x8281,0x8281,
0x8281,0x8281,0x8281,0x8261,0x8261,0x7a61,0x7a61,0x7a61,0x7a61,0x7a61,0x7a61,0x7a61,
0x7a61,0x7a61,0x7a40,0x7a61,0x7240,0x7a61,0x7a41,0x7a40,0x7240,0x7240,0x7220,0x7220,
0x7220,0x7a40,0x7220,0x7240,0x7220,0x7220,0x7a41,0x6a20,0x7221,0x61e0,0x4140,0x2880,
0x3102,0x6243,0x9365,0xa3a6,0xa3c6,0xa3c6,0x93a7,0x8326,0x72a5,0x6264,0x7220,0x7a61,
0x7240,0x7a61,0x7220,0x7a61,0x7a61,0x7a41,0x7a41,0x7221,0x6a01,0x4960,0x28c1,0x3102,
0x6244,0x8305,0xac08,0xc4a9,0xc4ca,0xb48a,0xac28,0x9b87,0x72a4,0x6223,0x7a61,0x9ae1,
0xa321,0x72a5,0x5247,0x4a25,0x41c4,0x41c4,0x41c4,0x49e4,0x49e4,0x4a05,0x5225,0x5a46,
0x5225,0x4a05,0x4a05,0x49c5,0x4162,0x3942,0x5a04,0x8bea,0x41e4,0x41e5,0x39c4,0x3983,
0x3943,0x3942,0x4162,0x4142,0x4963,0x940a,0x5205,0x3143,0x3143,0x3143,0x3123,0x3163,
0x3163,0x3163,0x3163,0x3163,0x2923,0x0000,0x0000,0x0000,0x0000,0x0000,0x0000,0x0000,
0x0000,0x0000,0x0000,0x0000,0x0000,0x0000,0x0000,0x8bcb,0x9c0c,0x93cc,0x93cb,0x93cb,
0x93cc,0x93cc,0x93cb,0x9c0b,0x5a04,0x5a23,0x49a2,0x4162,0x4142,0x3962,0x4983,0x6286,
0x8328,0x93ab,0x8328,0x6a85,0x6264,0x4162,0x4142,0x6a86,0x93cb,0x93ca,0x9369,0x8b49,
0x7b09,0x72c7,0x72c8,0x6287,0x3040,0x3020,0x3820,0x3020,0x3820,0x3820,0x3820,0x3820,
0x3820,0x4020,0x4020,0x4020,0x4820,0x4820,0x4820,0x4840,0x4820,0x3840,0x2061,0x4101,
0x6244,0x7b06,0x93a7,0xa3e8,0xac09,0xb468,0xb448,0xabe7,0x9ba6,0x9345,0x9386,0x8387,
0x6a85,0x49c3,0x41a3,0x3142,0x28e2,0x2881,0x2840,0x2840,0x2840,0x3040,0x3820,0x3840,
0x3840,0x4020,0x4040,0x4040,0x4040,0x4060,0x4060,0x4060,0x4860,0x4860,0x4860,0x4860,
0x4860,0x4880,0x4860,0x4861,0x4860,0x4860,0x4860,0x4860,0x4860,0x4860,0x50a1,0x4860,
0x5081,0x5081,0x50a1,0x6160,0x7a41,0x8281,0x8281,0x8aa1,0x8aa1,0x8aa1,0x8aa1,0x8aa1,
0x8281,0x8281,0x8281,0x8261,0x8261,0x8281,0x7a61,0x7a61,0x7a61,0x7a61,0x7a61,0x7a61,
0x7a61,0x7a61,0x7a61,0x7a61,0x7a61,0x7a41,0x7a40,0x7a41,0x7a61,0x7240,0x7220,0x7220,
0x6a00,0x69e0,0x61e0,0x51a0,0x4961,0x38e1,0x20a0,0x28c1,0x28c1,0x3121,0x49a2,0x82e4,
0xa3c6,0xac07,0xb468,0xb468,0x9bc7,0x8367,0x7ae5,0x6a85,0x6264,0x7a61,0x7a61,0x7a61,
0x7a61,0x7a61,0x7240,0x59c0,0x4941,0x30e1,0x20a0,0x28c1,0x3922,0x59e3,0x82e4,0x9365,
0xabe6,0xbc47,0xac07,0xac07,0xa3a6,0x7ae5,0x6244,0x6201,0x7a41,0x8281,0x92c1,0x9ae1,
0xa321,0x72a5,0x4a26,0x41e5,0x41c4,0x41a4,0x41a4,0x41a4,0x39a4,0x41c4,0x41e4,0x4a05,
0x41e4,0x39a4,0x3962,0x4162,0x3922,0x4162,0x9c4b,0x4983,0x4143,0x4142,0x4122,0x4142,
0x4162,0x4162,0x3962,0x49a2,0xa44b,0x72e6,0x2943,0x2943,0x3142,0x3143,0x3123,0x2923,
0x2943,0x3163,0x3163,0x3163,0x2922,0x0000,0x0000,0x0000,0x0000,0x0000,0x0000,0x0000,
0x0000,0x0000,0x0000,0x0000,0x0000,0x0000,0x0000,0x93ab,0x93cb,0x93ab,0x93ab,0x93ab,
0x93ab,0x93cb,0x93cb,0x93cb,0x7b08,0x51e3,0x5a44,0x49a2,0x4162,0x4162,0x4142,0x4122,
0x4162,0x4162,0x51c3,0x49c3,0x72c5,0x6264,0x4162,0x4162,0x59e4,0x8329,0x93aa,0x8b49,
0x8308,0x6ae8,0x72c8,0x6267,0x3040,0x3020,0x2820,0x3020,0x3820,0x3820,0x3820,0x3820,
0x4020,0x3820,0x4020,0x4020,0x4020,0x4820,0x4040,0x4840,0x4840,0x2820,0x1820,0x1820,
0x2020,0x4122,0x6a84,0x8b46,0x9b65,0xa3c6,0xa3c6,0xb427,0xb468,0xccea,0xcd0a,0xc4ea,
0xb489,0xac49,0x9be8,0x8b66,0x7ae5,0x6264,0x6223,0x51e3,0x4182,0x3962,0x4183,0x3942,
0x3942,0x30e1,0x30c1,0x28a1,0x2881,0x30a1,0x3060,0x3061,0x3081,0x3060,0x3060,0x3060,
0x3860,0x3860,0x3860,0x4081,0x3860,0x4081,0x4080,0x4081,0x4081,0x4081,0x4060,0x4081,
0x4060,0x4080,0x4060,0x3860,0x48e0,0x69e1,0x7221,0x7221,0x7221,0x7221,0x7221,0x7221,
0x7221,0x6a01,0x6a01,0x6a01,0x69e1,0x6a01,0x61e1,0x61c1,0x59a0,0x59c1,0x51a1,0x51a1,
0x51a1,0x51a1,0x5181,0x4961,0x4141,0x4141,0x3901,0x3101,0x30e1,0x28e1,0x28c1,0x28e1,
0x28e2,0x3122,0x3942,0x4183,0x5204,0x6264,0x7ae5,0x8b66,0x9b86,0xac07,0xa3a6,0x9ba6,
0xac28,0xa408,0x9387,0x8366,0x72e5,0x72a5,0x6a84,0x5a23,0x3941,0x3120,0x3100,0x30e0,
0x30e1,0x28c1,0x20c1,0x20c1,0x3942,0x51c2,0x6243,0x7ac4,0x8b45,0x9b86,0xabe7,0xabe7,
0xb447,0xac07,0x9ba6,0x8305,0x6a64,0x6222,0x7a40,0x7a61,0x7a61,0x8281,0x8aa1,0x92a1,
0xa321,0x6a84,0x4206,0x41e5,0x41a4,0x39a3,0x39a3,0x3983,0x3163,0x3184,0x39c4,0x41e4,
0x39a4,0x3942,0x4142,0x3962,0x4162,0x7308,0x5a25,0x3942,0x3962,0x4162,0x4162,0x4162,
0x3962,0x4182,0x6265,0xb4ee,0x7ae8,0x3122,0x3123,0x3163,0x3123,0x3143,0x3142,0x3123,
0x2923,0x3163,0x3163,0x3163,0x2922,0x0000,0x0000,0x0000,0x0000,0x0000,0x0000,0x0000,
0x0000,0x0000,0x0000,0x0000,0x0000,0x0000,0x0000,0x8bac,0x93cb,0x8baa,0x836a,0x936a,
0x8b6b,0x8b6b,0x93ab,0x836a,0x836a,0x6267,0x6223,0x6264,0x51c3,0x49a2,0x4162,0x4162,
0x4162,0x4162,0x4162,0x3962,0x6244,0x7b26,0x72a5,0x4982,0x4162,0x4162,0x7287,0x8b49,
0x7ae8,0x7aa7,0x6aa7,0x5a26,0x2820,0x3020,0x2020,0x3820,0x3820,0x3820,0x3820,0x3820,
0x3820,0x4020,0x4020,0x4020,0x4020,0x4840,0x4820,0x4820,0x4840,0x2820,0x1820,0x2020,
0x2020,0x1020,0x3901,0x9346,0x9ba6,0xbc48,0xd52a,0xe5ac,0xdd8c,0xd56b,0xd54b,0xc4ea,
0xc4ea,0xcce9,0xc4ea,0xbc89,0xb448,0xb407,0xabe6,0x9365,0x9345,0x9ba6,0x9c08,0x8b66,
0x8346,0x72e6,0x72c5,0x72c5,0x6a84,0x5a44,0x5a03,0x5a03,0x5a03,0x51c3,0x51c3,0x49a2,
0x4982,0x4162,0x3942,0x3942,0x3942,0x3102,0x3102,0x3122,0x3122,0x2902,0x2942,0x3102,
0x2902,0x2902,0x3102,0x2902,0x2902,0x2902,0x28e1,0x28e1,0x20a1,0x28e1,0x28e1,0x28e1,
0x28e2,0x28e1,0x3122,0x2922,0x3122,0x2922,0x3162,0x3921,0x3142,0x3942,0x3942,0x4182,
0x4982,0x49a2,0x51e3,0x51c3,0x51c3,0x5a24,0x6a84,0x72e6,0x8326,0x7ac4,0x8b45,0x8b45,
0xac28,0xc4ca,0xcd2b,0xc4ea,0xc4ca,0xb448,0xac28,0x9b86,0x9386,0xa428,0xa428,0x93c7,
0x93a7,0x93a7,0x8326,0x7b05,0x6aa5,0x6a84,0x5a03,0x49a2,0x3942,0x3942,0x4182,0x51c3,
0x51c3,0x5a03,0x6a43,0x82e5,0x9365,0x8b87,0x9bc7,0xa428,0xac48,0xac28,0xb448,0xac48,
0xac48,0x8b87,0x6aa4,0x5a23,0x7240,0x7a61,0x7a61,0x7a61,0x7a61,0x8261,0x8aa1,0x92c1,
0xa321,0x6264,0x39e5,0x39a4,0x39a4,0x39a3,0x3984,0x3983,0x3163,0x31a4,0x39e4,0x3983,
0x4122,0x4162,0x4122,0x4162,0x5204,0x6a84,0x4162,0x4162,0x3962,0x4162,0x3962,0x4162,
0x51e3,0x9386,0xbd4f,0x7b26,0x49a2,0x3983,0x3163,0x3963,0x3983,0x3963,0x3163,0x3123,
0x3123,0x3163,0x3963,0x3963,0x2922,0x0000,0x0000,0x0000,0x0000,0x0000,0x0000,0x0000,
0x0000,0x0000,0x0000,0x0000,0x0000,0x0000,0x0000,0x8bab,0x93cb,0x8b8b,0x834a,0x834a,
0x834a,0x8b6a,0x8b69,0x8b69,0x8b49,0x7309,0x51e3,0x6244,0x6a85,0x4982,0x4982,0x4982,
0x4162,0x4182,0x4162,0x4162,0x4162,0x72c6,0x93a9,0x72c5,0x4982,0x4162,0x4142,0x59e4,
0x7ac8,0x72c8,0x6aa7,0x5a05,0x3020,0x2820,0x3820,0x3020,0x3820,0x3820,0x3820,0x3820,
0x4020,0x3820,0x4020,0x4020,0x4040,0x4820,0x4820,0x4820,0x4840,0x2020,0x1820,0x2020,
0x30e1,0x49a3,0x5a03,0x6223,0x6a43,0x7b06,0x8326,0x8326,0x8b66,0x8b66,0x8346,0x8326,
0x8306,0x7b05,0x8305,0x82e5,0x72a4,0x72a4,0x7aa4,0x8305,0x8b46,0x8b87,0x93a7,0x8b67,
0x8367,0x8b46,0x7b26,0x7b26,0x7b06,0x7ae5,0x72c5,0x72c5,0x72c5,0x72a5,0x6a84,0x6264,
0x6264,0x6a84,0x6264,0x5a24,0x6a64,0x6264,0x6264,0x6264,0x6264,0x6264,0x6a84,0x6264,
0x6a84,0x6a84,0x6264,0x6a84,0x6264,0x6264,0x5a03,0x51e3,0x6223,0x6223,0x6264,0x5a24,
0x6244,0x6a84,0x6a84,0x6aa5,0x6aa5,0x6aa5,0x6aa5,0x5a23,0x6a43,0x7284,0x72e5,0x72e5,
0x72e5,0x7b26,0x8326,0x7ae5,0x7284,0x7ac5,0x8326,0x8b46,0x7b26,0x72e5,0x72a4,0x6a43,
0x7b26,0x7b05,0x7ae5,0x7ae5,0x7ac5,0x6a84,0x6264,0x6243,0x6223,0x6a84,0x72c5,0x6aa4,
0x6a85,0x6aa5,0x6264,0x6a84,0x6a84,0x5a24,0x6264,0x6264,0x6243,0x6243,0x6243,0x6243,
0x6243,0x72a4,0x7b06,0x7b06,0x7b06,0x72e5,0x72e5,0x7ac5,0x72c5,0x72e5,0x7b26,0x8326,
0x72c5,0x5a23,0x5a23,0x7241,0x7a61,0x7a61,0x7a61,0x7a61,0x7a61,0x8281,0x8aa1,0x92e1,
0xa321,0x6264,0x39e5,0x39a4,0x3184,0x3983,0x39a4,0x41a4,0x41c4,0x41c4,0x4143,0x3942,
0x3941,0x4142,0x4142,0x4162,0x49a2,0x4162,0x4162,0x4182,0x4162,0x49a2,0x5a44,0x8346,
0xb4ed,0xbd4f,0x7b27,0x49a3,0x51c3,0x4182,0x3983,0x41a4,0x41a4,0x41a4,0x3963,0x3163,
0x3163,0x3983,0x3984,0x4183,0x3143,0x0000,0x0000,0x0000,0x0000,0x0000,0x0000,0x0000,
0x0000,0x0000,0x0000,0x0000,0x0000,0x0000,0x0000,0x8b8b,0x8bac,0x93cb,0x93cb,0x8b8b,
0x8b6a,0x8b49,0x8b89,0x8b6a,0x8b49,0x7309,0x51e4,0x4162,0x6aa5,0x7b26,0x49a3,0x4162,
0x49a2,0x49a2,0x4982,0x49a2,0x4162,0x4182,0x7b27,0x8388,0x7b26,0x49a3,0x4162,0x3962,
0x4962,0x7287,0x6aa7,0x51e5,0x3020,0x3020,0x3020,0x3020,0x3820,0x3820,0x3820,0x4020,
0x3820,0x3820,0x4020,0x4020,0x4820,0x4820,0x4820,0x4840,0x4020,0x2020,0x2020,0x4982,
0x72a5,0x72c5,0x72c5,0x7284,0x6244,0x7b06,0x8366,0x8346,0x7b06,0x8366,0x8b46,0x8b26,
0x7b06,0x7b05,0x82e4,0x72a5,0x72a4,0x82e4,0x9387,0x9be7,0x93a7,0x9387,0x9387,0x8b87,
0x8b46,0x7b26,0x8b46,0x8b46,0x8326,0x8b26,0x8b26,0x8b25,0x82e4,0x8b25,0x8b25,0x8b25,
0x82e4,0x8b25,0x8305,0x8b25,0x9345,0x8b26,0x8b46,0x9365,0x8b66,0x9366,0x8b66,0x93a7,
0x9be7,0x9be7,0x9be8,0xa449,0xa428,0xa449,0xa3e8,0x9ba6,0x8b25,0x8b45,0x9365,0x9365,
0x9b86,0x93a7,0x9bc7,0x9be7,0x9be7,0x9be7,0xa448,0xa428,0x8b66,0x9345,0x9386,0x9b66,
0xa3e7,0xabe8,0xac28,0xac49,0x9be8,0x8b46,0x9365,0x9ba7,0x9bc7,0x9ba7,0x9345,0x8b46,
0xa428,0xac69,0xa449,0xa408,0xabe8,0x9bc7,0x9365,0x9365,0x9b46,0xac49,0xb489,0xbca9,
0xac69,0xa428,0xabe8,0xa408,0xabe8,0xa3a6,0x9bc7,0xa3a6,0x9b86,0x9365,0x9b86,0x9ba6,
0xac48,0xb489,0xac49,0xbcca,0xbca9,0xac69,0xac49,0xac48,0x9bc7,0x7b06,0x6284,0x6a84,
0x51e3,0x5a03,0x7220,0x7a61,0x7a61,0x7a61,0x7a61,0x7a61,0x7a61,0x8261,0x8aa1,0x8aa1,
0xa321,0x6264,0x41e5,0x39e4,0x39a4,0x39a4,0x41c4,0x49e4,0x49c4,0x4163,0x4142,0x4142,
0x4162,0x4122,0x4162,0x4162,0x4162,0x4162,0x4982,0x49c3,0x6264,0x8ba7,0xac8a,0xbd4f,
0xa44b,0x72c5,0x51c3,0x4162,0x4162,0x4162,0x4184,0x41a4,0x49e4,0x49c3,0x4184,0x3963,
0x3963,0x3963,0x41a4,0x41a4,0x39a3,0x0000,0x0000,0x0000,0x0000,0x0000,0x0000,0x0000,
0x0000,0x0000,0x0000,0x0000,0x0000,0x0000,0x0000,0x8b8b,0x93ec,0x93cc,0x93cb,0x93ab,
0x8b6a,0x936a,0x8b89,0x8329,0x7b09,0x6246,0x4983,0x4142,0x4162,0x6264,0x93a7,0x7ae6,
0x49a2,0x4162,0x49c2,0x51a3,0x4182,0x4162,0x4162,0x51e3,0x6a86,0x8b66,0x5203,0x4162,
0x4142,0x4143,0x5a25,0x59e5,0x3020,0x3020,0x3020,0x3020,0x3820,0x3820,0x3820,0x4020,
0x3820,0x4020,0x4020,0x4020,0x4820,0x4820,0x4840,0x4820,0x4040,0x2020,0x3101,0xb469,
0xbc89,0xac07,0xa3c6,0xa3a6,0xb448,0xc4ea,0xc4ea,0xbcaa,0xc4ca,0xccc9,0xbca9,0xb448,
0xb448,0xabe6,0x9ba6,0xa3e6,0xbc88,0xc4ea,0xcd0a,0xcd0a,0xbcca,0xc4ca,0xbca9,0xb468,
0xb489,0xb428,0xb427,0xb407,0xa3c6,0xa3c6,0xac07,0xac07,0xb448,0xb448,0xac07,0xbc68,
0xbc89,0xbc88,0xb448,0xbc88,0xbc68,0xbc68,0xbc48,0xac07,0xabe6,0xabe6,0xabe6,0xb427,
0xc488,0xccc9,0xcce9,0xcce9,0xd52a,0xc4ea,0xcd0a,0xcd2b,0xd52b,0xc4ca,0xbc48,0xb407,
0xbc67,0xb427,0xbc68,0xcce9,0xc4c9,0xcd0a,0xd54b,0xdd8b,0xd54b,0xc4ea,0xb447,0xabe6,
0xbc68,0xc4a9,0xc4c9,0xd54b,0xcd2a,0xd54b,0xbc89,0xac07,0xb427,0xac07,0xb427,0xd54b,
0xd56b,0xc4ea,0xc4ea,0xc4a9,0xbc68,0xb448,0xb427,0xbc68,0xd52b,0xcd2b,0xcd2a,0xcd2a,
0xd50a,0xcd0a,0xcce9,0xc489,0xbc68,0xb427,0xac07,0xac07,0xbc88,0xc4c9,0xcd2a,0xd54b,
0xcd0a,0xcd2a,0xc4ea,0xd50a,0xcd0a,0xcce9,0xc4a9,0xbca9,0xc4a9,0xac07,0x8b25,0x5a45,
0x7b27,0x72a3,0x7a61,0x7a61,0x7a61,0x7a61,0x7a61,0x7a61,0x7a61,0x8261,0x8aa1,0x92a1,
0xa301,0x6244,0x4a26,0x4a05,0x4a05,0x5205,0x5205,0x5206,0x4162,0x4122,0x4142,0x4142,
0x4162,0x4162,0x3962,0x4122,0x4142,0x4122,0x49a2,0x93e8,0xa48b,0xa48c,0x9c0b,0x8368,
0x6265,0x4982,0x4162,0x4162,0x4162,0x4162,0x4162,0x4162,0x49e4,0x49e4,0x49c4,0x41a4,
0x41a4,0x41a4,0x49c4,0x49e4,0x41a4,0x0000,0x0000,0x0000,0x0000,0x0000,0x0000,0x0000,
0x0000,0x0000,0x0000,0x0000,0x0000,0x0000,0x0000,0x8bac,0x93ec,0x93cc,0x93cb,0x8bab,
0x8b89,0x834a,0x7b29,0x49a2,0x4122,0x4162,0x4142,0x4142,0x4122,0x4142,0x51e3,0x8366,
0x8366,0x6244,0x51e3,0x5a03,0x6264,0x5a03,0x4982,0x4162,0x3962,0x6285,0x93c8,0x6244,
0x4982,0x4162,0x4142,0x4943,0x2820,0x2820,0x2820,0x3820,0x3820,0x3820,0x3820,0x3820,
0x4020,0x3820,0x4040,0x4020,0x4820,0x4820,0x4820,0x4820,0x4020,0x2020,0x7285,0xccea,
0xbc68,0xa3c7,0xb407,0xc4a9,0xcd2b,0xcd2a,0xd54b,0xcd0a,0xcd0a,0xcce9,0xbc68,0xb407,
0xb427,0xb427,0xc4a9,0xdd6b,0xdd8c,0xcd2b,0xcd0a,0xc4a9,0xbca9,0xbc68,0xbc68,0xb447,
0xbc47,0xb447,0xb448,0xbc89,0xccea,0xcd2b,0xd54b,0xd56b,0xd56b,0xd56b,0xd52b,0xd54b,
0xcd2b,0xdd8c,0xd54b,0xd54b,0xdd8c,0xdd8c,0xdd8c,0xd54b,0xd54b,0xd54b,0xc4c9,0xc4a9,
0xccc8,0xbc68,0xbc68,0xbc68,0xc4a8,0xc488,0xccc9,0xccea,0xd52a,0xcd2a,0xd54b,0xcd2b,
0xcce9,0xb448,0xac07,0xb447,0xc4a9,0xccc9,0xd52a,0xdd6b,0xcd2a,0xd56b,0xddac,0xc4c9,
0xb447,0xb448,0xc488,0xcd0a,0xc4ca,0xd54b,0xd56b,0xcd0a,0xbc68,0xccc8,0xdd6c,0xdd8b,
0xcd2b,0xc4ea,0xc489,0xbc68,0xb407,0xc488,0xd52a,0xd56b,0xcd2b,0xd56b,0xcd0a,0xc4ea,
0xccc9,0xcca9,0xbc68,0xb427,0xac07,0xbc68,0xcce9,0xd54b,0xd54b,0xd54b,0xcd0a,0xd52b,
0xccea,0xc4c9,0xbc89,0xb448,0xb448,0xb448,0xb407,0xbc47,0xbc68,0xb448,0xac07,0x8306,
0x9c2c,0x7a83,0x7a61,0x7a61,0x7a61,0x7a61,0x7a61,0x7a61,0x7a61,0x7a61,0x8281,0x92c1,
0xa321,0x5a45,0x4a25,0x5246,0x5266,0x5a66,0x5a45,0x4183,0x3942,0x3942,0x4162,0x4982,
0x4142,0x4122,0x4142,0x3921,0x4142,0x4982,0x6a85,0x7b28,0x8348,0x8348,0x6aa6,0x4962,
0x3942,0x4162,0x4182,0x4182,0x4982,0x4182,0x4162,0x4162,0x49a2,0x5204,0x49c4,0x49c4,
0x49c4,0x49e4,0x49c4,0x49e5,0x41c4,0x0000,0x0000,0x0000,0x0000,0x0000,0x0000,0x0000,
0x0000,0x0000,0x0000,0x0000,0x0000,0x0000,0x0000,0x8bac,0x93ec,0x93ec,0x8bab,0x8b8b,
0x834a,0x8b49,0x6aa7,0x4162,0x3921,0x4122,0x3942,0x4162,0x4162,0x49a2,0x51c3,0x5a03,
0x72e5,0x8b87,0x93c9,0xa48d,0x72c6,0x7ae5,0x8346,0x5203,0x49a2,0x4162,0x5a24,0x9c08,
0x72c5,0x49a2,0x4162,0x4102,0x3860,0x2820,0x2020,0x2820,0x3820,0x3820,0x3820,0x3820,
0x4020,0x3820,0x4020,0x4020,0x4820,0x4840,0x4840,0x4840,0x4020,0x2020,0x9366,0xb427,
0xa3c6,0xb447,0xd56c,0xd56b,0xcd2b,0xd52a,0xd52a,0xccea,0xccc9,0xc4a9,0xac07,0xb447,
0xdd6a,0xd54b,0xd56b,0xc4ea,0xcd0a,0xcce9,0xc4a9,0xc487,0xac07,0xabe7,0xc488,0xcd2a,
0xdd8b,0xd56c,0xcd2b,0xcd2b,0xd54b,0xcd2b,0xcd2b,0xcd2b,0xd52a,0xd54b,0xcd2b,0xcd2a,
0xd50a,0xdd6b,0xd52b,0xcd2b,0xcd2a,0xcd2b,0xd52a,0xd54b,0xd54b,0xddab,0xd56b,0xddac,
0xddac,0xd56b,0xdd6c,0xd50a,0xcce9,0xc467,0xb427,0xbc48,0xcce9,0xc4c9,0xc4ea,0xcd2b,
0xdd6c,0xd56b,0xd54b,0xccc8,0xbc47,0xbc47,0xc4a9,0xc4ea,0xc4ea,0xcd2a,0xd56b,0xdd8c,
0xddac,0xc4ca,0xabe6,0xbc68,0xc4a9,0xcd0a,0xcd2b,0xd56b,0xdd8c,0xddac,0xd56b,0xcd2b,
0xc4c9,0xbc89,0xac07,0xa3a6,0xccea,0xdd8c,0xdd8c,0xd54b,0xcd0a,0xd52a,0xcd0a,0xbca9,
0xbc68,0xb427,0xc467,0xcd0a,0xe5ac,0xd56b,0xdd8c,0xcd2b,0xc4ca,0xc4ea,0xbca9,0xc489,
0xb427,0xb407,0xb427,0xb468,0xc489,0xcd0a,0xd54b,0xdd8c,0xddac,0xe5ac,0xcd0a,0x8b88,
0x93ca,0x7a82,0x7a61,0x7a61,0x7a61,0x7a61,0x7a61,0x7a61,0x7a61,0x7a61,0x8281,0x8aa1,
0x9b01,0x5225,0x4a25,0x5246,0x5266,0x5a66,0x49a3,0x4122,0x3962,0x4162,0x5a03,0x4141,
0x3942,0x3962,0x4142,0x4122,0x4142,0x6245,0x93ea,0x8368,0x51e3,0x3942,0x4122,0x3921,
0x4122,0x4122,0x4162,0x4162,0x3962,0x3962,0x4162,0x4182,0x49a2,0x49e5,0x49e4,0x49e4,
0x49c4,0x49e4,0x49e4,0x49e5,0x41a4,0x0000,0x0000,0x0000,0x0000,0x0000,0x0000,0x0000,
0x0000,0x0000,0x0000,0x0000,0x0000,0x0000,0x0000,0x8bac,0x93ec,0x93cc,0x8bab,0x8b6b,
0x834a,0x7b2a,0x5a05,0x51e3,0x5a04,0x6264,0x72c5,0x7b26,0x8346,0x8b66,0x8b87,0x8b67,
0x8b87,0x8346,0x8326,0x8ba8,0xb4ed,0xa42b,0x72e6,0x8b87,0x7ae5,0x51c3,0x4182,0x49e4,
0x8ba8,0x7ae5,0x49a2,0x4162,0x3942,0x3060,0x3820,0x3020,0x3820,0x3820,0x3820,0x3820,
0x4020,0x4020,0x4020,0x4020,0x4040,0x4820,0x4820,0x4840,0x4820,0x2840,0x9b86,0xac07,
0xc4c9,0xcd2a,0xcd0a,0xd54b,0xcd0a,0xcce9,0xc4a9,0xb448,0xac07,0xbc68,0xccea,0xdd8b,
0xdd8c,0xcd2b,0xc4c9,0xbc88,0xb448,0xb447,0xbc67,0xcce9,0xcd0a,0xd54b,0xd54b,0xd54b,
0xd54b,0xd54b,0xd54b,0xcd2a,0xcd0a,0xc4ca,0xc4ca,0xc4ea,0xc4ea,0xd509,0xc4ea,0xcd0a,
0xcce9,0xcce9,0xc4c9,0xc4c9,0xc4ea,0xc4c9,0xc4c9,0xc4ea,0xc4ea,0xccea,0xcd0a,0xcd2a,
0xd54b,0xd54b,0xd54b,0xd56b,0xdd8c,0xdd8c,0xd54b,0xccea,0xbc68,0xb427,0xb448,0xc4a9,
0xd52a,0xd52a,0xdd8c,0xe5ed,0xdd8b,0xbc88,0xb427,0xb427,0xbc88,0xc4ca,0xd52a,0xdd8b,
0xdd8c,0xddac,0xd54b,0xbc68,0xb407,0xc488,0xcd0a,0xd52b,0xdd8c,0xd56b,0xd54b,0xcd0a,
0xccc9,0xac07,0xb448,0xdd4b,0xddac,0xdd8c,0xd54b,0xcd0a,0xc4ea,0xbc88,0xbc68,0xb447,
0xb427,0xccea,0xdd8c,0xd56c,0xddab,0xd54b,0xd50a,0xc4c9,0xbc88,0xb427,0xbc67,0xc4c9,
0xccea,0xd54b,0xdd8c,0xddac,0xd54b,0xdd8c,0xd56b,0xcd0b,0xd54b,0xd52b,0xcd0a,0x9367,
0x7b07,0x7a61,0x7a61,0x7a61,0x7a61,0x7a61,0x7a61,0x7a61,0x7a61,0x7a61,0x8281,0x7241,
0x71c1,0x49e4,0x4a25,0x4a45,0x5246,0x41c4,0x4142,0x3941,0x4162,0x49a2,0x4162,0x4142,
0x4142,0x51c3,0x51c3,0x72c7,0x8368,0x72e7,0x49a3,0x4142,0x4162,0x4982,0x4142,0x3922,
0x3922,0x4162,0x4162,0x4142,0x4142,0x4162,0x4182,0x5203,0x49a2,0x49e5,0x49e4,0x49e4,
0x41a4,0x41e4,0x49e4,0x49e4,0x41a4,0x0000,0x0000,0x0000,0x0000,0x0000,0x0000,0x0000,
0x0000,0x0000,0x0000,0x0000,0x0000,0x0000,0x0000,0x8b8b,0x93cc,0x93ec,0x8bab,0x836b,
0x7b29,0x7309,0x6286,0x9c29,0x9be8,0x93c7,0x93c7,0x93a7,0x93c7,0x93c7,0x93c7,0x93c7,
0x93c7,0x93c7,0x93c7,0x93a7,0x7b26,0x8347,0xa46b,0x62c6,0x9c2b,0x8b87,0x5a23,0x4162,
0x51e3,0xacac,0x7b06,0x49a2,0x4162,0x38e1,0x3820,0x2820,0x3820,0x3860,0x4101,0x38a1,
0x3840,0x4020,0x4020,0x4020,0x4820,0x4820,0x4820,0x4820,0x4840,0x3881,0xac07,0xd56b,
0xdd8c,0xd52a,0xc4ea,0xc4ca,0xbc89,0xb427,0xb407,0xac07,0xc4c9,0xd54b,0xcd2a,0xcd2a,
0xccea,0xbc68,0xb407,0xabe7,0xbc48,0xbcaa,0xdd6c,0xd54b,0xcd2a,0xcd0a,0xbcca,0xc4ea,
0xc4ca,0xc4ca,0xc4ca,0xc4c9,0xc489,0xbc68,0xbc88,0xc488,0xb448,0xb447,0xb407,0xb427,
0xb427,0xb427,0xb427,0xb427,0xac07,0xbc68,0xb407,0xb448,0xb448,0xb468,0xbc89,0xc4ca,
0xc4ea,0xcd0a,0xd52a,0xcd0a,0xd52b,0xd54b,0xd56b,0xdd8c,0xe5cc,0xd56b,0xccea,0xbc68,
0xc487,0xc488,0xccea,0xd54b,0xddac,0xddac,0xe5cd,0xc4a8,0xb427,0xbc88,0xcce9,0xdd8b,
0xd54b,0xcd2a,0xe5ac,0xe62d,0xccea,0xb427,0xc488,0xcd0a,0xcd2b,0xcd2b,0xc4c9,0xc488,
0xbc47,0xccea,0xe60d,0xe5ce,0xe5cd,0xdd8c,0xcd2a,0xccea,0xc4a9,0xabe7,0xac07,0xdd4b,
0xee4e,0xee2d,0xe5cd,0xd54b,0xd54b,0xccc9,0xc488,0xc487,0xc4ea,0xdd8c,0xee4f,0xf66f,
0xe5cd,0xddac,0xddac,0xdd8c,0xcd2a,0xcd0a,0xd52b,0xbcaa,0xc4ca,0xc4ca,0xbca9,0x8b46,
0x72c5,0x7a61,0x7a61,0x7a61,0x7a61,0x7a61,0x7a61,0x7a61,0x7a61,0x7a41,0x59c0,0x4122,
0x4162,0x4162,0x41a4,0x4163,0x4163,0x4162,0x4122,0x4162,0x5203,0x4142,0x3962,0x4162,
0x6a85,0x8ba9,0x8b49,0x7306,0x4142,0x3921,0x4122,0x3921,0x4162,0x49a2,0x3942,0x4122,
0x4122,0x4122,0x4162,0x4162,0x4162,0x4162,0x6264,0x6244,0x5a23,0x41e5,0x49e5,0x41a4,
0x41a4,0x41e4,0x4a05,0x4a05,0x41a4,0x0000,0x0000,0x0000,0x0000,0x0000,0x0000,0x0000,
0x0000,0x0000,0x0000,0x0000,0x0000,0x0000,0x0000,0x7b4a,0x8b8b,0x8b8b,0x7b4a,0x7309,
0x6ae9,0x6287,0x5a24,0xaccd,0xa428,0xa488,0x9c28,0x9c08,0x9c28,0x9c08,0x9c08,0x9be8,
0x9bc7,0x93c7,0x9c08,0x93c7,0x9be8,0x93e8,0x93a7,0x8b67,0x8308,0x8348,0xa44b,0x6aa5,
0x49a2,0x49a3,0x93c9,0x7b46,0x49a2,0x3942,0x3922,0x3922,0x38e1,0x4142,0x4162,0x4162,
0x4122,0x4040,0x4020,0x4020,0x4820,0x4820,0x4840,0x4820,0x4840,0x48a1,0xb448,0xcd0a,
0xc4ea,0xc4ea,0xc4ea,0xb468,0xb427,0xa3c6,0xbc89,0xd54b,0xd56b,0xcd2a,0xcd2b,0xccc9,
0xbc48,0xac07,0xbca9,0xd52b,0xe5cd,0xdd8c,0xddac,0xcd2b,0xcd2a,0xcd0a,0xbca9,0xc4ca,
0xbc68,0xb427,0xabe6,0xac07,0xb407,0xc4a8,0xccc9,0xc4c9,0xccea,0xccea,0xccea,0xd54b,
0xd54b,0xd52b,0xdd6b,0xdd6b,0xcd0a,0xd50a,0xc4ca,0xccea,0xc4a9,0xb448,0xb427,0xac07,
0xb447,0xbc68,0xc489,0xc4a9,0xc4c9,0xccea,0xcd2b,0xcd2b,0xcd2b,0xcd2b,0xe5cd,0xe5cc,
0xd52b,0xbc68,0xb427,0xbc68,0xd509,0xcd0a,0xd54b,0xddac,0xddcc,0xbc88,0xb427,0xbc48,
0xc4a9,0xccea,0xd56b,0xddac,0xdd8c,0xd52b,0xc488,0xc467,0xcce9,0xbca9,0xb447,0xc467,
0xd54c,0xe60d,0xdd6c,0xdd6c,0xdd6c,0xd52b,0xc4c9,0xcca8,0xc488,0xd54b,0xe5cd,0xee0e,
0xddcd,0xe5cc,0xdd4b,0xc488,0xbc47,0xbc68,0xd56b,0xe5ac,0xee6e,0xee4e,0xe5ed,0xddcd,
0xddac,0xddac,0xdd8c,0xdd6b,0xc4ea,0xbca9,0xbca9,0xbc68,0xbc48,0xac07,0xa3c6,0x7ae5,
0x82e5,0x8281,0x7a61,0x7a61,0x7a61,0x7a61,0x7a61,0x7a61,0x7a61,0x6a01,0x4142,0x4142,
0x4162,0x4982,0x4162,0x3962,0x4162,0x3921,0x4182,0x6264,0x4162,0x4142,0x4162,0x7b27,
0x9beb,0x72e6,0x49c3,0x4162,0x4122,0x3942,0x3942,0x4122,0x3921,0x4142,0x3921,0x3942,
0x4122,0x4142,0x4142,0x4162,0x49a2,0x5a23,0x93ca,0x6a85,0x72c5,0x49e5,0x41c4,0x39a4,
0x39a4,0x41e4,0x4a05,0x5225,0x4a05,0x0000,0x0000,0x0000,0x0000,0x0000,0x0000,0x0000,
0x0000,0x0000,0x0000,0x0000,0x0000,0x0000,0x0000,0x5aa8,0x6ae9,0x62ea,0x62c8,0x5a87,
0x4a27,0x41e6,0x51e3,0x7b27,0xac8c,0x9c0a,0xa489,0xac69,0xac69,0xa449,0x9c28,0x9c28,
0x9c28,0x9c28,0x9c28,0x9c28,0x9c28,0x9c28,0x9c28,0x9c08,0x8b87,0x8346,0x8ba9,0xa48a,
0x7305,0x49a2,0x49a3,0x93c9,0x72c5,0x4142,0x4162,0x4162,0x3942,0x4142,0x4982,0x49a2,
0x4162,0x3901,0x4020,0x4040,0x4040,0x4820,0x4820,0x4840,0x4820,0x4881,0xac48,0xc4ea,
0xc4ca,0xbc89,0xc488,0xac07,0xac07,0xd54b,0xdd8c,0xcd2b,0xc4ea,0xbca9,0xb448,0xac07,
0xc489,0xddad,0xdd8c,0xd54c,0xd54b,0xd54b,0xd54b,0xc4ea,0xbc89,0xb469,0xb448,0xb448,
0xb427,0xbc68,0xcd0a,0xcd2b,0xddac,0xe60d,0xe5cd,0xd58c,0xdd8c,0xd56c,0xcd2b,0xd56c,
0xd56c,0xd56c,0xd56b,0xd54b,0xd56b,0xd54b,0xcd2b,0xcd2b,0xd56c,0xd54b,0xd54b,0xd54b,
0xd54b,0xc4c9,0xb448,0xbc47,0xb427,0xb407,0xb448,0xc488,0xccea,0xc4ea,0xd54b,0xdd4b,
0xd54b,0xd56c,0xd54b,0xbc68,0xb427,0xb448,0xc4a9,0xd52a,0xdd8b,0xe5cc,0xcd0a,0xb427,
0xb427,0xc4a8,0xc4a9,0xccea,0xd52b,0xd56b,0xd56c,0xc4a9,0xc467,0xb427,0xbc48,0xe5ac,
0xddac,0xdd8c,0xcd0a,0xc4ea,0xc4a9,0xbc48,0xb427,0xbc68,0xdd6b,0xe5ac,0xd52b,0xd50a,
0xccea,0xc4a9,0xbc47,0xbc68,0xcd2b,0xddac,0xdd8c,0xdd8c,0xdd8c,0xdd8c,0xcd2a,0xccea,
0xc4ca,0xc4a9,0xc468,0xbc68,0xbc68,0xbc48,0xb427,0xbc68,0xc4a9,0xc4c9,0xc4c9,0x8b46,
0x8346,0x8261,0x7a61,0x7a61,0x7a61,0x7a61,0x7a61,0x7a61,0x7a61,0x51a1,0x4122,0x4162,
0x4162,0x49a2,0x4982,0x3962,0x4982,0x4162,0x6264,0x5204,0x3942,0x4182,0x8ba8,0x9c4b,
0x6264,0x4162,0x4162,0x4162,0x4122,0x4122,0x4122,0x3921,0x4122,0x3921,0x4122,0x4122,
0x3942,0x4162,0x49a2,0x49a2,0x51c3,0x8367,0x9be9,0x72c5,0x7b06,0x49e5,0x41c5,0x39a4,
0x3984,0x41c4,0x4a05,0x5266,0x5225,0x0000,0x0000,0x0000,0x0000,0x0000,0x0000,0x0000,
0x0000,0x0000,0x0000,0x0000,0x0000,0x0000,0x0000,0x4207,0x4a27,0x4a27,0x4a27,0x41e6,
0x39a5,0x3164,0x5a24,0x49c2,0x93ea,0xaccd,0x7b06,0x8387,0xac49,0xacac,0xb4aa,0xac49,
0xa448,0xa448,0xa448,0xa448,0xac48,0x9c28,0xa448,0xa428,0x9c28,0x93c7,0x8b87,0x8308,
0xa46b,0x7306,0x49a2,0x51c4,0x9448,0x5a03,0x4162,0x4182,0x3942,0x3962,0x49a2,0x49a2,
0x4182,0x3942,0x4040,0x4020,0x4820,0x4840,0x4820,0x4840,0x4820,0x5081,0xa3e8,0xc4a9,
0xbc68,0xb448,0xa3c6,0xc4a9,0xdd8c,0xd54b,0xbcca,0xbca9,0xa3c7,0x9365,0xb448,0xcd0a,
0xbccb,0xbcca,0xbcca,0xbcaa,0xbc89,0xac49,0xa3e8,0x9367,0xa3a6,0xa3a6,0xb489,0xcd0a,
0xd54b,0xc50a,0xccea,0xcd0b,0xcd2a,0xbcca,0xbcca,0xc4ca,0xb489,0xbcca,0xbca9,0xbc89,
0xbca9,0xc4c9,0xac48,0xc4ca,0xc4ca,0xac49,0xbcaa,0xbca9,0xbcca,0xbcca,0xbcca,0xc4ea,
0xc4ea,0xcd2b,0xcd2a,0xd54b,0xcd0a,0xbc88,0xb427,0xb427,0xabe7,0xac48,0xbc68,0xc4ca,
0xcd0a,0xcd0a,0xc4ea,0xcd2b,0xd54b,0xbc68,0xabe7,0xb448,0xbca9,0xccea,0xccea,0xd54b,
0xc4a8,0xa3a6,0xb448,0xbc68,0xc4ca,0xcd0a,0xc4ea,0xd54b,0xd52a,0xccc9,0xd52b,0xcd2b,
0xd52a,0xcd0a,0xbca9,0xbc48,0xabe7,0xabe6,0xc4ca,0xdd8c,0xd52a,0xd52a,0xccc9,0xbc68,
0xac07,0xbc68,0xd54b,0xdd6c,0xd56b,0xcd0a,0xd52a,0xccea,0xccc9,0xbca9,0xbc68,0xb427,
0xac07,0xac07,0xb427,0xc4ea,0xe5cc,0xee6e,0xe5ed,0xe5cc,0xe5cc,0xdd8c,0xc4ea,0x9367,
0x72e5,0x7a61,0x7a61,0x7a61,0x7a61,0x7a61,0x7a61,0x69e0,0x51c0,0x4162,0x3962,0x4142,
0x49a2,0x72c5,0x51c3,0x3962,0x49a2,0x49a2,0x6a85,0x3921,0x4162,0x8347,0x9c09,0x49a3,
0x4162,0x4162,0x4162,0x4162,0x4162,0x3921,0x3921,0x4122,0x3942,0x3921,0x3942,0x3921,
0x4122,0x49a2,0x49c2,0x49a2,0x8b88,0x8bc9,0xa428,0x7b26,0x8346,0x4a05,0x39a4,0x3163,
0x3163,0x31a4,0x41c5,0x4a25,0x4a25,0x0000,0x0000,0x0000,0x0000,0x0000,0x0000,0x0000,
0x0000,0x0000,0x0000,0x0000,0x0000,0x0000,0x0000,0x2985,0x31a6,0x39c6,0x41e6,0x4206,
0x49e6,0x41a4,0x6264,0x49c2,0x5204,0xa46b,0xacad,0x8347,0x6aa5,0x8326,0x93c8,0xacaa,
0xb4ab,0xaca9,0xac8b,0xaca9,0xacab,0xac89,0xa489,0xa428,0xa428,0x9c08,0x93e7,0x8367,
0x93c9,0xac8b,0x6ac5,0x4142,0x6a86,0x6264,0x49a3,0x49a3,0x3942,0x4162,0x7ae5,0x6aa5,
0x4982,0x4122,0x4122,0x40e1,0x4040,0x4820,0x4840,0x4820,0x4820,0x5081,0x9be7,0xbc88,
0xb427,0xabe7,0xc4c9,0xd56b,0xcd2a,0xb48a,0xa3c7,0x9ba6,0x9ba7,0xa408,0xb489,0xb489,
0xb489,0xa408,0x9be8,0x9ba7,0x9ba6,0x8b46,0x9b86,0x9bc7,0xac49,0xb489,0xb469,0xb469,
0xac69,0xac28,0xa408,0xac28,0xa408,0xa408,0x9ba7,0x9b87,0x9b87,0x9386,0xa3a6,0x9b86,
0x9b87,0xa3c6,0x9386,0x9b85,0x9b86,0x9b87,0x9b86,0x9ba7,0xabc6,0xa407,0xa3e7,0xa408,
0xac28,0xac48,0xb469,0xbc89,0xb489,0xc4ea,0xc4ea,0xbc89,0xb448,0xa3e6,0x9ba6,0xabe7,
0xb468,0xb468,0xbc89,0xccea,0xc4ca,0xbca9,0xc4c9,0xb427,0xabe6,0xb427,0xb448,0xbc89,
0xc4ea,0xbc88,0xa3c6,0xa3a6,0xb427,0xbc68,0xc4c9,0xbca9,0xc4ea,0xccea,0xbca9,0xc4c9,
0xc4a9,0xbc68,0xb407,0xa3c6,0xb406,0xbcc9,0xc4c9,0xccc9,0xc4c7,0xac28,0xac07,0xb465,
0xb4a8,0xc4c9,0xbce8,0xc4e8,0xcce9,0xbca8,0xbc88,0xbc68,0xac07,0xb486,0xb446,0xbc86,
0xbca6,0xcce9,0xbca9,0xcd2b,0xd56c,0xe5ed,0xee0e,0xdd8c,0xcd2b,0xcd0a,0xc4a9,0x8b67,
0x6a84,0x7a61,0x7a61,0x7a61,0x7a61,0x7a61,0x61e1,0x4142,0x4162,0x4142,0x4142,0x4142,
0x49c2,0x93c7,0x72c5,0x4142,0x6264,0x6264,0x49a3,0x4162,0x6a84,0x72e6,0x4142,0x4162,
0x4162,0x4162,0x3942,0x4162,0x4162,0x4142,0x3922,0x4142,0x4122,0x3942,0x4141,0x4142,
0x4162,0x51c3,0x6264,0x8347,0x8ba9,0xa44a,0xac69,0x7b26,0x8346,0x4a05,0x3984,0x2943,
0x2923,0x2943,0x3184,0x39c4,0x39c4,0x0000,0x0000,0x0000,0x0000,0x0000,0x0000,0x0000,
0x0000,0x0000,0x0000,0x0000,0x0000,0x0000,0x0000,0x2123,0x2964,0x3184,0x41e6,0x5a47,
0x6aa8,0x5a05,0x72c5,0x49c2,0x4162,0x6a46,0xa48c,0xcdb1,0x9c49,0x7346,0x6264,0x93c9,
0xa42a,0xa42b,0xa469,0xa42b,0xa468,0xa429,0x8ba7,0x7b06,0x7ae5,0x7b06,0x72c5,0x72a5,
0x72c5,0x8388,0x8347,0x51a3,0x4143,0x49c3,0x72c5,0x5a03,0x3962,0x4182,0x8ba7,0x93c7,
0x51c3,0x4122,0x4982,0x4162,0x4122,0x4840,0x4820,0x4840,0x4840,0x4881,0x9b86,0xa3c6,
0xabe6,0xccea,0xbcca,0xc4ea,0xbc89,0xa3c7,0x9365,0x9ba6,0xc545,0xc545,0xc545,0xc545,
0xc545,0xc545,0xc545,0xc545,0xc545,0xc545,0xc545,0xc545,0xc545,0xc545,0xc545,0xc545,
0xc545,0xc545,0xc545,0xc545,0xc545,0xc545,0xc545,0xc545,0xc545,0xc545,0xc545,0xc545,
0xc545,0xc545,0xc545,0xc545,0xc545,0xc545,0xc545,0xc545,0xc545,0xc545,0xc545,0xc545,
0xcdc4,0xcda4,0xc564,0xc545,0xc584,0xc545,0xc564,0xcdc4,0xcdc4,0xcdc4,0xcdc4,0xcde4,
0xcdc4,0xcdc4,0xc584,0xcdc4,0xcdc4,0xcdc4,0xcde4,0xcde4,0xcde4,0xcdc4,0xcdc4,0xcdc4,
0xcdc4,0xcdc4,0xcde4,0xcdc4,0xcdc4,0xcdc4,0xcdc4,0xcdc4,0xcdc4,0xcdc4,0xcdc4,0xcdc4,
0xcdc4,0xcdc4,0xcdc4,0xcdc4,0xcdc4,0xcdc4,0xcde4,0xcdc4,0xcdc4,0xcdc4,0xcdc4,0xcdc4,
0xcdc4,0xcdc4,0xcdc4,0xcdc4,0xcdc4,0xcdc4,0xcdc4,0xcdc4,0xcdc4,0xcdc4,0xcdc4,0xc564,
0xcdc4,0xcdc4,0xc487,0xc4ca,0xc4ca,0xc4ca,0xd52a,0xd50a,0xc4a9,0xb448,0xb427,0x8305,
0x6a63,0x7a61,0x7a61,0x7a61,0x7a61,0x7a61,0x4961,0x3962,0x4982,0x4162,0x4162,0x4142,
0x49a2,0x93e8,0x8b86,0x4182,0x7ae5,0x49a2,0x3962,0x5203,0x6264,0x3941,0x4162,0x4982,
0x49a2,0x49a2,0x51e3,0x49c3,0x4182,0x51c3,0x49c2,0x4162,0x4122,0x4142,0x4122,0x3942,
0x4162,0x72a5,0x93a8,0x8b88,0x7b06,0x7b46,0xa46b,0x93a8,0x7b06,0x49e5,0x3164,0x2963,
0x2923,0x2922,0x2943,0x2963,0x2923,0x0000,0x0000,0x0000,0x0000,0x0000,0x0000,0x0000,
0x0000,0x0000,0x0000,0x0000,0x0000,0x0000,0x0000,0x2123,0x2123,0x3164,0x4a26,0x62a8,
0x8329,0x6266,0x6aa5,0x51e3,0x4982,0x49c2,0x6a85,0x940b,0xcdd1,0xaccd,0x8ba9,0x6264,
0x49c3,0x6a64,0x7b27,0x6225,0x6a85,0x8388,0x940a,0xa48c,0xacac,0xa46b,0x9bea,0x93e8,
0x93c7,0x72c5,0x72c6,0x51c4,0x4142,0x4142,0x8326,0x5a24,0x4142,0x49a2,0x9c08,0x9c08,
0x6244,0x4122,0x4982,0x49a2,0x4162,0x40a0,0x4820,0x4820,0x4820,0x5060,0x9345,0xac07,
0xd54b,0xd54b,0xccea,0xb489,0xa3c7,0xac07,0xac29,0xa3c6,0xcdc4,0xcdc4,0xcde4,0xd5e4,
0xd5e4,0xcdc5,0xcdc4,0xd5e4,0xcdc4,0xcdc4,0xc584,0xcdc4,0xcdc4,0xc564,0xcda4,0xcda4,
0xcdc4,0xc564,0xc564,0xc564,0xc564,0xc564,0xc564,0xc564,0xc564,0xc564,0xc564,0xc564,
0xc564,0xcdc4,0xcda4,0xd5e4,0xcdc4,0xcdc4,0xcdc4,0xcdc4,0xcdc4,0xcda4,0xcdc4,0xcda4,
0xc564,0xcdc4,0xcda4,0xcd85,0xc584,0xcdc4,0xc564,0xcda4,0xc564,0xc564,0xc564,0xcd85,
0xbd45,0xbd67,0xb547,0xb507,0xb4e6,0xb507,0xb4e7,0xb527,0xb527,0xad07,0xad07,0xacc7,
0xaca7,0xad07,0xb4e7,0xb507,0xacc7,0xa4c7,0xaca7,0xaca7,0x9cc7,0xaca7,0xaca7,0xaca7,
0xc485,0xcc84,0xc463,0xcc84,0xcc84,0xcc84,0xd485,0xcc84,0xcc64,0xcc84,0xcc63,0xc462,
0xcc84,0xcc84,0xcc84,0xcc84,0xcc84,0xc463,0xcc64,0xcc64,0xbc42,0xbc22,0xc443,0xa426,
0x9408,0x9429,0xac89,0xbc68,0xb447,0xb427,0xbc88,0xc4a9,0xc4c9,0xc4a9,0xbc89,0x8b86,
0x7ae5,0x7a61,0x7240,0x7240,0x7a40,0x7240,0x4162,0x4162,0x51e3,0x5a03,0x4162,0x4142,
0x4982,0xac49,0x9408,0x51c3,0x72e5,0x5a03,0x4982,0x5a03,0x4182,0x4982,0x49a2,0x49c2,
0x59e3,0x7b05,0x93c7,0x8346,0x5a03,0x4982,0x49a3,0x6244,0x6264,0x49a2,0x4122,0x4162,
0x4962,0x8bc9,0x8369,0x93ea,0xacad,0x93e9,0x7ae5,0x7b06,0x72c5,0x49e4,0x3184,0x3163,
0x3143,0x2923,0x2923,0x2923,0x2922,0x0000,0x0000,0x0000,0x0000,0x0000,0x0000,0x0000,
0x0000,0x0000,0x0000,0x0000,0x0000,0x0000,0x0000,0x2923,0x2123,0x2963,0x4a06,0x6ac8,
0x836b,0x6aa6,0x6285,0x49a2,0x49c2,0x51e3,0x72a5,0x7b07,0x940b,0xbd2f,0xa4ad,0x51e3,
0x4142,0x3962,0x4162,0x4162,0x9c2b,0xc570,0xd612,0xe674,0xe694,0xd633,0xc570,0x8ba8,
0x9be8,0x9c28,0x6a64,0x6244,0x4182,0x4162,0x8ba7,0x6244,0x4142,0x51c3,0x9c49,0x9c28,
0x6a84,0x3921,0x72e5,0x6a84,0x4162,0x40c1,0x4861,0x4060,0x4880,0x48c1,0x9ba7,0xcd0a,
0xc4ea,0xcd0a,0xbca9,0xabe7,0xb448,0xc4ca,0xa428,0x9ba6,0xde24,0xde24,0xd505,0xcb45,
0xbac7,0xa30a,0x7b0c,0x6250,0x5a30,0x5a30,0x5a30,0x5a30,0x5a30,0x5a30,0x5230,0x5230,
0x5230,0x5230,0x5230,0x5230,0x5230,0x5230,0x5230,0x5230,0x5230,0x49d1,0x5230,0x49f0,
0x5230,0xa22a,0xca46,0xca46,0xca05,0xc9e5,0xca05,0xca46,0xca05,0xca46,0xc9e5,0xca05,
0xca46,0xca26,0xd226,0xca46,0xd226,0xca46,0xd246,0xd205,0xda25,0xda26,0xca46,0xd246,
0x8a2c,0x49d1,0x49d1,0x5230,0x41b1,0x41b1,0x3991,0x3991,0x3971,0x41b1,0x3971,0x41b1,
0x4191,0x3971,0x4191,0x4191,0x41b1,0x41b1,0x49d1,0x41b1,0x49d1,0x41b1,0x51f0,0xaa0a,
0xc9e5,0xc9e5,0xc9e5,0xc9e5,0xc9e5,0xc9e5,0xc9e5,0xc9e5,0xc9e5,0xc9e5,0xc9e5,0xca05,
0xc9e5,0xc9e5,0xc9e5,0xc9e5,0xc9e5,0xc9e5,0xc9e5,0xc9e5,0xc1e7,0xa9e8,0x71ef,0x41b1,
0x3991,0x3971,0x7b2a,0xbc68,0xccc9,0xe5ac,0xf68e,0xe62e,0xdd8c,0xd52b,0xc4ea,0x8346,
0x6244,0x49a1,0x4981,0x4981,0x4982,0x5142,0x4162,0x4162,0x6244,0x6a85,0x4162,0x4162,
0x4162,0x8387,0xa428,0x5a03,0x7b05,0x6244,0x51c3,0x4162,0x4982,0x49a2,0x49a2,0x49a2,
0x6aa5,0x9c08,0x93e8,0x6aa4,0x6aa5,0xacad,0x7307,0x4142,0x51a3,0x6ac5,0x6285,0x49a3,
0x49c2,0x6225,0x9c0a,0xcdb1,0xcdb1,0xc590,0xacad,0x72c6,0x7b47,0x49e5,0x3983,0x3963,
0x3163,0x3163,0x2963,0x3163,0x3122,0x0000,0x0000,0x0000,0x0000,0x0000,0x0000,0x0000,
0x0000,0x0000,0x0000,0x0000,0x0000,0x0000,0x0000,0x3163,0x2923,0x2944,0x41e5,0x62a8,
0x836b,0x6267,0x7b26,0x49c2,0x51e3,0x6244,0x93e8,0x7b06,0x8368,0x51e3,0x4963,0x4162,
0x4122,0x51c3,0x4982,0x49c3,0x93ea,0x9c2b,0xde74,0xeeb5,0xe694,0xd633,0xd5f2,0xbd2f,
0x93c9,0xac48,0x8ba7,0x49a2,0x6244,0x4162,0x8b67,0x6244,0x4982,0x49a2,0x8367,0xa428,
0x72a5,0x4141,0x8ba7,0x8b87,0x4162,0x4142,0x4142,0x4142,0x4142,0x4982,0xa408,0xc4ea,
0xc4ea,0xc4a9,0xbca9,0xb448,0xac49,0x9be8,0x9b86,0x93a7,0xd604,0xde24,0xd4c5,0xca05,
0xca05,0xda25,0xc267,0xb9e7,0x8a0d,0x5a30,0x49d1,0x49d1,0x49d1,0x49d1,0x41b1,0x3971,
0x3971,0x4191,0x3971,0x3971,0x3971,0x3971,0x3971,0x3971,0x3971,0x3971,0x3971,0x3971,
0x3971,0x4191,0x61ae,0xc1e6,0xc9e5,0xc9e5,0xc9e5,0xc9e5,0xd205,0xc9e5,0xc9e5,0xd205,
0xda25,0xc9e5,0xc9e5,0xc9e5,0xd205,0xc9e5,0xda25,0xc9e5,0xda25,0xca26,0xda25,0xda25,
0x820d,0x49d1,0x49d1,0x49d1,0x41b1,0x49d1,0x49d1,0x49d1,0x41b1,0x41b1,0x41b1,0x3971,
0x3971,0x3971,0x41b1,0x3991,0x3971,0x49d1,0x49d1,0x41b1,0x41b1,0x79ed,0xba06,0xc9e5,
0xc9e5,0xc9e5,0xc9e5,0xc9e5,0xc9e5,0xc9e5,0xc9e5,0xc9e5,0xca46,0xc9e5,0xd205,0xca05,
0xc9e5,0xc9e5,0xc9e5,0xc9e5,0xc9e5,0xc9e5,0xc1e6,0x820e,0x4990,0x3991,0x3971,0x3991,
0x3991,0x3971,0x93ab,0xcd0a,0xd52b,0xd54b,0xdd4b,0xcd4b,0xc489,0xbc68,0xac07,0x8305,
0x6a84,0x4982,0x4982,0x4982,0x49a2,0x49a2,0x4162,0x4142,0x5a24,0x72c5,0x4982,0x49a2,
0x4162,0x7b27,0x9be8,0x6244,0x6284,0x72c5,0x4162,0x4162,0x4162,0x49a2,0x49a2,0x5a03,
0x8ba7,0x9c28,0x9c08,0x6aa5,0xaccd,0xe694,0xe674,0x940a,0x49a2,0x4982,0x51e3,0x7b06,
0x6265,0x9c2a,0xc590,0xd612,0xd612,0xd612,0xcdb1,0x9c4c,0x8367,0x49e5,0x3983,0x3963,
0x3963,0x3963,0x3983,0x3983,0x3983,0x0000,0x0000,0x0000,0x0000,0x0000,0x0000,0x0000,
0x0000,0x0000,0x0000,0x0000,0x0000,0x0000,0x0000,0x3984,0x2963,0x2944,0x41c5,0x6288,
0x834a,0x6265,0x8328,0x49a2,0x5a23,0x8ba7,0x8b67,0x6ac5,0x6aa5,0x6a66,0x3921,0x4142,
0x4162,0x4182,0x4142,0x4142,0x51c3,0x93c9,0xc570,0xd5f2,0xd633,0xe694,0xde53,0xcdb1,
0x9c4b,0x8ba7,0x9c28,0x5a24,0x4962,0x4982,0x8347,0x6264,0x49c3,0x49a3,0x93ea,0xa428,
0x72e5,0x4122,0x9be8,0x93e8,0x4982,0x4982,0x49a2,0x49a2,0x49a2,0x49a2,0xa3c7,0xbc88,
0xbc68,0xb468,0xb447,0xa3e7,0x9ba6,0x9386,0x9b66,0xa3c6,0xd624,0xd604,0xd4e5,0xda26,
0xca26,0xd225,0xc9e5,0xca25,0xc9e5,0xba07,0xa209,0x69ce,0x520f,0x4191,0x3971,0x4191,
0x3971,0x3991,0x4191,0x3971,0x3991,0x3971,0x4191,0x4191,0x4191,0x4191,0x4191,0x4191,
0x4191,0x4191,0x4191,0x59ec,0xa209,0xc9e5,0xc9e5,0xc9e5,0xc9e5,0xc9e5,0xc9e5,0xc9e5,
0xc9e5,0xc9e5,0xc9e5,0xc9e5,0xc9e5,0xc9e5,0xc9e5,0xd205,0xc9e5,0xd205,0xd205,0xd205,
0x91eb,0x41d1,0x49d1,0x49d1,0x49d1,0x49d1,0x49d1,0x49d1,0x49d1,0x49d1,0x49d1,0x49d1,
0x49d1,0x4191,0x4191,0x4191,0x3971,0x4191,0x3971,0x51ce,0x922a,0xba04,0xc9e5,0xc9e5,
0xc1e4,0xc9e5,0xd205,0xca25,0xc9e5,0xd205,0xca26,0xda46,0xd205,0xd205,0xd226,0xc9e5,
0xc9e5,0xc9e5,0xc9e5,0xba08,0x9a6a,0x61f0,0x4191,0x3971,0x3971,0x3971,0x3991,0x3971,
0x3971,0x3971,0x8bab,0xccea,0xcd2a,0xdd4a,0xd56b,0xd54b,0xcd0a,0xd50a,0xc4c9,0x93a7,
0x72e5,0x6ac5,0x6aa5,0x6aa5,0x6aa5,0x72c5,0x49a2,0x4162,0x5a23,0x6aa5,0x49a2,0x5203,
0x51c3,0xacad,0x9c4a,0x6264,0x7b27,0x72c5,0x3942,0x4162,0x4162,0x49a2,0x51c3,0x6a84,
0x9be8,0x9c28,0x93c8,0x8b87,0xbd4f,0xeeb5,0xeeb5,0xe674,0x9c0b,0x51c3,0x49a2,0x49a2,
0x6264,0x8ba8,0xbd0e,0xbd2e,0xe694,0xeeb5,0xde74,0xacad,0x8b69,0x4a05,0x3963,0x3163,
0x3163,0x3963,0x41a4,0x49e4,0x49c4,0x0000,0x0000,0x0000,0x0000,0x0000,0x0000,0x0000,
0x0000,0x0000,0x0000,0x0000,0x0000,0x0000,0x0000,0x41a4,0x3164,0x2923,0x39a5,0x5a67,
0x7b29,0x6265,0x8368,0x49c2,0x8346,0x9c08,0x72e5,0x5a03,0x49a2,0x3921,0x4162,0x4162,
0x4162,0x4162,0x4141,0x4162,0x4162,0x51c3,0xa48c,0xbd4f,0xd612,0xe674,0xeeb5,0xde33,
0xb50e,0x7b26,0xa428,0x72c5,0x3962,0x49a3,0xa44b,0x6224,0x5a23,0x5a03,0xb50e,0x9c29,
0x72e5,0x4162,0x7b26,0x9c68,0x51c3,0x4982,0x4162,0x4162,0x49a2,0x4162,0x9345,0xabe6,
0xabe6,0xabe6,0xb427,0xbc89,0xbcca,0xc4ea,0xac48,0x9bc7,0xd604,0xde24,0xcca4,0xca05,
0xca05,0xc9e5,0xc9e5,0xd205,0xc9e5,0xc9e5,0xc9e5,0xda26,0xc9e5,0x9a0b,0x6a4f,0x5a30,
0x49d1,0x49d1,0x49d1,0x49d1,0x49d1,0x49d1,0x49d1,0x49d1,0x49d1,0x49d1,0x49d1,0x49d1,
0x49d1,0x49d1,0x49d1,0x49d1,0x49d1,0x7210,0xc228,0xda26,0xda26,0xda26,0xda26,0xda26,
0xda26,0xda26,0xda26,0xda26,0xda26,0xca05,0xda26,0xc9e5,0xc9e5,0xc9e5,0xc9e5,0xda25,
0x8a0d,0x49d1,0x49d1,0x49d1,0x49d1,0x49d1,0x49d4,0x49d1,0x49d4,0x49d3,0x49d2,0x49d2,
0x51f4,0x49d1,0x49d3,0x49d1,0x49d1,0x49d1,0x624f,0xba07,0xc9e5,0xc9e5,0xda26,0xda26,
0xda26,0xda26,0xda26,0xda26,0xda26,0xda26,0xda26,0xda26,0xda26,0xda26,0xda26,0xda26,
0xca46,0xba48,0x7a0f,0x41b1,0x3991,0x49d1,0x3971,0x41b1,0x49d1,0x49d1,0x4191,0x3991,
0x41b1,0x3991,0x8b8b,0xcce9,0xc4ea,0xd54b,0xf60c,0xe5cd,0xd52b,0xc4ea,0xc4a9,0x8b66,
0x6aa4,0x72a5,0x6aa4,0x6aa5,0x6a84,0x72c5,0x49a2,0x49a2,0x51c4,0x6aa5,0x4162,0x5a24,
0x51e3,0xacce,0xacac,0x6a85,0x8347,0x6aa4,0x3942,0x4162,0x4162,0x4162,0x49a2,0x72a5,
0x93c7,0xa428,0x8ba7,0x8b49,0xb4ed,0xeeb5,0xeeb5,0xeeb5,0xd633,0xb52e,0x93a8,0x6244,
0x51c3,0x49a2,0x72a5,0x7b26,0xe674,0xe694,0xd633,0xbd4f,0x7b26,0x4a04,0x3963,0x3163,
0x3163,0x3163,0x41c4,0x49e4,0x49e4,0x0000,0x0000,0x0000,0x0000,0x0000,0x0000,0x0000,
0x0000,0x0000,0x0000,0x0000,0x0000,0x0000,0x0000,0x49c5,0x3984,0x3164,0x39a4,0x5227,
0x72e8,0x6245,0x8368,0x6a64,0x93e8,0x8ba7,0x6244,0x4182,0x4982,0x4162,0x4162,0x4142,
0x4142,0x3942,0x3922,0x4162,0x4982,0x4162,0x5a24,0x8348,0xbd2f,0xcdd1,0xcd8e,0xac8c,
0x9c09,0x8346,0x8326,0x6a85,0x4122,0x51e3,0xaccd,0x5a24,0x6264,0x51e3,0xc590,0xa42b,
0x72c5,0x51c3,0x93ca,0x9c09,0x51e3,0x51c3,0x51c3,0x51e3,0x51e3,0x51c3,0x9b86,0xc488,
0xccc9,0xd52a,0xd54b,0xd56c,0xccec,0xbcaa,0xa448,0x9bc7,0xcdc4,0xd5e4,0xcca4,0xd223,
0xd205,0xd205,0xf266,0xf266,0xf266,0xf266,0xf266,0xfa86,0xf286,0xea46,0xea66,0xca48,
0xa26e,0x71ef,0x49d4,0x49d4,0x49d4,0x49d3,0x49d4,0x49d3,0x49d4,0x49d4,0x49d3,0x49d4,
0x49d4,0x49d4,0x49d4,0x49d4,0x49d4,0x49d4,0x61f2,0xa24c,0xea67,0xf266,0xf266,0xf266,
0xf266,0xf266,0xf266,0xf266,0xf266,0xf266,0xf266,0xf266,0xf266,0xf266,0xf266,0xf266,
0xa22c,0x49d2,0x49d4,0x49d3,0x49d4,0x49d4,0x49d4,0x49d4,0x49d4,0x49d4,0x49d4,0x49d4,
0x49d4,0x49d4,0x51f5,0x49f4,0x6212,0xba6c,0xea46,0xf266,0xf266,0xfa86,0xf266,0xfa86,
0xfa86,0xfa86,0xf266,0xf266,0xfa86,0xfa86,0xea46,0xf266,0xf266,0xda26,0xca49,0xa22d,
0x69f1,0x51f4,0x49d3,0x49d3,0x49d4,0x49d3,0x49d3,0x49d4,0x49d4,0x49d3,0x49d4,0x49d4,
0x49d4,0x49d4,0x93cd,0xccc9,0xc4a9,0xc4a9,0xccea,0xccea,0xc4a9,0xbc68,0xb407,0x8325,
0x5a03,0x49c2,0x49a2,0x4982,0x49c2,0x49c2,0x4162,0x51c3,0x6245,0x8b89,0x4162,0x6a84,
0x6ac5,0x9c4c,0xbd2f,0x6aa5,0x8368,0x7b06,0x4142,0x4182,0x4162,0x4982,0x4982,0x49a2,
0x49c3,0x51e3,0x5a24,0x8307,0x93a9,0xcdf2,0xeeb5,0xeeb5,0xeeb5,0xd612,0xc590,0xc590,
0xcdd1,0xbd4f,0x7b08,0x6264,0xbd2e,0xeeb4,0xde53,0xbd4f,0x8ba9,0x5205,0x3163,0x3143,
0x2923,0x3163,0x4184,0x49e5,0x49e5,0x0000,0x0000,0x0000,0x0000,0x0000,0x0000,0x0000,
0x0000,0x0000,0x0000,0x0000,0x0000,0x0000,0x0000,0x49e5,0x39a4,0x3164,0x39a4,0x4a26,
0x6aa7,0x6265,0x8ba8,0x8b66,0x9c08,0x7b05,0x4983,0x49a3,0x4122,0x3922,0x4122,0x4122,
0x3921,0x4122,0x4122,0x4122,0x4162,0x4122,0x4982,0x6aa5,0x93e8,0xa449,0x9c0a,0xa44a,
0x9c09,0x93e8,0xa468,0x8ba7,0x51e3,0x51e3,0xaccd,0x6244,0x7ae6,0x6244,0xbd2f,0xa46c,
0x72c5,0x5a03,0xacce,0xa46a,0x51e3,0x51e3,0x51c3,0x51e3,0x51e3,0x51c3,0xa428,0xd50a,
0xcd2a,0xcd2a,0xd54b,0xd52b,0xbcaa,0xac69,0xa428,0x9bc7,0xd604,0xde24,0xcd26,0xda46,
0xd246,0xe266,0xfa86,0xfa86,0xfa86,0xfa86,0xf266,0xfa86,0xfa86,0xf266,0xe246,0xea66,
0xf266,0xe266,0xca8b,0x922e,0x59f2,0x49d4,0x49d3,0x49d4,0x49d4,0x41b2,0x49d4,0x49d4,
0x49d4,0x49d4,0x49d4,0x49d4,0x49d4,0x49d4,0x49d4,0x49d4,0x81ee,0xda89,0xfa86,0xe246,
0xe246,0xea46,0xf266,0xf266,0xfa86,0xfa86,0xfa86,0xfa86,0xfa86,0xfa86,0xfa86,0xfa86,
0xaa4d,0x51f5,0x51f5,0x49d4,0x49d3,0x49d4,0x49d4,0x49d4,0x49d4,0x49d4,0x49d4,0x49d4,
0x49f4,0x5235,0x5214,0x8250,0xda6a,0xfa86,0xfa86,0xfa86,0xfa86,0xfa86,0xfa86,0xfa86,
0xfa86,0xfa86,0xfa86,0xfa86,0xfa86,0xfa86,0xf266,0xe267,0xba4a,0x7211,0x49d3,0x49d4,
0x49d4,0x49d4,0x49f5,0x49d4,0x49d4,0x49f4,0x49d4,0x49d4,0x5215,0x49d4,0x5215,0x49d4,
0x49d4,0x49d4,0x93ab,0xbc27,0xb407,0xb427,0xb427,0xb427,0xbc48,0xac07,0xa3e6,0x7ac4,
0x6284,0x51e3,0x51c3,0x51c3,0x49c3,0x49c2,0x4182,0x5a03,0x6aa5,0x8369,0x4162,0x72c5,
0x9beb,0x93ea,0xcdb0,0x6ac5,0x8b88,0x7b26,0x4182,0x4982,0x49a2,0x49a2,0x51e3,0x51e3,
0x5a23,0x6223,0x51e3,0x4963,0x5a23,0xa48b,0xe694,0xeeb5,0xe694,0xcdf2,0xcdb1,0xe694,
0xeeb5,0xeeb5,0xeeb5,0xacad,0x72c5,0xb50e,0xe694,0xcdb0,0x93ca,0x5225,0x3163,0x2923,
0x2923,0x3163,0x41a4,0x49e5,0x49e4,0x0000,0x0000,0x0000,0x0000,0x0000,0x0000,0x0000,
0x0000,0x0000,0x0000,0x0000,0x0000,0x0000,0x0000,0x49e5,0x39a4,0x3164,0x31a4,0x4a06,
0x6aa7,0x62a6,0x9bea,0x9c08,0x8b66,0x51e3,0x7b08,0x51c3,0x4162,0x4122,0x4122,0x4122,
0x3921,0x4122,0x4122,0x4122,0x4122,0x6244,0x93c9,0xbd2e,0xcdd1,0xde33,0xd612,0xc590,
0xbd4f,0xa48c,0x8388,0xa428,0x8366,0x6264,0xaccd,0x6245,0x8b87,0x6a85,0xacad,0xb4ee,
0x6aa5,0x72e6,0xac8d,0xacac,0x49c3,0x4162,0x4162,0x4162,0x4162,0x4162,0x9be7,0xc4ea,
0xcd0a,0xc4ea,0xbcca,0xc4ca,0xbca9,0xac08,0xa3e8,0x9bc7,0xde24,0xde24,0xcd85,0xda46,
0xda26,0xda26,0xfa86,0xfa86,0xfa86,0xfa86,0xf266,0xfa86,0xea66,0xe246,0xea46,0xe246,
0xe226,0xe226,0xe246,0xe246,0xd227,0xb1e7,0x820f,0x3991,0x49b3,0x41b2,0x4192,0x41b2,
0x3991,0x41b2,0x49d4,0x4192,0x41b3,0x49d4,0x41b3,0x49d4,0x49d4,0x5a13,0xaa2a,0xea68,
0xe246,0xe246,0xea66,0xf266,0xfa86,0xfa86,0xfa86,0xfa86,0xfa86,0xfa86,0xfa86,0xfa86,
0xaa4d,0x5235,0x5215,0x49f4,0x5235,0x5235,0x49f4,0x49d4,0x49d4,0x49d4,0x49d4,0x49d4,
0x49f4,0x5a33,0xba4a,0xf287,0xfa86,0xfa86,0xfa86,0xfa86,0xfa86,0xfa86,0xfa86,0xfa86,
0xfa86,0xfa86,0xfa86,0xfa86,0xe246,0xc24a,0x820f,0x59f3,0x49f4,0x49d4,0x49d4,0x49f4,
0x5235,0x5215,0x5235,0x5215,0x49d4,0x49f4,0x49d4,0x49d4,0x49f4,0x49d4,0x49d4,0x49d4,
0x49d4,0x49d4,0x9bed,0xccea,0xcd2a,0xd54b,0xe5cd,0xee4e,0xee2d,0xdd8c,0xcd2b,0x9bc7,
0x72e5,0x49c3,0x49c3,0x49a2,0x49c2,0x49c2,0x4162,0x6244,0x8328,0x6a86,0x4162,0x7b26,
0xb50e,0x7b28,0xcdb1,0x72e6,0x93ca,0x8328,0x4142,0x49a2,0x49a2,0x51c3,0x51e3,0x72e5,
0x9387,0x93e8,0x93e8,0x8b87,0x72c5,0x51e3,0xaccd,0xeeb5,0xe694,0xd612,0xd612,0xe694,
0xeeb5,0xeeb5,0xeeb5,0xde33,0x9c4b,0x5a23,0xbd2f,0xcdd1,0x8bab,0x5224,0x3163,0x2922,
0x3143,0x3163,0x41a4,0x41e4,0x41c4,0x0000,0x0000,0x0000,0x0000,0x0000,0x0000,0x0000,
0x0000,0x0000,0x0000,0x0000,0x0000,0x0000,0x0000,0x49c5,0x3984,0x2943,0x3164,0x49e6,
0x6287,0x72e6,0x9bea,0x8ba7,0x6aa6,0x9c2b,0x6265,0x4162,0x4162,0x3922,0x4142,0x4122,
0x4142,0x4122,0x4122,0x4162,0x8368,0xbd4f,0xde53,0xde74,0xe674,0xde53,0xde33,0xde74,
0xd5f2,0xbd2f,0x8ba8,0x9c09,0x9be7,0x72c5,0xacac,0x6244,0x9be8,0x72e7,0x93ca,0xc570,
0x6284,0x8ba9,0xa44c,0xb4ed,0x49a3,0x4182,0x4182,0x4182,0x4982,0x4162,0x9ba7,0xc4ea,
0xccea,0xbca9,0xbc89,0xb489,0xac08,0xa3c7,0x9ba6,0x9365,0xde24,0xde24,0xd525,0xda26,
0xda46,0xda26,0xea66,0xfa86,0xea66,0xf266,0xea46,0xda26,0xea46,0xfa66,0xf266,0xea46,
0xfa86,0xf266,0xea46,0xea46,0xf266,0xea46,0xe246,0xe269,0xa22c,0x7a31,0x5214,0x49d4,
0x49d4,0x49d4,0x49d4,0x49d4,0x49d4,0x49d4,0x49d4,0x49d4,0x49d3,0x49d4,0x49d4,0x71f0,
0xc24a,0xea46,0xf266,0xda26,0xea46,0xf266,0xf266,0xe266,0xea46,0xf266,0xfa86,0xfa86,
0xb26d,0x49f4,0x5235,0x5215,0x5a35,0x5a34,0x5215,0x5235,0x5a35,0x5a35,0x5a34,0x5214,
0x7a30,0xda89,0xea46,0xea66,0xfa66,0xfa86,0xfa86,0xfa86,0xfa86,0xfa86,0xf266,0xea46,
0xf266,0xea66,0xca48,0xa22c,0x6a32,0x5214,0x49f4,0x5215,0x51f5,0x5215,0x49f5,0x5215,
0x5215,0x49d4,0x5215,0x49d4,0x49d4,0x49d4,0x49d4,0x49d4,0x49d4,0x49d4,0x49d4,0x49d4,
0x49d4,0x49d4,0x9c0e,0xdd6b,0xcd2b,0xdd8c,0xe5ed,0xee4f,0xe5cd,0xd56b,0xc4ca,0x93a7,
0x6a65,0x4162,0x4142,0x4142,0x4142,0x4162,0x4162,0x6aa5,0x93ea,0x5a24,0x4162,0x8b67,
0xc570,0x6245,0xd5f2,0x72e6,0x93ca,0x7b27,0x4182,0x49a2,0x49a2,0x51c3,0x6264,0x9387,
0x9bc7,0x9c28,0x9c08,0x9be8,0x9c28,0x8ba7,0x6a64,0x9c2b,0xb4ee,0xd5f2,0xde53,0xd5f2,
0xe694,0xeeb5,0xbd6f,0x93c9,0x93c9,0x6a85,0x6264,0xacac,0x93a9,0x49e5,0x3163,0x3163,
0x3163,0x39a3,0x41a4,0x41c4,0x39a4,0x0000,0x0000,0x0000,0x0000,0x0000,0x0000,0x0000,
0x0000,0x0000,0x0000,0x0000,0x0000,0x0000,0x0000,0x41a4,0x3163,0x2923,0x2963,0x41e5,
0x5a67,0x72c6,0x9389,0x6264,0xbd2e,0x9c0a,0x4963,0x4122,0x4122,0x4122,0x4142,0x4122,
0x3921,0x4122,0x4982,0xa449,0xe674,0xde53,0xde33,0xeeb5,0xeeb5,0xeeb5,0xeeb5,0xeeb5,
0xe674,0xc590,0xa44c,0x8367,0x93a7,0x6aa5,0xa44b,0x6264,0xa46a,0x72e8,0x7b28,0xc590,
0x6244,0xa48c,0x7b48,0xbd2e,0x4982,0x4162,0x4162,0x4942,0x4162,0x4162,0x9387,0xc4a9,
0xc4a9,0xbc68,0xbc68,0xac07,0x9ba6,0x9b65,0x9ba6,0x9bc7,0xd604,0xde24,0xd4c5,0xda26,
0xda26,0xd205,0xda26,0xea66,0xfa86,0xfa86,0xfa86,0xfa86,0xfa86,0xfa86,0xfa86,0xfa86,
0xfa86,0xfa86,0xfa86,0xfa86,0xe246,0xfa86,0xfa86,0xf266,0xf266,0xf266,0xda26,0xa24d,
0x5a33,0x49d4,0x49d4,0x49d4,0x49d4,0x49d4,0x49d4,0x49f5,0x49f5,0x5215,0x5a35,0x5a35,
0x51f4,0xaa6d,0xfa87,0xfa86,0xfa86,0xfa86,0xe246,0xf388,0xe266,0xfa86,0xda26,0xf266,
0xb26c,0x49f4,0x49d4,0x49d4,0x5a13,0x93cf,0x5a55,0x5215,0x5a35,0x5a35,0x5a55,0xb28d,
0xfa86,0xfa86,0xfa86,0xfa86,0xfa86,0xea46,0xfa86,0xfa86,0xfa86,0xfa86,0xfa86,0xda26,
0xba8c,0x8251,0x5235,0x5a35,0x5a35,0x5215,0x5235,0x49d4,0x49d4,0x5235,0x49d4,0x49f4,
0x51f5,0x49d4,0x49d4,0x49d4,0x49d4,0x49d4,0x49d4,0x49d4,0x49d4,0x49d4,0x49d4,0x49d4,
0x49d2,0x49d4,0x9c0e,0xcd2a,0xcd2a,0xd54b,0xdd8c,0xe5ce,0xd54b,0xcd0a,0xbca9,0x9367,
0x6264,0x4142,0x3962,0x3962,0x4122,0x4122,0x4162,0x72c5,0x93ca,0x4162,0x49a2,0x8346,
0xb50e,0x49a3,0xc570,0x6ac6,0x8b69,0x7b26,0x4182,0x49a2,0x49a2,0x51e3,0x8366,0x9be8,
0x9bc7,0x9c28,0x9c28,0x9c28,0x9c28,0x9c28,0x9bc7,0x72a5,0x7b06,0x8bca,0xc570,0xacac,
0xde53,0xeeb5,0xcdb0,0x8b67,0x8b28,0x8b66,0x7b46,0x6264,0x8329,0x4a05,0x3163,0x3163,
0x3963,0x41a4,0x41e4,0x39a4,0x3163,0x0000,0x0000,0x0000,0x0000,0x0000,0x0000,0x0000,
0x0000,0x0000,0x0000,0x0000,0x0000,0x0000,0x0000,0x49c4,0x3164,0x2923,0x2123,0x39a5,
0x5a67,0x6265,0x7307,0xc590,0xa48c,0x5a04,0x4182,0x4142,0x3921,0x4122,0x4122,0x4122,
0x3922,0x4982,0xacad,0xe674,0xe694,0xde53,0xd633,0xde33,0xd612,0xe694,0xeeb4,0xe673,
0xe674,0xcdf2,0xb4ef,0x72e5,0x49c3,0x6aa5,0x8b69,0x6265,0x9c08,0x7308,0x6225,0xcdb1,
0x51c3,0x9c4b,0x6245,0xacad,0x4162,0x49a2,0x4982,0x49a2,0x4983,0x4983,0x9345,0xb427,
0xbc47,0xb407,0xbc48,0xc4a9,0xccea,0xb489,0xbcaa,0xa408,0xcde4,0xcdc4,0xcd04,0xda26,
0xd225,0xe246,0xfa86,0xfa86,0xfa86,0xfa86,0xf266,0xfa86,0xfa86,0xfa86,0xfa86,0xfa86,
0xfa86,0xfa86,0xea46,0xf266,0xfa86,0xfa86,0xea46,0xf266,0xf266,0xea66,0xea46,0xf266,
0xea68,0xc26a,0x9a2e,0x69f1,0x5215,0x49d4,0x51f5,0x49d4,0x49d4,0x5215,0x49d4,0x5215,
0x5215,0x5a35,0x8231,0xd28a,0xfa86,0xfa86,0xfa86,0xfb07,0xecc9,0xfac7,0xfa86,0xfa86,
0xb24b,0x49f4,0x49f5,0x51f4,0x944d,0x62b2,0x49d4,0x5235,0x5215,0x8a30,0xe289,0xfa87,
0xfaa7,0xfb07,0xfa86,0xfa86,0xfa86,0xfa86,0xfa86,0xfa86,0xe247,0xc26a,0x922e,0x6a53,
0x5a35,0x5a35,0x5a35,0x5a35,0x49f4,0x5215,0x49f4,0x5215,0x49f4,0x49f4,0x49d4,0x49d4,
0x49d4,0x49d4,0x49d4,0x49d4,0x49d4,0x49d4,0x5215,0x49d4,0x51f5,0x5215,0x49d4,0x5215,
0x5235,0x51f5,0x93cd,0xcca9,0xccc9,0xccc9,0xcd0a,0xdd6b,0xcce9,0xbc68,0xb427,0x8305,
0x5a23,0x4142,0x4122,0x4122,0x4122,0x4142,0x4162,0x72e6,0x940a,0x4122,0x4982,0x8b87,
0xc570,0x4983,0xaced,0x6a85,0x8369,0x72c6,0x4182,0x49a2,0x49a2,0x5a03,0x93a7,0x9be7,
0x9c28,0x9c28,0xa428,0xa428,0x9c28,0x9c28,0x93c7,0x7b26,0x51e3,0x5a24,0x6aa5,0xa48d,
0xeeb5,0xf717,0xd5f2,0x8307,0x8b88,0x93c8,0x9c28,0x8367,0x6aa4,0x49e4,0x3984,0x3983,
0x41a4,0x41c4,0x41c4,0x39a4,0x3163,0x0000,0x0000,0x0000,0x0000,0x0000,0x0000,0x0000,
0x0000,0x0000,0x0000,0x0000,0x0000,0x0000,0x0000,0x49c5,0x39a4,0x2943,0x2122,0x3985,
0x5247,0x6266,0xcdf2,0xc570,0x7b47,0x49a2,0x49c2,0x5a24,0x3921,0x3922,0x3921,0x3921,
0x4982,0xaced,0xe674,0xeeb5,0xeeb5,0xd612,0xcdb1,0xc590,0xc590,0xddd0,0xd612,0xd612,
0xde53,0xcdb1,0xa48c,0x5204,0x4162,0x6aa5,0x8b89,0x5a44,0xa42a,0x7ae8,0x5a24,0xc570,
0x49a3,0x9c0a,0x6225,0x9c2b,0x4982,0x51e4,0x51e3,0x5a04,0x5a24,0x5a24,0x8b46,0xcc88,
0xccc9,0xd54b,0xe5ac,0xd54b,0xc4ad,0xac69,0xb489,0x9be7,0xd604,0xde24,0xd5c6,0xd247,
0xdaa8,0xda46,0xf287,0xfa86,0xfa86,0xfa86,0xfa86,0xfa86,0xfa86,0xfa86,0xfa86,0xf266,
0xfa86,0xea66,0xfa66,0xf266,0xf266,0xe246,0xf266,0xe246,0xea46,0xf266,0xe246,0xf266,
0xfa86,0xf266,0xf266,0xe268,0xc28b,0x8a0e,0x6234,0x51f4,0x5215,0x49f4,0x49d4,0x5214,
0x6293,0x5a75,0x5235,0x5a35,0x9a6f,0xea88,0xfa86,0xfa87,0xf4aa,0xecc6,0xfc08,0xf488,
0xd50b,0x9ccf,0x8393,0x8bb2,0xa4ae,0x49f4,0x49d4,0x6213,0xa26e,0xf267,0xfa86,0xfac7,
0xfb07,0xfa86,0xfa86,0xfa86,0xfa86,0xf287,0xe269,0xaa6e,0x7a52,0x5a35,0x5a35,0x5a35,
0x5a35,0x5a35,0x5235,0x5235,0x51f5,0x49d4,0x5235,0x49d4,0x49d4,0x49f5,0x49d4,0x49d4,
0x49f4,0x49f5,0x49f5,0x5215,0x5a35,0x5235,0x5235,0x49f5,0x51f4,0x5a34,0x6234,0x61f2,
0x7a92,0x9291,0xab69,0xbc47,0xac07,0xb427,0xbc68,0xbc68,0xc488,0xbc88,0xac27,0x8b25,
0x72a5,0x4162,0x3921,0x3921,0x4142,0x4122,0x4162,0x7b06,0x8bcb,0x4162,0x4162,0x8ba8,
0xb50e,0x49a3,0xacad,0x5a24,0x8369,0x5a85,0x4182,0x49a2,0x51c3,0x6224,0x93c7,0x9be8,
0x9c28,0x9c28,0xa428,0xa428,0x9c28,0x9c28,0x9bc7,0x7b05,0x51e3,0x5a24,0x8347,0xd5f2,
0xe694,0xeeb5,0xde74,0x93c9,0x7b26,0x9be8,0x9c28,0x9c28,0x8ba7,0x6245,0x41c4,0x41c4,
0x41c4,0x41e4,0x41e4,0x41e4,0x39a4,0x0000,0x0000,0x0000,0x0000,0x0000,0x0000,0x0000,
0x0000,0x0000,0x0000,0x0000,0x0000,0x0000,0x0000,0x49c5,0x3984,0x2943,0x2123,0x3184,
0x5a25,0xcdd1,0xd612,0xb4ed,0x93ea,0x51c3,0x4162,0x51e4,0x4162,0x4122,0x3921,0x3921,
0x93ea,0xd612,0xeeb5,0xe6b5,0xd5f2,0xc590,0xbd4f,0xc570,0xc590,0xc570,0xc590,0xd612,
0xd612,0xacad,0x5a04,0x4982,0x4162,0x6aa5,0x6ac8,0x5a44,0xac6a,0x62a7,0x6265,0x940a,
0x4162,0x940a,0x51e3,0x6246,0x51a3,0x6a66,0x6a85,0x6aa5,0x6aa7,0x6a66,0xa3e8,0xd54b,
0xd52b,0xd54b,0xc4eb,0xc4ea,0xbcaa,0xac49,0xb448,0x9bc7,0xe664,0xde24,0xc5a7,0x6a31,
0x59f0,0x7a6e,0x8a2e,0xb26d,0xc28c,0xda69,0xea68,0xfa86,0xfa86,0xfa86,0xea46,0xf266,
0xfa86,0xea66,0xfa66,0xe246,0xe246,0xe246,0xf266,0xfa66,0xf266,0xe246,0xe246,0xea46,
0xfa86,0xf266,0xe246,0xe246,0xf266,0xf266,0xea88,0xba6c,0x7a10,0x5a34,0x49d4,0x5215,
0x62b4,0x93d1,0x8bb1,0x5a55,0x5a55,0x7253,0xca6a,0xf448,0xfec8,0xff89,0xff48,0xff89,
0xffaa,0xff68,0xff48,0xf78b,0xeeeb,0xb4cf,0x8292,0xd269,0xfa86,0xfa86,0xf3c7,0xf407,
0xfac7,0xfa86,0xfa86,0xe2a8,0xc28c,0x7a93,0x6254,0x5a55,0x5a35,0x5215,0x5a35,0x5a35,
0x5a35,0x5a35,0x51f5,0x49f4,0x49f5,0x49d4,0x49d4,0x49d4,0x5235,0x5a35,0x5235,0x5235,
0x5235,0x5215,0x5a35,0x5a35,0x5a34,0x7252,0x8a71,0xaa6e,0xb26c,0xd2a9,0xea88,0xea67,
0xf287,0xfa86,0xe469,0xdd6b,0xd56b,0xdd8c,0xee4e,0xf66e,0xee0e,0xe5cc,0xd54b,0x9be8,
0x72e5,0x4162,0x4142,0x4142,0x4122,0x4142,0x4162,0x7b06,0x8ba9,0x3921,0x49a2,0x93c9,
0xa48c,0x4142,0x5a25,0x5a03,0x6ac6,0x49c2,0x49a2,0x49a2,0x51e3,0x6264,0x93c7,0x9bc7,
0x9c28,0x9c28,0xa428,0xa428,0x9c28,0x9c28,0x9bc7,0x72a5,0x49a2,0x51c3,0x7307,0xa44c,
0xd5f2,0xeeb5,0xde74,0x93a9,0x8b67,0xa448,0x9c28,0x9c28,0x9c28,0x8ba7,0x5a65,0x5205,
0x5205,0x4a05,0x5205,0x5246,0x5225,0x0000,0x0000,0x0000,0x0000,0x0000,0x0000,0x0000,
0x0000,0x0000,0x0000,0x0000,0x0000,0x0000,0x0000,0x41a4,0x3164,0x2923,0x2123,0x39a4,
0xc570,0xeeb5,0xd5f2,0xc590,0xc570,0x9c0b,0x7b68,0x5a04,0x4162,0x4122,0x4122,0x7b08,
0xcdb1,0xcdf2,0xde33,0xd612,0xcdb0,0xc590,0xc570,0xbd0f,0xaccd,0xacad,0x9c2b,0x8ba9,
0x7b06,0x51e3,0x4982,0x4182,0x4142,0x6aa5,0x4982,0x51e3,0xac6a,0x6286,0x4142,0x49a3,
0x4162,0x9c0b,0x4982,0x4162,0x4982,0x6244,0x6a64,0x6265,0x6244,0x5a44,0x9bc7,0xcd0a,
0xcd0a,0xcd0a,0xc4ea,0xc4c9,0xb448,0xa407,0xa3a7,0x9366,0xd604,0xde24,0xc5c7,0x5a51,
0x51f2,0x5212,0x5214,0x49d4,0x49f4,0x5214,0x61f2,0x7232,0x820e,0xa22c,0xaa0a,0xc229,
0xc228,0xea67,0xda25,0xea66,0xea46,0xe226,0xe246,0xda26,0xea46,0xe246,0xea46,0xea46,
0xda26,0xea66,0xea66,0xfa66,0xea46,0xea46,0xea46,0xf266,0xea46,0xd248,0x9a0c,0x7a10,
0x59f3,0x5214,0x8bd0,0xb4ab,0x9430,0x8392,0xde0b,0xff68,0xff67,0xff68,0xff49,0xff89,
0xff89,0xffaa,0xffa9,0xff67,0xff89,0xff8a,0xfeaa,0xfc69,0xf4a7,0xf567,0xfc08,0xfae6,
0xea88,0xd26a,0x922e,0x6a33,0x5235,0x5a35,0x5a35,0x5a35,0x5a35,0x5215,0x5215,0x5215,
0x49d4,0x49d4,0x49d4,0x49f4,0x5215,0x5215,0x5a35,0x5a35,0x6255,0x6233,0x7253,0x8251,
0x8a4f,0xa24d,0xca8b,0xd28a,0xe268,0xeaa7,0xfa86,0xfa86,0xfa86,0xfa86,0xfa86,0xfa86,
0xfa86,0xfa86,0xec29,0xd56b,0xd54b,0xddac,0xee2e,0xee4f,0xee0d,0xd56c,0xc4ea,0x93a7,
0x6aa4,0x5a24,0x5a24,0x5a04,0x5a24,0x5a24,0x4982,0x7b06,0x8ba8,0x4163,0x49a2,0x8bc9,
0xaccd,0x4142,0x4162,0x5a24,0x72e6,0x4162,0x4982,0x49a2,0x51c3,0x6a84,0x93c7,0x9c08,
0x9c28,0xa428,0xa428,0x9c28,0xa428,0x9c28,0x9be8,0x6a84,0x51c3,0x49a2,0x51c3,0x8368,
0xcdf2,0xeeb5,0xde33,0x93c9,0x7b07,0xa428,0x9c28,0x9c28,0x9be7,0x9c08,0x8346,0x5a45,
0x5225,0x5225,0x5a46,0x5a66,0x5a66,0x0000,0x0000,0x0000,0x0000,0x0000,0x0000,0x0000,
0x0000,0x0000,0x0000,0x0000,0x0000,0x0000,0x0000,0x3163,0x2963,0x2123,0x18e3,0xa48d,
0xe694,0xd612,0xc590,0xc590,0xacad,0x7306,0x51c4,0x4122,0x4142,0x3921,0x51a3,0xbd4f,
0xbd4f,0xc590,0xddf0,0xbd2f,0xa48c,0x8329,0x6246,0x51c3,0x4162,0x4162,0x4162,0x49a2,
0x4982,0x51e3,0x49a2,0x49a2,0x4162,0x6aa5,0x4162,0x51e3,0xac6a,0x72c7,0x3921,0x49a2,
0x4182,0x9c6b,0x5a05,0x4982,0x4984,0x7b07,0x7b06,0x7b06,0x7aa7,0x72c5,0x8b87,0xbca9,
0xbca9,0xbca9,0xc4a9,0xbc68,0x9ba6,0x9365,0x9ba6,0x93c7,0xde24,0xde24,0xc547,0x5a13,
0x49d1,0x49d1,0x5a33,0x49d4,0x51f4,0x51f4,0x49d3,0x49d4,0x49d4,0x49d4,0x49d4,0x49d4,
0x49d4,0x49d3,0x7210,0x7210,0xa20b,0xd26a,0xda26,0xfa86,0xfa86,0xfa86,0xfa86,0xfa86,
0xfa86,0xfa86,0xfa86,0xfa86,0xfa86,0xfa86,0xfa86,0xfa86,0xfa86,0xfa86,0xda26,0xea46,
0xd269,0x9a6e,0x61f2,0x49f4,0xc588,0xff67,0xff67,0xff67,0xff67,0xff49,0xff4b,0xff4a,
0xff67,0xff4b,0xff49,0xff67,0xffaa,0xffaa,0xffab,0xff67,0xfe8b,0xfb48,0xea88,0xb28e,
0x6295,0x5a35,0x5a35,0x6253,0x6ab5,0x5a34,0x49d4,0x49d4,0x5235,0x5235,0x49d4,0x49d4,
0x5215,0x5a35,0x5a35,0x5a35,0x6ab5,0x8a71,0xaa8e,0xba8c,0xda89,0xf287,0xfa87,0xfa87,
0xfa86,0xfa86,0xfa86,0xfa86,0xfa86,0xfa86,0xfa86,0xfa86,0xfa86,0xfa86,0xfa86,0xfa86,
0xe246,0xea66,0xf407,0xd52b,0xd52a,0xc4ea,0xe5ed,0xe5ce,0xdd8c,0xcd0a,0xbca9,0x9bc7,
0x72e5,0x7ae7,0x8328,0x7ac7,0x8348,0x8348,0x49e3,0x8305,0x9c2b,0x4982,0x49a2,0x9be9,
0xaccd,0x51c3,0x4982,0x5203,0x72e6,0x49a2,0x49a2,0x49a2,0x49a2,0x6aa4,0x93c7,0x9c28,
0x9c28,0x9c28,0xa428,0x9c28,0xa428,0x9c28,0x9bc7,0x6a84,0x51e3,0x51c3,0x49a2,0x8b89,
0xeeb5,0xeeb5,0xde74,0xa42b,0x93a8,0xac48,0xac48,0x9c28,0x93c7,0x93c7,0x9c29,0x72e8,
0x5a66,0x5a66,0x5a86,0x62a6,0x5a66,0x0000,0x0000,0x0000,0x0000,0x0000,0x0000,0x0000,
0x0000,0x0000,0x0000,0x0000,0x0000,0x0000,0x0000,0x3163,0x2923,0x2103,0x4a05,0xa46d,
0xa48c,0x8ba9,0x72e7,0x5a24,0x4983,0x4142,0x4122,0x4122,0x3942,0x4142,0x8b89,0x8baa,
0x6266,0x5a04,0x5a04,0x51e3,0x49a2,0x4982,0x4162,0x4982,0x5162,0x4982,0x49a2,0x4982,
0x49a3,0x49a2,0x49a2,0x49a2,0x4162,0x6aa5,0x5a03,0x51e3,0xa46b,0x72e6,0x5a05,0x4982,
0x4142,0x9beb,0x5a04,0x49a3,0x6245,0xeeb5,0xeeb5,0xeeb5,0xeeb5,0xeeb5,0x9be7,0xb427,
0xb427,0xb427,0xb427,0xbc89,0xbc89,0xc4ca,0xc50a,0xa429,0xd604,0xde24,0xc5a6,0x49f1,
0x49d1,0x49d2,0x49d1,0x49d3,0x49d3,0x49d4,0x49f4,0x49d3,0x51f5,0x49d4,0x5215,0x49f5,
0x5215,0x5215,0x5215,0x5215,0x49f5,0x49f4,0x51f4,0x59f3,0x6a11,0x8230,0x924f,0xb24c,
0xba6c,0xd269,0xea88,0xeaa7,0xfa86,0xfa86,0xfa86,0xfa87,0xf307,0xf3c8,0xf407,0xfc29,
0xfbc9,0xf387,0xe2e9,0xdc6c,0xeee9,0xff8a,0xff49,0xff68,0xff67,0xff28,0xff67,0xff67,
0xff67,0xff67,0xff88,0xff49,0xff68,0xff89,0xff89,0xff89,0xff67,0xc48d,0x7ad3,0x8bb2,
0x9c31,0xa472,0x9470,0x8393,0x6b13,0x5a55,0x5215,0x5214,0x5a13,0x7232,0x7a52,0x9270,
0xaa8e,0xcaec,0xd2aa,0xe289,0xea68,0xf2c7,0xfa86,0xfac7,0xfa86,0xfa86,0xfa86,0xfa86,
0xfa86,0xfa86,0xfa86,0xfa86,0xfa86,0xfa86,0xfa86,0xfa86,0xfa86,0xfa86,0xfa86,0xfa66,
0xfa66,0xf266,0xe3e6,0xd50a,0xcd0a,0xccea,0xd54b,0xdd8c,0xc4ea,0xc4a9,0xbca9,0x9366,
0x72e6,0xeeb5,0xf6f7,0xeeb5,0xeef6,0xf6f7,0x72e7,0x7b06,0xa46b,0x51e4,0x4182,0x8ba8,
0xb4ee,0x5a04,0x4982,0x5203,0x8327,0x4162,0x49a2,0x49a2,0x51c3,0x6aa5,0x9be8,0x9be8,
0x9c28,0x9c28,0xa428,0xac48,0xa428,0x9c28,0x9be8,0x7b05,0x51c3,0x51c3,0x49a2,0x8ba8,
0xe694,0xeeb5,0xe694,0xacac,0x8327,0x9c28,0xa448,0x9c28,0x9c08,0x9c08,0x9c28,0x6aa7,
0x5a66,0x62a7,0x62a6,0x5a67,0x5226,0x0000,0x0000,0x0000,0x0000,0x0000,0x0000,0x0000,
0x0000,0x0000,0x0000,0x0000,0x0000,0x0000,0x0000,0x2923,0x2123,0x2123,0x62a8,0x59e4,
0x4162,0x4982,0x5162,0x4162,0x4162,0x4122,0x4142,0x3921,0x4142,0x4983,0x7aa7,0x49a3,
0x49a2,0x49a2,0x4982,0x5162,0x5162,0x4182,0x5162,0x4162,0x4982,0x4982,0x49a2,0x4982,
0x4982,0x49a2,0x5162,0x4982,0x4162,0x6a85,0x5a04,0x51c3,0x9c08,0x93aa,0x51e3,0x49a2,
0x4142,0x9c0b,0x8b88,0x7b28,0x5a24,0xde53,0xde53,0xde53,0xde53,0xde33,0x9387,0xac07,
0xbc88,0xd50a,0xd54b,0xd54b,0xbcaa,0xbcaa,0xbcaa,0xa3e8,0xd604,0xcdc4,0xbd46,0x5a30,
0x5230,0x49d2,0x5a33,0x5a35,0x49f4,0x5235,0x5235,0x5a35,0x5235,0x49d4,0x49d4,0x49f4,
0x49d4,0x5215,0x49f4,0x51f5,0x49d4,0x49d4,0x5215,0x49d4,0x49d4,0x49d4,0x49d4,0x49d4,
0x49d4,0x49d4,0x5a33,0x6a11,0x8a50,0x9a6f,0xba6c,0xd2a9,0xea88,0xea88,0xf287,0xf305,
0xf3e8,0xf5c6,0xf628,0xff4b,0xff89,0xffab,0xffaa,0xffcc,0xffcc,0xffa9,0xffcb,0xff6a,
0xff88,0xff68,0xff67,0xff67,0xff67,0xff67,0xff67,0xff67,0xff4a,0xff49,0xde2b,0xb510,
0x8bb2,0x72b4,0x6254,0x6a54,0x7ab3,0xa28f,0xbaad,0xd2aa,0xe2a9,0xfb28,0xfae7,0xfb28,
0xfa87,0xfa86,0xfb07,0xfa87,0xfb28,0xfa86,0xfa86,0xfa86,0xfa86,0xfa86,0xfa86,0xfa86,
0xfa86,0xfa86,0xfa86,0xfa86,0xfa86,0xfa86,0xfa86,0xfa86,0xfa86,0xfa86,0xfa86,0xfa86,
0xfa86,0xfa86,0xec07,0xbc88,0xc488,0xc488,0xc4a8,0xccc9,0xc4a9,0xb448,0xabe6,0x9366,
0x6264,0xc590,0xcdd1,0xcdd1,0xcdd1,0xcdf2,0x6a85,0x72c5,0xbd2f,0x940a,0x4162,0x8ba7,
0xbd2f,0x51c4,0x51c3,0x51e3,0x7b07,0x4962,0x49a2,0x49a2,0x51c3,0x6aa5,0x93c7,0x9c28,
0x9c28,0x9c28,0xac48,0xac48,0xa448,0xa428,0x9c08,0x8b66,0x5a03,0x51e3,0x6aa5,0x9409,
0xe694,0xeeb5,0xe694,0xb4ed,0x9388,0x9c28,0xa448,0xa428,0x9bc7,0xa428,0x93e8,0x6ac7,
0x62a7,0x62a6,0x5a67,0x5246,0x41e5,0x0000,0x0000,0x0000,0x0000,0x0000,0x0000,0x0000,
0x0000,0x0000,0x0000,0x0000,0x0000,0x0000,0x0000,0x2122,0x2103,0x2103,0x2944,0x9c2c,
0x8368,0x4982,0x4982,0x4162,0x4162,0x4142,0x4142,0x51c3,0x7ae7,0x4162,0x5a24,0x93ea,
0x59e5,0x4162,0x4982,0x49a2,0x5162,0x4982,0x5142,0x4982,0x4982,0x49a2,0x4982,0x4982,
0x49a2,0x49a2,0x4982,0x4162,0x4162,0x6aa6,0x8368,0x51e3,0x93e8,0x9beb,0x6245,0x6a86,
0x4141,0x8368,0xd633,0xa48c,0x4982,0x9388,0x9389,0x93c8,0x93a8,0x8b87,0x9be7,0xcd0a,
0xd56b,0xd56b,0xcd2a,0xcd0c,0xc4ca,0xbcaa,0xb48a,0x9bc7,0xd604,0xd624,0xd5e6,0x5a32,
0x5a33,0x5213,0x5a33,0x5a35,0x51f5,0x51f5,0x49f4,0x5a35,0x5215,0x49d4,0x49d4,0x49f4,
0x49d4,0x49d4,0x49d4,0x49d4,0x49d4,0x49d4,0x49d4,0x49d4,0x49d3,0x49d4,0x49d4,0x49d4,
0x49d4,0x49d4,0x49d4,0x49d4,0x49d4,0x49d4,0x51f4,0x51f3,0x59f3,0x6a33,0x6a12,0x7a51,
0xaa6e,0xca8b,0xed8a,0xff88,0xff68,0xffaa,0xff67,0xffaa,0xffcb,0xffa9,0xffcb,0xffab,
0xff89,0xff68,0xffab,0xffaa,0xff4a,0xff68,0xff67,0xff68,0xff67,0xff68,0xe5ec,0xaaad,
0xc2ab,0xe269,0xe288,0xeaa8,0xf2a7,0xfae7,0xfaa7,0xfb07,0xfac7,0xfaa7,0xfae7,0xfa86,
0xfae7,0xfa86,0xfa86,0xfaa7,0xfa86,0xfa86,0xfa86,0xfa86,0xfa86,0xfa86,0xfa86,0xfa86,
0xfa86,0xfa86,0xfa86,0xfa86,0xfa86,0xfa86,0xfa86,0xfa86,0xfa86,0xfa86,0xfa86,0xfa86,
0xfa86,0xfa86,0xe307,0xac07,0xabe7,0xb427,0xc467,0xc487,0xb447,0xc4a8,0xbc68,0x9b86,
0x72c5,0x93e8,0x9be8,0x9be8,0x9be8,0x9c0a,0x5203,0x72a5,0xc56f,0xb4ee,0x4162,0x8b87,
0xc570,0x8b68,0x9c0b,0x51e3,0xa48c,0x5204,0x4982,0x49a2,0x51e3,0x6aa5,0x9c08,0x9be8,
0x9c28,0xa428,0xa488,0xac48,0xa448,0xa428,0x9c08,0x93c7,0x8326,0x8b66,0x6aa5,0x72c5,
0xcdd1,0xeeb5,0xe694,0xcdd1,0x8347,0x8b87,0xa448,0xac48,0xa428,0x8ba7,0x6286,0x5a46,
0x5a86,0x5a66,0x5245,0x41e5,0x3984,0x0000,0x0000,0x0000,0x0000,0x0000,0x0000,0x0000,
0x0000,0x0000,0x0000,0x0000,0x0000,0x0000,0x0000,0x18e3,0x2103,0x1903,0x2123,0x41e5,
0xa4ad,0xa44c,0x6244,0x4162,0x4162,0x4122,0x7ae7,0x93ea,0x72e6,0x4142,0x49a3,0x5a04,
0x9c2b,0x8389,0x5a25,0x51c3,0x51c3,0x4983,0x4182,0x4182,0x4162,0x4962,0x4982,0x4982,
0x4982,0x4982,0x49a2,0x4162,0x4122,0x6265,0xb4ed,0x5a04,0x9be8,0xb50e,0xa44b,0xa44c,
0x4142,0x7b06,0xde74,0xb4cd,0x49a3,0x93c7,0x9c28,0x9be8,0x9be8,0x93c8,0xa407,0xc4ea,
0xcd0a,0xd52a,0xd54b,0xcd0a,0xbcaa,0xbca9,0xb468,0x9b67,0xde25,0xeea4,0xd5c6,0x5a50,
0x5a33,0x51f2,0x49d4,0x51f5,0x5215,0x49d4,0x51f5,0x49d4,0x49d4,0x49d4,0x49d4,0x49d4,
0x49d4,0x51f5,0x51f5,0x49d4,0x49d4,0x49d4,0x49d4,0x49d4,0x49f4,0x49f4,0x49f4,0x49f5,
0x51f5,0x51f5,0x51f5,0x51f5,0x5215,0x5a34,0x6af3,0x7b52,0x72f2,0x7b6f,0x8390,0x8bb0,
0x8370,0x8371,0xe6c9,0xff67,0xff68,0xff67,0xff49,0xff88,0xff69,0xff89,0xff67,0xff88,
0xffaa,0xffcb,0xffa9,0xffaa,0xffab,0xffab,0xffcc,0xff8a,0xff89,0xff68,0xff28,0xf466,
0xec06,0xf487,0xf449,0xf407,0xf3a8,0xf407,0xf3c8,0xfb28,0xfac7,0xfae7,0xfaa7,0xfb07,
0xfa86,0xfa87,0xfaa7,0xfa86,0xfa86,0xfa86,0xfa86,0xfa86,0xfa86,0xfa86,0xfa86,0xfa86,
0xfaa7,0xfa86,0xfa86,0xfa86,0xfa86,0xfa86,0xfa86,0xfa86,0xfa86,0xfa86,0xfa86,0xfa86,
0xfa86,0xfa86,0xf407,0xccea,0xd52a,0xd54b,0xe5ed,0xf68f,0xee2e,0xe5ed,0xd54b,0x9bc8,
0x6285,0x8ba7,0x8ba7,0x8ba7,0x93a7,0x93a7,0x51e3,0x6264,0xacac,0xa46c,0x4162,0x8366,
0xbd4f,0xcdd1,0xbd2f,0x51e3,0xbd4f,0x6264,0x4182,0x49a2,0x51c3,0x6aa4,0x93c7,0x9c08,
0x9c28,0xa448,0xac48,0xa488,0xac48,0xa428,0x9c28,0x9c08,0x93e8,0x6aa5,0x49c2,0x6a84,
0xcdf2,0xeeb5,0xde33,0xbd0e,0xa44a,0x8b67,0x9c48,0x9c08,0x93e8,0x5a45,0x5226,0x5246,
0x5205,0x4a05,0x41c4,0x3984,0x2923,0x0000,0x0000,0x0000,0x0000,0x0000,0x0000,0x0000,
0x0000,0x0000,0x0000,0x0000,0x0000,0x0000,0x0000,0x1903,0x1903,0x2102,0x2123,0x3164,
0x41c5,0x9c2b,0xc590,0x5a24,0x4142,0x4122,0x5a24,0x7b26,0x49c3,0x4142,0x4162,0x4122,
0x4982,0x9c0b,0xd5f2,0xc570,0xb4ee,0xacac,0x9c2b,0x9beb,0x93aa,0x93aa,0x8368,0x72a7,
0x6265,0x51c3,0x51e3,0x5a44,0x5a03,0x6264,0xe694,0x6245,0x8b67,0xc590,0xde74,0xc590,
0x51c3,0x72e5,0xcdb1,0xb4ed,0x5a44,0x5a24,0x6a64,0x72a5,0x72a5,0x6264,0x93a7,0xc4ea,
0xd54b,0xd52a,0xd52a,0xc4c9,0xbca9,0xac48,0xac28,0x9bc7,0xde44,0xde24,0xd5c6,0x5a50,
0x5a50,0x49d1,0x49d1,0x49d4,0x49d4,0x49d4,0x49d4,0x49d4,0x49d4,0x49f4,0x5a35,0x5a35,
0x5a35,0x5a35,0x5a35,0x51f5,0x5a35,0x5a35,0x5a35,0x5235,0x5215,0x5235,0x49d4,0x5a35,
0x5a35,0x5215,0x5a35,0x5a35,0x5a35,0x5a55,0x5a55,0x5a55,0x5a55,0x72d4,0x72f4,0x8c2f,
0xa4f1,0xd62c,0xffcc,0xffcc,0xffcc,0xffcc,0xff88,0xffaa,0xff67,0xff67,0xff67,0xff67,
0xff67,0xff67,0xffa9,0xffcb,0xffaa,0xff88,0xff88,0xff89,0xff67,0xffcc,0xffaa,0xfdea,
0xf3e7,0xfaa6,0xfba2,0xfb28,0xfa86,0xfa86,0xfa87,0xfa86,0xfa86,0xfb08,0xfa86,0xfa86,
0xfa86,0xfa86,0xfa86,0xfa86,0xfa86,0xfa86,0xfa86,0xfb07,0xfa86,0xfb28,0xfa86,0xfa86,
0xfa86,0xfa86,0xfa86,0xfa86,0xfa86,0xfa86,0xfa86,0xfa86,0xfa86,0xfa86,0xfa86,0xfa86,
0xfa86,0xfa86,0xf407,0xe5ac,0xd56b,0xd56b,0xdd8c,0xf68f,0xe5ed,0xd54b,0xc4ea,0x9bc7,
0x5a25,0x49a2,0x4162,0x41a3,0x49a2,0x4162,0x4162,0x5a03,0x9c2a,0x8ba9,0x4162,0x8326,
0xaccc,0xeeb5,0xbd2f,0x5a24,0xbd4f,0x62a6,0x4162,0x49a2,0x49a2,0x6a64,0x9c28,0x9c08,
0x9c28,0xac48,0xa428,0x9c28,0xa468,0xac48,0xac48,0x9c28,0x7b46,0x5a24,0x6a84,0x7b06,
0xd613,0xeeb5,0xbd4f,0xac49,0xa44a,0x93a9,0x8b67,0x8b68,0xa48b,0x49e5,0x41e5,0x41e4,
0x41a4,0x39a4,0x3163,0x2923,0x2122,0x0000,0x0000,0x0000,0x0000,0x0000,0x0000,0x0000,
0x0000,0x0000,0x0000,0x0000,0x0000,0x0000,0x0000,0x2122,0x2123,0x18e3,0x18e3,0x2943,
0x39a5,0x51e4,0x9c2b,0xb4ed,0xa48c,0x6a86,0x4162,0x59e4,0x7ae7,0x51c3,0x4122,0x4122,
0x4122,0x4142,0x72c6,0xb4ed,0xd5f2,0xd612,0xd612,0xd612,0xcdd1,0xd5f2,0xc590,0xc590,
0xc570,0xb4ed,0x93c8,0x9be8,0x5a04,0x51e3,0xd612,0x6a86,0x7b26,0xb4ed,0xe694,0xbd4f,
0x6244,0x6a84,0xa44a,0xa449,0x6244,0x3901,0x2880,0x28a1,0x28a1,0x2880,0x8326,0xcce9,
0xc4a9,0xc4c9,0xc4a8,0xac07,0xa3a7,0x9b86,0x9365,0x9386,0xd5a5,0xde24,0xcdc6,0x7aac,
0x79ee,0x820e,0x7a30,0x8a50,0x926f,0x9270,0x9270,0x9270,0x9270,0xa28f,0x9a4f,0x9a4e,
0x9a4f,0xa24e,0xa24e,0xa24e,0x9a4f,0xa24e,0x9a4e,0xa24e,0x9a4f,0xa24e,0x9a4f,0xa24e,
0xa24e,0xa26e,0xa26e,0xa24e,0xb2ad,0xcaec,0xc28b,0xcaec,0xcaec,0xcaec,0xcaec,0xcaec,
0xca8b,0xe52c,0xffab,0xffcc,0xffab,0xffcc,0xffcc,0xffcc,0xffcc,0xffcc,0xff8b,0xff8b,
0xff89,0xff8a,0xff88,0xff67,0xff88,0xff68,0xffaa,0xff89,0xff89,0xff89,0xffaa,0xddec,
0x8ab1,0x8ab2,0x7a72,0x8270,0x7a52,0x8251,0x7a72,0x7a72,0x8a51,0x9250,0x9250,0x8a50,
0x8a30,0x8a51,0x8a51,0x8a51,0x8a51,0x8a71,0x9291,0x9291,0x8a51,0x8a51,0x8a51,0x8a51,
0x8251,0x8230,0x8230,0x7a31,0x8230,0x8a50,0x8a50,0x924f,0x8a50,0x9250,0x8a50,0x8a50,
0x8a50,0x8a50,0xac0c,0xdd4b,0xd52a,0xd52a,0xdd6b,0xdd6b,0xd50a,0xbc89,0xb448,0x9345,
0x5a03,0x41e5,0x39a4,0x3163,0x2923,0x2923,0x3962,0x49c3,0x93c8,0x7b06,0x4162,0x7b26,
0x9c2a,0xde33,0xb50e,0x6a84,0xacac,0x6a84,0x4162,0x4982,0x49a2,0x5203,0x8366,0x9be7,
0x9c28,0x9c28,0xa448,0xac48,0x9c28,0x9c09,0xb50d,0xd5f2,0xa46b,0x93e9,0xa40a,0xc56f,
0xe674,0xeeb5,0xbd4f,0x8327,0x93a9,0x93c8,0xa44b,0xaccd,0xbd4f,0x4a05,0x3984,0x3984,
0x3163,0x3143,0x2923,0x2923,0x2923,0x0000,0x0000,0x0000,0x0000,0x0000,0x0000,0x0000,
0x0000,0x0000,0x0000,0x0000,0x0000,0x0000,0x0000,0x2122,0x2122,0x2102,0x18c2,0x2103,
0x2963,0x41c4,0xaccd,0x8ba7,0xc590,0xe674,0x8ba9,0x4962,0x6a66,0x4963,0x4122,0x4122,
0x4122,0x3962,0x4122,0x49c3,0x8b88,0xa48c,0xbd4f,0xcdf1,0xcdf2,0xcdd1,0xc590,0xc570,
0xb4ee,0x9c2b,0x93a8,0x5a03,0x3921,0x59e3,0xc570,0x72e6,0x72c5,0xa42a,0xde74,0xb50e,
0x7b26,0x51e3,0x9c0a,0x9c08,0x5a03,0x30a1,0x1020,0x2020,0x2020,0x2020,0x72a4,0xb448,
0xb427,0xbc47,0xabe6,0x9ba6,0xa3e6,0xbca9,0xc4ea,0xa429,0xcda5,0xde24,0xde44,0xe2c7,
0xe2c7,0xe2c7,0xfa86,0xfac7,0xfb08,0xfa87,0xfa86,0xfa86,0xfae7,0xfa86,0xfa86,0xfa86,
0xfa86,0xfa86,0xfa86,0xfa86,0xfa86,0xfa86,0xfa86,0xfa86,0xfa86,0xfa86,0xfa86,0xfa86,
0xfa86,0xfa86,0xfa86,0xfa86,0xfa86,0xfa86,0xfaa7,0xfaa7,0xfaa7,0xfb28,0xf3c7,0xf428,
0xf52a,0xff08,0xffaa,0xffcc,0xffcc,0xffcb,0xffcc,0xffcc,0xffcc,0xffcc,0xffcc,0xffcb,
0xffcc,0xffcb,0xffcb,0xffcc,0xff69,0xff6a,0xff88,0xff67,0xffab,0xffaa,0xff88,0xff4b,
0xcdcd,0xbd6e,0xad11,0x7b34,0x7b14,0x6ad5,0x5a95,0x4a14,0x5235,0x5a34,0x49f4,0x5a35,
0x5a55,0x6a95,0x6295,0x6295,0x5a35,0x5a35,0x5a35,0x5a35,0x5a35,0x5235,0x5235,0x5235,
0x49f4,0x49f4,0x49f4,0x5a35,0x5a35,0x5a35,0x5a35,0x5a35,0x5a35,0x5a35,0x5a35,0x5235,
0x5235,0x5a35,0x840f,0xc467,0xbc68,0xc467,0xb447,0xcc87,0xb427,0xac07,0xa3e7,0x8b25,
0x6264,0x4205,0x3984,0x2943,0x2923,0x2123,0x3942,0x4962,0x8367,0x7305,0x4162,0x72c5,
0x9c29,0xcdd1,0xacac,0x6aa5,0xa44b,0x6a84,0x4182,0x4162,0x49a2,0x49a2,0x51e3,0x7ac4,
0x8b87,0x8ba7,0x8ba7,0x8b87,0x8b87,0xb50d,0xf717,0xeeb5,0xe694,0xb50d,0x9c0a,0xcdd1,
0xeeb5,0xeeb5,0xd5f2,0x8348,0x8367,0xa44d,0xd5f2,0xb4ee,0xc570,0x4a04,0x3163,0x3163,
0x3143,0x3163,0x3143,0x3163,0x3163,0x0000,0x0000,0x0000,0x0000,0x0000,0x0000,0x0000,
0x0000,0x0000,0x0000,0x0000,0x0000,0x0000,0x0000,0x2122,0x2123,0x2103,0x18c2,0x18e3,
0x2123,0x3163,0xb4cd,0x9bc7,0x93e8,0xac8b,0xde33,0x9c2b,0x49a3,0x51c3,0x4122,0x4162,
0x4122,0x4122,0x4142,0x4942,0x6a86,0x4162,0x51e3,0x6a85,0x7b06,0x8368,0x8b88,0x8347,
0x72c5,0x5a23,0x4982,0x3942,0x51e3,0x5a23,0xa46c,0x7b27,0x5a23,0x9c08,0xcdb1,0xac8c,
0x8b87,0x4141,0x7b06,0x7b06,0x49c2,0x1860,0x2020,0x1820,0x2020,0x2020,0x6a64,0xabe6,
0xac07,0xc488,0xccea,0xcd2a,0xd54b,0xdd6c,0xcccc,0xa3e8,0xde06,0xeea4,0xe684,0xeae7,
0xe2a7,0xe2c7,0xfa86,0xfac7,0xfb07,0xfaa7,0xfa86,0xfa86,0xfa86,0xfa86,0xfa86,0xfa86,
0xfa86,0xfa86,0xfa86,0xfa86,0xfa86,0xfa86,0xfa86,0xfa86,0xfa86,0xfa86,0xfa86,0xfa86,
0xfa86,0xfa86,0xfa86,0xfa86,0xfa86,0xfa86,0xf3e8,0xf3e8,0xf407,0xf468,0xf447,0xfc07,
0xf428,0xf5aa,0xffaa,0xff88,0xffcb,0xffab,0xffcc,0xffcc,0xffcc,0xffcc,0xffcc,0xffab,
0xff75,0xffac,0xffcb,0xff89,0xffcc,0xff89,0xffcc,0xff89,0xff67,0xff68,0xff88,0xedea,
0xab6e,0xa38f,0x8bb2,0x8bb3,0x9450,0x7b54,0x9cb2,0x7332,0x5235,0x5235,0x6275,0x5a35,
0x5a55,0x5a35,0x5a35,0x5a35,0x5a35,0x5a35,0x51f5,0x5215,0x49f5,0x49d4,0x5235,0x5235,
0x5a35,0x5a35,0x5a35,0x5a35,0x5a35,0x5a35,0x5a35,0x5a35,0x5a35,0x5a35,0x5a35,0x5215,
0x5235,0x5235,0x83ef,0xd54a,0xdd6b,0xdd8b,0xe5cc,0xee4e,0xe5ed,0xddac,0xd56b,0xa408,
0x62a6,0x4a05,0x39a4,0x3163,0x2923,0x2923,0x3142,0x4162,0x5a03,0x51c3,0x4162,0x6aa5,
0x9c28,0xa46c,0xa449,0x6264,0x93e8,0x6a84,0x4162,0x4982,0x49a2,0x49a2,0x5a23,0x8ba7,
0xa408,0xa408,0x8b88,0xa44b,0x8327,0xb4ab,0xe674,0xeeb5,0xe694,0xd612,0xde33,0xe694,
0xeeb5,0xeeb5,0xc570,0x8ba7,0xbd4f,0xd612,0xcdb1,0xb4cd,0xb4ee,0x4a04,0x3163,0x3963,
0x3163,0x3163,0x3963,0x3983,0x41a4,0x0000,0x0000,0x0000,0x0000,0x0000,0x0000,0x0000,
0x0000,0x0000,0x0000,0x0000,0x0000,0x0000,0x0000,0x2123,0x2923,0x2123,0x2122,0x2103,
0x2123,0x2922,0x9c2a,0x9bc7,0x9c28,0x9c28,0x93c8,0xb4ee,0xbd4f,0xa46c,0x6aa6,0x5a03,
0x51a3,0x4162,0x4162,0x4982,0x4162,0x4162,0x4162,0x4983,0x49a3,0x6265,0x6225,0x51e3,
0x49a2,0x4162,0x4162,0x4162,0x6a84,0x4982,0x93a7,0x8326,0x51c3,0x9be8,0x9bea,0xa44a,
0x8346,0x4162,0x4162,0x4982,0x38c1,0x2820,0x1020,0x1020,0x2020,0x1020,0x7aa4,0xc4a9,
0xdd6b,0xe5ac,0xd56b,0xd52b,0xc4ea,0xc4eb,0xbc89,0x9bc7,0xd5e5,0xeea4,0xe687,0xe2a7,
0xe287,0xea87,0xfa86,0xfa86,0xfa86,0xfa86,0xfa86,0xfa86,0xfa86,0xfa86,0xfa86,0xfa86,
0xfa86,0xfa86,0xfa86,0xfa86,0xf266,0xfa86,0xfa86,0xf266,0xea66,0xf266,0xf266,0xea46,
0xf266,0xf266,0xf266,0xfa66,0xfa86,0xf266,0xf266,0xf266,0xe268,0xca49,0x9a4d,0x8251,
0x6212,0xa44e,0xff68,0xff67,0xff89,0xff67,0xff88,0xffab,0xffaf,0xffb0,0xff79,0xffba,
0xddd1,0xf737,0xff99,0xffd0,0xffad,0xffab,0xffcb,0xffab,0xffaa,0xffcc,0xff89,0xf529,
0xfac7,0xe269,0xca8b,0xaa8e,0x92b1,0x7a73,0x6a54,0x5a75,0x6295,0x6275,0x5a55,0x6295,
0x6275,0x5a35,0x5a35,0x5235,0x5215,0x49f4,0x5a35,0x5a35,0x5a35,0x5a35,0x5a55,0x5a35,
0x5a35,0x5a35,0x5a35,0x5a35,0x5a35,0x5a35,0x5a35,0x5a35,0x5215,0x5a35,0x5a35,0x5215,
0x5215,0x5215,0x8b90,0xe5cc,0xe5cd,0xddac,0xdd8c,0xee4f,0xe5ed,0xdd8c,0xcd0a,0x9be8,
0x6a84,0x41c4,0x39a4,0x31a4,0x3163,0x3163,0x3163,0x3163,0x3962,0x4162,0x4982,0x5a23,
0xa428,0x9c09,0x9c08,0x51e3,0x93c7,0x5a24,0x4162,0x4162,0x49a2,0x49a2,0x51e3,0x8ba7,
0x9c28,0xa468,0x8ba8,0xa44b,0x8b88,0xaccd,0xe694,0xeeb5,0xeeb5,0xeed5,0xeeb5,0xeed5,
0xde53,0xbd0e,0xac8c,0xcdb1,0xd612,0xcdd1,0xc590,0xa48c,0xaccd,0x5205,0x39a3,0x3963,
0x3163,0x3163,0x3163,0x3983,0x41a4,0x0000,0x0000,0x0000,0x0000,0x0000,0x0000,0x0000,
0x0000,0x0000,0x0000,0x0000,0x0000,0x0000,0x0000,0x2963,0x2964,0x2944,0x2943,0x2944,
0x2943,0x2923,0x8ba8,0x7b46,0x9be8,0x9c28,0xa428,0x8b67,0x8b87,0xbd4f,0xe694,0xde73,
0xb4ee,0x72e6,0x5a03,0x49a2,0x4162,0x6a85,0xa46c,0xaccd,0x7b26,0xcdd1,0xc570,0xaccd,
0x7ae8,0x8346,0x72c5,0x6265,0x49a3,0x4122,0x7b26,0x8326,0x4162,0x8b46,0xa428,0xa4a8,
0x72e5,0x4142,0x38a0,0x3820,0x3820,0x3820,0x3020,0x2020,0x1020,0x1020,0x7b06,0xc4ea,
0xd54b,0xd54b,0xccea,0xc4ea,0xbca9,0xbca9,0xa428,0x9366,0xd5e5,0xeec4,0xe684,0xd386,
0xe2c7,0xda26,0xfa86,0xfa86,0xfa86,0xfa86,0xfa86,0xfa86,0xfa86,0xfa86,0xfa86,0xea46,
0xfa86,0xea66,0xe246,0xfa86,0xfa86,0xfa86,0xfa86,0xfa66,0xfa86,0xfa86,0xfa86,0xfa86,
0xfa66,0xfa86,0xfa66,0xfa86,0xf2a7,0xda69,0xa26f,0x7294,0x5a35,0x5214,0x5235,0x7331,
0xb4ee,0xe6a6,0xff4a,0xff67,0xff67,0xff4b,0xf6ed,0xff57,0xff58,0xff99,0xffba,0xe5b2,
0xe349,0xc44c,0xde95,0xffba,0xffb9,0xff99,0xeed4,0xffcc,0xffcb,0xff67,0xffab,0xff47,
0xff27,0xf4aa,0xfac7,0xfa86,0xfa87,0xf287,0xf329,0xc28c,0xa28f,0x72b4,0x5a55,0x5a35,
0x5a35,0x5235,0x49f4,0x5235,0x5a35,0x6275,0x6ab5,0x5a35,0x5a35,0x5a35,0x5a55,0x5a35,
0x5a35,0x5a35,0x5a35,0x5a35,0x5a35,0x5a35,0x5a35,0x5a35,0x5215,0x49f4,0x5215,0x49d4,
0x49d4,0x49d4,0x83f0,0xee2c,0xe5ab,0xe5ab,0xddac,0xe5cd,0xddac,0xd54b,0xc4c9,0x8b87,
0x6264,0x41a4,0x31a4,0x3164,0x31a4,0x3163,0x3163,0x2943,0x2943,0x3162,0x4982,0x51e3,
0x9bc7,0xa448,0x8346,0x4982,0x7ae5,0x6264,0x49c3,0x49a2,0x4162,0x49a2,0x49a2,0x8b66,
0x9c28,0xa428,0x9be9,0x9c29,0x8b67,0x9409,0xe694,0xeeb5,0xeeb5,0xeeb5,0xeeb5,0xd5f2,
0x9c0a,0x7ae5,0xbd2f,0xd633,0xcdd1,0xc590,0xbd4f,0x8b89,0xa48c,0x4a05,0x41a4,0x39a3,
0x3163,0x3163,0x3163,0x3163,0x3163,0x0000,0x0000,0x0000,0x0000,0x0000,0x0000,0x0000,
0x0000,0x0000,0x0000,0x0000,0x0000,0x0000,0x0000,0x3984,0x39a5,0x3984,0x3985,0x3984,
0x3164,0x2964,0x8347,0x7b06,0x8346,0x9c28,0xa468,0xa448,0x7ae6,0x7b07,0x93c9,0xb4ed,
0xd612,0xeeb5,0xde54,0x9c4b,0x93ea,0xacad,0xeed6,0xcdb1,0xbd0e,0xcdd1,0xc590,0xc590,
0xa46c,0xa468,0x7b26,0x72c7,0x4142,0x49a3,0x5203,0x6a84,0x4982,0x5a24,0x9be8,0x9be8,
0x5a24,0x4982,0x2840,0x2820,0x3020,0x3820,0x3820,0x3020,0x2020,0x1820,0x7ae5,0xcd0a,
0xcce9,0xbc88,0xb448,0xb447,0xabe6,0xbc68,0xc4c9,0xa428,0xd5e5,0xde24,0xde24,0xe2a7,
0xda26,0xda26,0xea46,0xfa86,0xfa86,0xfa86,0xfa86,0xfa86,0xfa86,0xfa86,0xfa86,0xfa86,
0xfa86,0xfa86,0xfa86,0xfa86,0xfa86,0xfa86,0xfa86,0xfa86,0xfa86,0xfa86,0xfa86,0xf287,
0xda89,0xc28c,0x9a6e,0x8272,0x6a74,0x5a35,0x5a35,0x5a55,0x6295,0x93f2,0xa4af,0xaccf,
0xa451,0x7333,0xd64f,0xff52,0xffb3,0xf738,0xff99,0xff79,0xff79,0xe654,0xd50f,0xcae8,
0xeaa7,0xca66,0xc40b,0xcd30,0xf758,0xffba,0xffba,0xff79,0xf737,0xff93,0xff4c,0xfba9,
0xfb88,0xf506,0xfd69,0xfcc9,0xf387,0xf327,0xfa86,0xfaa7,0xfae7,0xea88,0xda89,0xc26b,
0xa26d,0x8272,0x7253,0x6275,0x6275,0x5a55,0x5a35,0x5a35,0x5a75,0x5a35,0x5a35,0x5a35,
0x5a35,0x5a35,0x5a35,0x51f5,0x5215,0x5215,0x51f5,0x5215,0x49d4,0x49d4,0x49d4,0x49f4,
0x49f4,0x49d4,0x940f,0xed8b,0xd52b,0xdd4a,0xd54b,0xd54b,0xd54b,0xc4ea,0xbca9,0x9386,
0x5a03,0x39a4,0x3183,0x3183,0x39a4,0x39a4,0x3163,0x3143,0x2923,0x2923,0x4162,0x49a2,
0x6244,0x8346,0x5a03,0x4982,0x51e3,0x4982,0x5a44,0x4162,0x51e3,0x4982,0x49a2,0x72c5,
0x9be8,0xa468,0xa408,0x9387,0x8b47,0x8327,0xacac,0xd612,0xd5af,0xbd4e,0xa46b,0x93c8,
0xa44b,0x93eb,0x8368,0xbd2e,0xbd4f,0xb4ed,0xac8b,0x8bc8,0x93e8,0x5225,0x41c4,0x39a4,
0x3983,0x3163,0x2943,0x2943,0x2922,0x0000,0x0000,0x0000,0x0000,0x0000,0x0000,0x0000,
0x0000,0x0000,0x0000,0x0000,0x0000,0x0000,0x0000,0x39a5,0x39a5,0x39a5,0x39a5,0x39a5,
0x39a4,0x3164,0x6285,0x7ae6,0x5a23,0x93a7,0x9c28,0x8b87,0x8328,0xacad,0xe674,0x9c2b,
0x7b26,0xa44b,0xddf0,0xe694,0xeeb5,0xeeb5,0xeeb5,0xde74,0xd612,0xcdd1,0xc590,0xbd2f,
0x9be9,0x8366,0x7b27,0x49a2,0x49a2,0x51c3,0x49a2,0x49a2,0x4162,0x4982,0x5a44,0x6244,
0x49a2,0x30c1,0x2020,0x3020,0x3020,0x3820,0x3820,0x3820,0x3020,0x2020,0x7284,0xc488,
0xb427,0xabe6,0xb427,0xc4a9,0xdd6c,0xe60e,0xe5ac,0xac6b,0xd5e5,0xde24,0xde24,0xe2a3,
0xda25,0xda26,0xe226,0xfa87,0xfa87,0xfa87,0xfa87,0xfa87,0xfa86,0xfa86,0xfa86,0xfa86,
0xfa86,0xfac7,0xfa86,0xfa86,0xfa86,0xfa86,0xf287,0xf267,0xe2a8,0xc26b,0x8a50,0x7252,
0x5235,0x5215,0x5235,0x5235,0x5215,0x5a35,0x5a35,0x72f4,0x9472,0x7b72,0x5a35,0x5a75,
0x8375,0xc617,0xff79,0xffba,0xffba,0xffba,0xffba,0xffba,0xff99,0xdd2f,0xd289,0xc2a7,
0xd287,0xd266,0xb2a6,0xca87,0xd5b1,0xff99,0xff9a,0xffba,0xffba,0xffba,0xffba,0xff79,
0xf570,0xf3a9,0xfaa7,0xfb48,0xf3c7,0xf429,0xfb48,0xfa87,0xfa87,0xfa87,0xfa87,0xfb28,
0xfb28,0xfb28,0xfb28,0xc28c,0xb2ad,0x8a92,0x72b4,0x5a55,0x5a55,0x5a35,0x5235,0x5a35,
0x5235,0x5235,0x49f4,0x5215,0x49d4,0x49d4,0x49f4,0x49f4,0x49f4,0x5a35,0x5a35,0x5a35,
0x5a35,0x5a35,0x840f,0xd509,0xcce9,0xccc9,0xccc9,0xc4c9,0xcce9,0xb448,0xb427,0x8b06,
0x51e3,0x41c4,0x31a4,0x39a4,0x41a4,0x41a4,0x3984,0x3143,0x2923,0x2923,0x3163,0x4182,
0x49a2,0x49a2,0x41a3,0x3962,0x3963,0x3962,0x6284,0x51e4,0x5a04,0x7b26,0x49c2,0x51e3,
0x8366,0xa428,0xa468,0x9bc9,0x8b88,0x8b67,0x93c8,0x9387,0x8b67,0x8b87,0x8b67,0x93c9,
0x93c8,0x9c28,0x93eb,0x8b49,0x8ba9,0x93e8,0xb4aa,0x8ba7,0xa428,0x5225,0x4a05,0x41e4,
0x39a4,0x3163,0x2963,0x2923,0x2122,0x0000,0x0000,0x0000,0x0000,0x0000,0x0000,0x0000,
0x0000,0x0000,0x0000,0x0000,0x0000,0x0000,0x0000,0x39a5,0x41e5,0x39a5,0x39a4,0x39a4,
0x31a5,0x31a5,0x5a45,0x8387,0x49c2,0x6244,0x8366,0x72e6,0xa46c,0xd612,0xbd4f,0xbd2f,
0x8b88,0x6a85,0x7ae6,0x93e9,0xb4cc,0xcdb1,0xc570,0xcdb1,0xcdb1,0xbd4f,0xa48c,0x93a8,
0x6265,0x4162,0x6264,0x49a2,0x6a85,0x5a03,0x3163,0x3983,0x39a4,0x41a3,0x49a2,0x49a2,
0x41a3,0x3102,0x2820,0x2820,0x2820,0x3820,0x3820,0x3820,0x3020,0x1820,0x6a64,0xb448,
0xbca9,0xd52a,0xdd6b,0xddad,0xe5ce,0xe5ee,0xcd2b,0xac29,0xcda5,0xd604,0xde24,0xe367,
0xe287,0xe2a7,0xfa86,0xfb28,0xfac7,0xfac7,0xfaa7,0xfaa7,0xfa86,0xfa87,0xfa87,0xfa86,
0xfa86,0xfa86,0xfa86,0xf2a7,0xd269,0xb26d,0x8a4f,0x61f2,0x59f3,0x51f4,0x49d4,0x49d4,
0x49d4,0x49d4,0x49d4,0x49d4,0x49f5,0x51f5,0x51f4,0x51f4,0x49f4,0x5235,0x8c13,0xcdf7,
0xef18,0xff79,0xff99,0xff79,0xffba,0xffba,0xffba,0xf738,0xc4ce,0xd309,0xe2c8,0xd3e9,
0xc469,0xdc0a,0xd328,0xeaa7,0xb3aa,0xcd30,0xff38,0xff79,0xff79,0xffba,0xffba,0xffba,
0xffba,0xf778,0xfe34,0xfc4c,0xfb07,0xfac7,0xfb48,0xfb07,0xfac7,0xfb48,0xfae7,0xfa87,
0xfb07,0xfb07,0xfaa7,0xfae7,0xfaa7,0xf287,0xea88,0xda69,0xc2ac,0xa26e,0x7232,0x5a34,
0x49f4,0x49d4,0x5215,0x5215,0x5215,0x5215,0x5a35,0x5a35,0x5a35,0x5a35,0x5a35,0x5a35,
0x5a35,0x5a35,0x92d0,0xc487,0xc487,0xbc47,0xb407,0xbc27,0xc467,0xb427,0xabe6,0x9345,
0x6265,0x4a05,0x39a4,0x41c4,0x41e4,0x49e4,0x41a4,0x3963,0x2943,0x2943,0x3164,0x39c4,
0x41c4,0x41c5,0x39c5,0x31a4,0x3143,0x2963,0x4182,0x72e5,0x4983,0x6ac5,0x93c9,0x5203,
0x49a3,0x6244,0x72a5,0x7b06,0x8326,0x8346,0x9387,0x9be8,0xa428,0xac8a,0xac49,0xac6a,
0xa449,0xa428,0xa429,0x8bc9,0x8b89,0xac48,0xa428,0x8326,0x8ba7,0x5246,0x4a26,0x41e5,
0x41c4,0x39a4,0x3163,0x3163,0x2943,0x0000,0x0000,0x0000,0x0000,0x0000,0x0000,0x0000,
0x0000,0x0000,0x0000,0x0000,0x0000,0x0000,0x0000,0x49e5,0x49e5,0x41e5,0x41e5,0x41c5,
0x41c5,0x41e5,0x5204,0x8b87,0x49c2,0x51c3,0x6a84,0xa48c,0xd5f2,0xb4ce,0x8b47,0xbcac,
0x8347,0x8b66,0x8347,0x8ba8,0x8367,0x93a7,0x8367,0x8b87,0x8ba7,0x8b87,0x7b26,0x5a24,
0x49a3,0x8347,0x5a23,0x6285,0x72c5,0x41a3,0x41e4,0x41c4,0x39a4,0x39a4,0x39a4,0x39a4,
0x39a4,0x3964,0x2020,0x2820,0x3820,0x3820,0x3820,0x3820,0x3020,0x1820,0x7ae5,0xd52a,
0xdd8c,0xe5cc,0xd56b,0xd54b,0xdd8c,0xd54c,0xc4ac,0x9be8,0xd5e5,0xe664,0xe6a4,0xf308,
0xe2c7,0xe2a7,0xfa86,0xfac7,0xfa87,0xfaa7,0xfa86,0xfa86,0xfa86,0xfa86,0xf266,0xea88,
0xda69,0xba6c,0xa26e,0x7211,0x5a34,0x51f5,0x51f5,0x51f5,0x51f5,0x5a35,0x5215,0x5a35,
0x5a35,0x5a35,0x5235,0x5235,0x5a35,0x5a35,0x5235,0x6af4,0x93f6,0xde96,0xff79,0xff79,
0xff79,0xff79,0xff79,0xff79,0xff58,0xff99,0xff99,0xe674,0xaae8,0xb368,0xbbea,0xd4e9,
0xe5c6,0xe5e7,0xab0b,0xa34b,0xb309,0xcbcb,0xf779,0xff9a,0xff79,0xff79,0xff58,0xff58,
0xff9a,0xffba,0xffba,0xffba,0xfe94,0xf4ce,0xfb49,0xfae7,0xfac7,0xfb48,0xfae7,0xfb07,
0xfaa7,0xfa86,0xfa86,0xfa86,0xfa86,0xfa86,0xfa86,0xfa86,0xfa86,0xfa86,0xf266,0xe269,
0xbaad,0xa28f,0x7a52,0x6a54,0x5a75,0x5a35,0x5a35,0x5a35,0x5215,0x5a35,0x5235,0x5215,
0x49f4,0x5215,0x8410,0xd52a,0xdd6b,0xcce9,0xd52b,0xe5cd,0xe5ce,0xe5cc,0xcd2b,0xa428,
0x6a84,0x4a05,0x41e4,0x41e4,0x51e5,0x49e5,0x49c4,0x3983,0x3163,0x3163,0x3184,0x39c5,
0x41e5,0x4a05,0x41e5,0x39a4,0x3984,0x3163,0x3963,0x49a3,0x6265,0x49a2,0x8ba9,0x8ba9,
0x5a24,0x49a2,0x49a2,0x51c3,0x6264,0x93c7,0x9c08,0xa428,0xa488,0xa448,0xac48,0xa448,
0xa428,0xa428,0x9c08,0xa428,0x8b87,0x93a8,0x8b87,0x6aa5,0x72e5,0x5246,0x4a26,0x41e5,
0x41c5,0x39a4,0x39a4,0x39a4,0x3184,0x0000,0x0000,0x0000,0x0000,0x0000,0x0000,0x0000,
0x0000,0x0000,0x0000,0x0000,0x0000,0x0000,0x0000,0x5a47,0x5a87,0x6287,0x5a47,0x5a67,
0x5a47,0x5a87,0x5a25,0x72e5,0x49c2,0x49c3,0x93ea,0xcdd1,0xbd4f,0x9c2b,0x93a8,0x93c8,
0x9c08,0xb48a,0xac8b,0xa4a9,0xaca9,0xa488,0xa448,0xa468,0xa428,0x8b87,0x6264,0x6225,
0x9c09,0x6244,0x72e7,0x8b68,0x49c2,0x5a46,0x5a46,0x5225,0x41e5,0x39a4,0x39a4,0x39a4,
0x39a4,0x3984,0x2861,0x2820,0x2820,0x3820,0x3820,0x3820,0x3020,0x1020,0x8306,0xd52a,
0xd54b,0xd54b,0xccea,0xcd2a,0xcd2b,0xcd2b,0xb489,0x9bc7,0xddc7,0xde44,0xe684,0xeb87,
0xda46,0xe287,0xfa86,0xfa86,0xfa86,0xfa86,0xfa86,0xfa86,0xdaa9,0xb28d,0x8ab1,0x7294,
0x5a55,0x5a35,0x5a35,0x5a35,0x5a35,0x5a35,0x5a35,0x5a35,0x5a35,0x5a35,0x5a35,0x5215,
0x5a35,0x5215,0x5a35,0x5a35,0x5215,0x6ab5,0xb555,0xf718,0xff58,0xffba,0xffba,0xff99,
0xffba,0xffba,0xffba,0xffba,0xffba,0xffba,0xff79,0xe614,0xb307,0xc488,0xeea5,0xece7,
0xecc6,0xd5a8,0x7272,0x6272,0x93ee,0xc46d,0xff99,0xffba,0xffba,0xffba,0xff9a,0xff9a,
0xff99,0xff58,0xff58,0xff79,0xff79,0xff9a,0xff17,0xf590,0xfb48,0xfac7,0xfac7,0xfa87,
0xfa87,0xfb28,0xfa86,0xfa86,0xfa86,0xfa86,0xfa86,0xfa86,0xfa86,0xfa86,0xfb28,0xfb28,
0xfa87,0xfb08,0xf328,0xf287,0xdac9,0xaa8e,0x8251,0x6233,0x5215,0x49f4,0x49f4,0x49d4,
0x49d4,0x49d4,0x8410,0xee6d,0xe5cd,0xddac,0xddac,0xe5cd,0xe5ad,0xd56b,0xc4c9,0xa3e7,
0x5a24,0x4a04,0x41e4,0x4a05,0x5225,0x5205,0x49c4,0x41a4,0x3163,0x3163,0x31a4,0x39a4,
0x41e5,0x41e5,0x4a25,0x49e5,0x41c4,0x39a4,0x39a4,0x3983,0x51e3,0x6264,0x4162,0x8347,
0x7b28,0x7306,0x51e3,0x51c3,0x51e3,0x72e5,0x93c7,0x9be7,0x9c28,0xa428,0x9c28,0x9c28,
0x9c28,0x9bc7,0x93a7,0x93c7,0x9c08,0x8368,0x51e3,0x49a2,0x49c3,0x4a26,0x4a06,0x41e5,
0x41e5,0x41c4,0x41c4,0x41c4,0x39a4,0x0000,0x0000,0x0000,0x0000,0x0000,0x0000,0x0000,
0x0000,0x0000,0x0000,0x0000,0x0000,0x0000,0x0000,0x7b2a,0x836a,0x836a,0x836a,0x836a,
0x836b,0x836b,0x7b09,0x51c3,0x49a2,0x7b27,0xbd4f,0xacac,0x93c9,0x9be9,0xa428,0xa468,
0xac6a,0xa468,0xa428,0xa448,0xa428,0xa428,0xa428,0x93a7,0x72c5,0x6aa6,0x8348,0xa44a,
0x6aa5,0x6aa5,0x8ba8,0x51c3,0x5a66,0x6287,0x5a87,0x5226,0x49e5,0x39a4,0x39a4,0x39a4,
0x39a4,0x3984,0x2881,0x2820,0x2820,0x3820,0x3820,0x3820,0x2820,0x1820,0x72a5,0xcd0a,
0xd54b,0xd50a,0xbca9,0xbca9,0xc4c9,0xbca9,0xac07,0x9346,0xd5c5,0xe684,0xde44,0xdb06,
0xda44,0xda26,0xe266,0xe288,0xd28a,0xb2ad,0x9a90,0x7253,0x6295,0x5a35,0x5a35,0x5a35,
0x5a35,0x5a35,0x5a35,0x5215,0x5215,0x5215,0x5215,0x5a35,0x5215,0x5215,0x49d4,0x51f5,
0x49d4,0x5215,0x5215,0x7334,0xad16,0xef19,0xff79,0xff99,0xff58,0xff79,0xff79,0xf738,
0xcdf2,0xad0d,0x93eb,0xa46c,0xc551,0xbd51,0xf779,0xffba,0xf737,0xf715,0xf70d,0xeec7,
0xe547,0xc429,0x62b3,0xc5d4,0xf738,0xff79,0xffba,0xde55,0xcdb2,0xb4ef,0x9c2b,0x9c8c,
0xb52e,0xeeb6,0xff79,0xff58,0xff58,0xff79,0xffba,0xff9a,0xff38,0xfd91,0xf40b,0xfa87,
0xfaa7,0xfa86,0xfa86,0xfa86,0xfa86,0xfaa7,0xfa87,0xfae7,0xfae7,0xfae7,0xfaa7,0xfa86,
0xfa86,0xfa86,0xfa86,0xfa86,0xfa86,0xfa86,0xf266,0xea68,0xda8a,0xba8c,0x9250,0x7a32,
0x6275,0x5214,0x8b50,0xf60c,0xedac,0xd54b,0xcd0a,0xcd2b,0xd54b,0xc4c9,0xac28,0x9366,
0x51e3,0x5225,0x49e5,0x5225,0x5225,0x5205,0x49e4,0x41c4,0x41a4,0x39a4,0x39a4,0x39a4,
0x39c4,0x41e5,0x4a25,0x5225,0x5205,0x5204,0x49c4,0x41a4,0x3983,0x51c3,0x6244,0x49c3,
0x72e5,0x8348,0x8347,0x7b27,0x5a24,0x51e3,0x8346,0x9be7,0x9be8,0x9be8,0x9be8,0x9bc7,
0x8346,0x6a64,0x5a24,0x5a23,0x72c5,0x8b87,0x6286,0x49c3,0x4a04,0x4206,0x41e5,0x41e5,
0x41e5,0x41e5,0x41e4,0x49e5,0x41c4,0x0000,0x0000,0x0000,0x0000,0x0000,0x0000,0x0000,
0x0000,0x0000,0x0000,0x0000,0x0000,0x0000,0x0000,0x9bed,0x9c2e,0x9c2e,0x9c2e,0x9c2e,
0x9c2d,0x9c2d,0x9c2e,0x7ae8,0x5a45,0xc570,0xacac,0xb48a,0xa4a8,0xa448,0xa428,0x9c28,
0x9c28,0x9c28,0x9c28,0x9c28,0x9c08,0x93c7,0x72a5,0x6244,0x8ba9,0x9c2b,0x9c4a,0x5a23,
0x72c6,0x9388,0x49c3,0x5a47,0x6aa7,0x6aa7,0x5a67,0x5226,0x4a05,0x39a4,0x39a4,0x39a4,
0x39a4,0x39a4,0x3143,0x2020,0x3020,0x3020,0x3820,0x3820,0x1820,0x2020,0x72a5,0xccc9,
0xd50a,0xc4c9,0xb468,0xb447,0xb407,0xa3c6,0xa3a6,0x9b66,0xc526,0xde24,0xde44,0xcb86,
0xca69,0xaaec,0x8a71,0x6ab5,0x5a35,0x5a35,0x5a35,0x5a35,0x5a35,0x5235,0x5235,0x5a35,
0x49f4,0x49d4,0x49d4,0x49d4,0x49d4,0x49d4,0x49f4,0x49f4,0x51f4,0x49d4,0x49f4,0x49f4,
0x51f4,0x6ad5,0xb573,0xf738,0xff58,0xff58,0xff58,0xff58,0xff58,0xff58,0xe694,0x8c0a,
0x7bc7,0x7b47,0xabec,0xe674,0xcdb1,0xb510,0xacaf,0xef16,0xffba,0xffba,0xff99,0xf70e,
0xed4a,0x942f,0xb516,0xff59,0xff79,0xf738,0xbd2f,0xbd2f,0xb4d0,0xeed6,0xd5d2,0xb3aa,
0x8449,0x8449,0xcdd1,0xff9a,0xffba,0xff58,0xff58,0xff99,0xff58,0xff9a,0xff99,0xfdf1,
0xf38a,0xfaa7,0xfa87,0xfb48,0xfb48,0xfae7,0xfa86,0xfa86,0xfa86,0xfa86,0xfa86,0xfa86,
0xfa86,0xfa86,0xfa86,0xfa86,0xfa86,0xfa86,0xfa87,0xfa86,0xfae7,0xfa86,0xfa86,0xfa86,
0xe269,0xc28c,0xc3cc,0xccc9,0xccc9,0xc487,0xb427,0xbc68,0xb427,0xabe7,0xabe7,0x8b25,
0x6264,0x5a45,0x41e5,0x5225,0x5226,0x4a05,0x49e5,0x41e4,0x41e4,0x41e4,0x39e4,0x39a4,
0x39a4,0x41e5,0x4a25,0x5246,0x5a66,0x5a25,0x5225,0x51e4,0x41a4,0x4183,0x49a2,0x6264,
0x4982,0x6a84,0x93ea,0x6ac8,0x93ea,0x93a8,0x6ac5,0x72e5,0x8346,0x8b87,0x8366,0x6aa5,
0x51e3,0x49a2,0x51c3,0x49a2,0x49a2,0x6264,0x93a8,0x5a66,0x41e5,0x39e5,0x39e5,0x39e5,
0x41e5,0x41e5,0x41e5,0x49e5,0x41c4,0x0000,0x0000,0x0000,0x0000,0x0000,0x0000,0x0000,
0x0000,0x0000,0x0000,0x0000,0x0000,0x0000,0x0000,0xa44e,0xac8f,0xa46f,0xa46f,0xa46f,
0xb4cf,0xb4cf,0xacaf,0x9c0d,0xa44b,0xa46a,0xa428,0x9c08,0x9be7,0x9be7,0x93e7,0x93c7,
0x8ba7,0x8b87,0x8326,0x6aa4,0x6244,0x72e5,0x9c4b,0xc590,0xa48b,0x8347,0x51e3,0x8348,
0x72e6,0x41a3,0x41e5,0x5a66,0x6287,0x6aa7,0x5a66,0x5226,0x49e5,0x39a4,0x39a4,0x31a4,
0x31a4,0x39a4,0x3984,0x2840,0x2820,0x3020,0x3820,0x3820,0x1820,0x2040,0x7284,0xbc68,
0xbc48,0xb427,0xa3c6,0xb427,0xbc89,0xd52b,0xcd0a,0xac69,0xcd86,0xeea4,0xe686,0x8b8f,
0x6232,0x5a33,0x6274,0x5a75,0x5a55,0x5a55,0x5a35,0x51f5,0x51f5,0x49f4,0x5215,0x5235,
0x5215,0x5235,0x5235,0x5235,0x5235,0x5235,0x5a35,0x5a35,0x5a35,0x5235,0x5a35,0x9475,
0xcdd7,0xf738,0xff9a,0xff99,0xff99,0xff99,0xffba,0xff99,0xe6b5,0xbd10,0x8c6b,0x7c08,
0x7ba7,0xac6d,0xf737,0xb4cd,0x9c2d,0xcdd1,0xc571,0xf738,0xff58,0xd614,0xc590,0xc5ab,
0xbca8,0x8b4b,0xc5ce,0xcdf2,0xe6d5,0xffba,0xe6b5,0xc591,0xb4ef,0xa4ab,0xe6b6,0xee94,
0x8ba9,0x8449,0x7c08,0xa4ac,0xc5b1,0xf758,0xff99,0xff99,0xff79,0xff58,0xff79,0xff99,
0xff79,0xfed6,0xfd2f,0xf38a,0xfa87,0xfaa7,0xfb07,0xfa86,0xfa86,0xfa86,0xfa86,0xfa86,
0xfa86,0xfae7,0xfae7,0xfb07,0xfb07,0xfa86,0xfaa7,0xfa86,0xfa86,0xfa86,0xfa86,0xfa86,
0xfa86,0xfa86,0xf3c8,0xcd4a,0xd54a,0xd54b,0xddac,0xee4d,0xe5ed,0xdd6c,0xd54b,0xa408,
0x6285,0x5204,0x41e4,0x49e5,0x4a05,0x41e5,0x41e4,0x41e4,0x49e5,0x41e5,0x41e4,0x39c4,
0x39c4,0x41e5,0x4a25,0x5246,0x5a66,0x6265,0x5a25,0x5205,0x49e4,0x41a4,0x3963,0x49a2,
0x6284,0x5a45,0x5203,0x8347,0x940a,0x938a,0x8b8a,0x93e9,0x9c4b,0x93c9,0x72e5,0x5a03,
0x49a2,0x49a2,0x49a2,0x49a2,0x49a2,0x49a2,0x6244,0x7306,0x31a4,0x31a4,0x39a5,0x39c5,
0x39e5,0x41e5,0x41e5,0x41e5,0x41a4,0x0000,0x0000,0x0000,0x0000,0x0000,0x0000,0x0000,
0x0000,0x0000,0x0000,0x0000,0x0000,0x0000,0x0000,0xa44e,0xb4ee,0xaccf,0xac8f,0xac8f,
0xac8f,0xb4d0,0xacd0,0xa44b,0xa44a,0x93c7,0x8346,0x8346,0x72c5,0x6244,0x6244,0x59e3,
0x5203,0x5203,0x6a84,0x72e6,0x9c4a,0xc56f,0xbd2e,0x93c9,0x6244,0x6244,0x8bc8,0x6a84,
0x41a3,0x39a5,0x41c5,0x5226,0x6287,0x5a86,0x5a66,0x5225,0x41e5,0x39a4,0x3183,0x3164,
0x3184,0x39a4,0x39a4,0x28a1,0x3020,0x3820,0x3820,0x3820,0x1820,0x2060,0x72a4,0xb407,
0xb427,0xabe7,0xbca9,0xddac,0xe5ce,0xe5cd,0xcd0a,0xbc8a,0xd5c5,0xeea4,0xeec4,0x734f,
0x5a33,0x51f2,0x5a13,0x5235,0x51f5,0x51f5,0x5a54,0x5a35,0x5a55,0x5a35,0x6295,0x5a55,
0x5a55,0x6275,0x5a55,0x5a35,0x5a35,0x5a35,0x5a35,0x5a35,0x6af5,0x9455,0xe6b6,0xf738,
0xff58,0xff99,0xff79,0xff59,0xff99,0xff9a,0xff9a,0xf758,0x9c0d,0x8449,0x7bc7,0x7be8,
0x7bc8,0xbd30,0xd5d1,0xd612,0xde13,0xcdb1,0xbcee,0xd5b1,0xd613,0xa48e,0x9408,0xac69,
0x9c28,0x9c69,0x9c09,0x9c2b,0xcdf1,0xe675,0xbcee,0xc571,0xc4ad,0xde54,0xb50e,0xc590,
0x8b89,0x7bc7,0x7bc7,0x8469,0xa48b,0xcdb3,0xffba,0xffba,0xffba,0xffba,0xffba,0xffba,
0xffba,0xf779,0xf758,0xf695,0xe4ef,0xfb29,0xf287,0xfa86,0xfa87,0xfa86,0xfaa7,0xfb07,
0xfae7,0xfaa7,0xfa87,0xfa86,0xfa86,0xfa86,0xfa86,0xfa86,0xfa86,0xfa86,0xfa86,0xfa86,
0xfa86,0xfa86,0xf407,0xe5cd,0xe60d,0xe5cc,0xe5ed,0xe5ac,0xddcc,0xd54b,0xcd0a,0x93a7,
0x5a23,0x5a24,0x41c4,0x41e5,0x41e5,0x41e4,0x41e5,0x39c4,0x41c5,0x41e5,0x41c4,0x41c4,
0x41e5,0x41e5,0x4a25,0x5246,0x5a66,0x6286,0x5a46,0x5205,0x41c4,0x41a4,0x39a3,0x3983,
0x4182,0x6aa5,0x7b27,0x49c3,0x5a03,0x8b87,0x9c4b,0xacac,0xa46c,0xa44c,0xacad,0xa48c,
0x93c9,0x6264,0x49a3,0x4142,0x49c3,0x49e4,0x41a4,0x5a45,0x3184,0x3184,0x31a4,0x39c4,
0x39e5,0x41e5,0x49e5,0x49e5,0x49e4,0x0000,0x0000,0x0000,0x0000,0x0000,0x0000,0x0000,
0x0000,0x0000,0x0000,0x0000,0x0000,0x0000,0x0000,0xa44e,0xb4d0,0xacd0,0xb4d0,0xac8f,
0xacaf,0xacb0,0xb4d0,0x9c2d,0x93cb,0x93cc,0x9c2d,0x940d,0x4983,0x3941,0x3962,0x6264,
0x8366,0x93a8,0x9be8,0x93c8,0x8ba7,0x7b26,0x5a24,0x51e4,0xa48c,0x9c2a,0x5a24,0x6287,
0x4a26,0x39a5,0x41c5,0x5226,0x5a66,0x5a66,0x5a25,0x4a05,0x41c4,0x3164,0x3184,0x3163,
0x31a4,0x31a4,0x39a4,0x28e2,0x3020,0x3020,0x3820,0x2820,0x1820,0x2902,0x7ac4,0xb448,
0xd52a,0xcd2a,0xdd8c,0xdd8c,0xd56b,0xcd0a,0xbc89,0x9be7,0xd5c5,0xde24,0xde44,0x6b2e,
0x49d2,0x49d1,0x5a33,0x5235,0x6ab5,0x6ab5,0x6295,0x5a35,0x6295,0x5a35,0x5a35,0x6295,
0x5a35,0x5a35,0x5a55,0x5a35,0x5a35,0x5a35,0x6274,0xad55,0xde34,0xad0e,0x94cb,0x9cac,
0xbd4f,0xd633,0xff58,0xff58,0xff58,0xffba,0xff58,0xf779,0xbdb4,0xacad,0x8448,0x7c08,
0x8449,0x8409,0x9ca9,0xcdd1,0xbd30,0xbd0f,0xb4ef,0x9c6d,0x8c8a,0xc591,0xf758,0xe694,
0xcdd1,0xcdd1,0xe695,0xde53,0x944b,0x8c4a,0xac8d,0xacaf,0xac6e,0xc570,0xb52a,0x8c49,
0x8c69,0x8448,0x7c08,0x9c4d,0xbd4f,0xeef6,0xffba,0xffba,0xffba,0xffba,0xff9a,0xde74,
0xbd4f,0x94aa,0x8c49,0x8c49,0xc590,0xfef7,0xf675,0xf44c,0xfb07,0xfb28,0xfa87,0xfa87,
0xfaa7,0xfa86,0xfa86,0xfa86,0xfa86,0xfa86,0xfa86,0xfa86,0xfa86,0xfa86,0xfa86,0xfa86,
0xfa86,0xfa86,0xf407,0xdd8b,0xdd8b,0xdd6b,0xccea,0xccea,0xccc9,0xbc68,0xac07,0x8b45,
0x51e3,0x62a7,0x41c4,0x41c4,0x4a05,0x4a05,0x41e5,0x41c5,0x39a5,0x39c4,0x39c4,0x41e5,
0x41e4,0x41e5,0x4a25,0x5225,0x5266,0x5a66,0x5225,0x49e4,0x41a4,0x39a4,0x41a4,0x41a4,
0x39a4,0x3963,0x5204,0x9c0a,0x7ae7,0x6264,0x49a3,0x6244,0x72e6,0x93e8,0xa48c,0xa48c,
0xa42b,0x9bca,0x8b87,0x6244,0x3942,0x41c4,0x39a5,0x3164,0x2923,0x2963,0x3163,0x39c4,
0x41e5,0x4a25,0x5226,0x5246,0x5225,0x0000,0x0000,0x0000,0x0000,0x0000,0x0000,0x0000,
0x0000,0x0000,0x0000,0x0000,0x0000,0x0000,0x0000,0x9c2e,0xb4cf,0xb4d0,0xb4d0,0xacaf,
0xacaf,0xacaf,0xb4d0,0xb4d0,0xacb0,0xacaf,0xa44e,0x51e5,0x4162,0x6244,0x8b87,0x9c28,
0x93c7,0x7b06,0x6a84,0x5a44,0x5204,0x4982,0x6244,0x9c2a,0x8b89,0x6a86,0x834a,0x7b2a,
0x5227,0x39a5,0x41c5,0x5225,0x5a66,0x5a46,0x5226,0x49e5,0x41c4,0x3184,0x3183,0x3184,
0x3184,0x31a4,0x31a4,0x3143,0x2020,0x3020,0x3820,0x2820,0x1020,0x3921,0x8306,0xcd2a,
0xcd2a,0xd54b,0xd52a,0xd50a,0xd50a,0xb468,0xac07,0x9ba6,0xcd46,0xde24,0xd604,0x736f,
0x5a33,0x5a33,0x6275,0x6295,0x5a55,0x6275,0x5a35,0x6275,0x5a35,0x5a35,0x5a35,0x5a35,
0x5a35,0x5a35,0x5a35,0x5a75,0x7b94,0xacb6,0xe6d7,0xff58,0xcdd2,0x8c29,0x7bc7,0x7bc7,
0x7bc7,0x7c28,0x9c8b,0xe6d7,0xff58,0xf717,0xeef7,0xeed6,0xeeb5,0xde75,0xac8f,0x73a8,
0x7c28,0x7c28,0x8449,0x7c28,0x9cac,0xc591,0xbd2f,0xf6f7,0x942b,0xb56f,0xffba,0xffba,
0xff99,0xffba,0xffba,0xf758,0x83c8,0xc571,0xeeb5,0x9c2d,0xcdd3,0x83e8,0x8469,0x8469,
0x8c69,0x946a,0x942c,0xde53,0xe6d8,0xeed6,0xf717,0xf738,0xff99,0xffba,0xc5b0,0x7c28,
0x8428,0x7be8,0x7c08,0x7c28,0xa4ec,0xeed7,0xff99,0xff99,0xfe54,0xfc2c,0xf308,0xfa86,
0xfa86,0xfa86,0xfa86,0xfa86,0xfa86,0xfac7,0xfae7,0xfa87,0xfaa7,0xfa86,0xfa86,0xfa87,
0xfa87,0xfac7,0xfb48,0xcca8,0xcca8,0xcce9,0xd509,0xc4c9,0xc4c9,0xc4a9,0xbc68,0x9386,
0x6aa5,0x72c6,0x41c4,0x39a4,0x41e5,0x4a25,0x4a05,0x41e5,0x39c4,0x39a4,0x39a4,0x39a4,
0x41e5,0x41e5,0x4a05,0x4a45,0x5225,0x4a46,0x4a25,0x41c4,0x39a4,0x39a4,0x39c4,0x39a4,
0x39a4,0x3184,0x3163,0x49c3,0x8368,0x9c2b,0x6aa5,0x4182,0x49e3,0x49c3,0x49e3,0x6284,
0x8388,0x9c4a,0x9c2b,0x8347,0x6a85,0x4162,0x3163,0x2943,0x2923,0x2943,0x3184,0x39c5,
0x4a26,0x5286,0x5a66,0x62a7,0x6286,0x0000,0x0000,0x0000,0x0000,0x0000,0x0000,0x0000,
0x0000,0x0000,0x0000,0x0000,0x0000,0x0000,0x0000,0x9bed,0xa46f,0xac8f,0xb4d0,0xac8f,
0xacb0,0xacaf,0xac8f,0xac8f,0xb4d0,0xacaf,0x5a05,0x4182,0x7b06,0x9c28,0x8366,0x5a03,
0x49e4,0x5a66,0x6ac8,0x836b,0x72a7,0x5a23,0x93a8,0x72c5,0x6ac8,0xa44e,0x9c0d,0x7b2a,
0x5267,0x39e5,0x41c5,0x5226,0x5a66,0x5a66,0x5225,0x49e5,0x41a4,0x39a4,0x3963,0x31a4,
0x31a4,0x3164,0x31a4,0x3964,0x2020,0x3820,0x3820,0x2820,0x0820,0x4182,0x7ae5,0xd52a,
0xccea,0xd50a,0xbca9,0xac07,0xb427,0xbc68,0xbca9,0xbca9,0xcd46,0xf6e4,0xf6e4,0x7bb0,
0x5a33,0x5a33,0x5a35,0x6275,0x6ab5,0x5a55,0x5a35,0x5a35,0x5a35,0x5a35,0x5a35,0x5a35,
0x5a35,0x51f4,0x7314,0xc5f6,0xff58,0xff58,0xff58,0xf738,0x946a,0x7bc7,0x7bc7,0x73c7,
0x73c7,0x73c7,0x83e9,0xde54,0xd633,0xd633,0xe6d8,0xff58,0xff58,0xf717,0xd633,0xcdb1,
0xd633,0xc590,0xacce,0x62c6,0xc592,0xcdd2,0x9c2d,0x8429,0x8469,0xeef6,0xff58,0xffba,
0xde33,0xe674,0xffba,0xffba,0xcdd2,0x8469,0x9c2d,0xb50e,0xf738,0x8bab,0x9c2d,0xd612,
0xf6f6,0xff58,0xf6f6,0xff79,0xffba,0xffba,0xffba,0xf6f6,0xeeb5,0xeeb5,0xbd6f,0x7bc7,
0x7bc7,0x7bc7,0x8428,0x8449,0x7be8,0xd5f2,0xffba,0xff79,0xff99,0xffba,0xf717,0xec6d,
0xfae8,0xfa87,0xfb28,0xfac7,0xfa87,0xfa86,0xfaa7,0xfaa7,0xfa86,0xfa86,0xfae7,0xfa86,
0xfa86,0xfa86,0xf407,0xddac,0xddcc,0xf66e,0xf68f,0xee2e,0xee2e,0xe5ce,0xcd4b,0x9be8,
0x6264,0x62a6,0x49c4,0x3184,0x39e4,0x41e5,0x4205,0x41e5,0x39e5,0x39a4,0x39a4,0x39a4,
0x39a4,0x39a4,0x39e4,0x4a05,0x4a25,0x4a25,0x41e4,0x41e4,0x39a4,0x39a3,0x39e4,0x39a4,
0x39a4,0x31a4,0x31a4,0x39a4,0x41c3,0x8b67,0x8348,0x6244,0x5205,0x49e5,0x39a4,0x3163,
0x3163,0x41a2,0x6aa5,0xa48b,0x8367,0x72c5,0x4162,0x2923,0x2923,0x2943,0x31a4,0x4a05,
0x4a46,0x5a67,0x62a8,0x6aa8,0x6aa8,0x0000,0x0000,0x0000,0x0000,0x0000,0x0000,0x0000,
0x0000,0x0000,0x0000,0x0000,0x0000,0x0000,0x0000,0x9bed,0xa46e,0xac8f,0xa46f,0xac8f,
0xac8f,0xa46f,0xa46f,0xac8f,0xac8f,0x72e9,0x49a2,0x8326,0x8326,0x6aa6,0x7b29,0x838b,
0x836b,0x7b2a,0x836a,0x836a,0x5a24,0x8b87,0x6aa5,0x7b29,0x9c2d,0x9c2d,0x93ed,0x7b6c,
0x5268,0x41e6,0x49e5,0x5226,0x5a46,0x5a66,0x5225,0x49e5,0x41c4,0x39a3,0x39a3,0x39a4,
0x3184,0x3163,0x3163,0x3184,0x28c1,0x2820,0x3820,0x2820,0x1020,0x51c3,0x72a4,0xc488,
0xc487,0xbc47,0xbc68,0xc4c9,0xd56c,0xdd8c,0xcd0a,0xac69,0xd587,0xe664,0xeec4,0x838f,
0x5a33,0x5a33,0x5a34,0x5a55,0x5a35,0x5a55,0x5a35,0x5a35,0x5a35,0x5235,0x51f5,0x5213,
0x83d4,0xcdd5,0xeef6,0xff58,0xff58,0xff58,0xff58,0xd612,0x7be8,0x7c08,0x7bc7,0x7367,
0x7367,0x7387,0x940c,0xeed6,0xf738,0xff58,0xff58,0xeef8,0xf717,0xff58,0xff58,0xff58,
0xff58,0xff58,0xe6b6,0xb552,0x9c2d,0xcdd2,0xbdb0,0xde75,0xf758,0xf737,0xd633,0xbd2e,
0xb40a,0xb42b,0xcdb0,0xe6b5,0xff9a,0xf738,0xdeb5,0xc5d3,0xde54,0xa48e,0xf758,0xff99,
0xff99,0xff79,0xff79,0xffba,0xffba,0xff79,0xffba,0xffba,0xffba,0xff99,0xe695,0x942b,
0x840a,0x7ba7,0x7be8,0x7c28,0x7c08,0x8c6a,0xe695,0xff58,0xff99,0xff99,0xffba,0xffba,
0xff17,0xf5d2,0xf3cb,0xfac7,0xfac7,0xfaa7,0xfa86,0xfa86,0xfa86,0xfa86,0xfa86,0xfa86,
0xfa86,0xfa86,0xf407,0xe60d,0xddcd,0xe60d,0xee4e,0xddad,0xe5cd,0xe5cc,0xd54b,0xa408,
0x6264,0x6244,0x49c4,0x2943,0x3984,0x39a4,0x41e4,0x39e5,0x41c5,0x39c5,0x39a4,0x3184,
0x3163,0x3163,0x39a4,0x39c4,0x41e5,0x4a25,0x41e5,0x41e4,0x39a4,0x39a4,0x39a4,0x39a4,
0x39a4,0x3184,0x31a4,0x41e4,0x4a25,0x5225,0x7b27,0x8b89,0x4162,0x49c4,0x41a4,0x3984,
0x39a4,0x39c4,0x41c5,0x4a04,0x7b27,0x8bc9,0x6a84,0x3943,0x3163,0x3163,0x39c4,0x4a46,
0x5287,0x5aa7,0x5aa8,0x62a8,0x5aa7,0x0000,0x0000,0x0000,0x0000,0x0000,0x0000,0x0000,
0x0000,0x0000,0x0000,0x0000,0x0000,0x0000,0x0000,0x9bed,0x9c2e,0xa44e,0xa46f,0xa46f,
0xa46f,0xa46f,0xa46f,0xa46f,0x836b,0x49a3,0x8346,0x72e6,0x72e9,0x9c0d,0x9c2d,0x93ed,
0x8bab,0x836b,0x836b,0x6266,0x8326,0x72a6,0x8b8b,0x9c0d,0x9c2d,0x9c2d,0x93ed,0x7b4a,
0x62a8,0x41e6,0x49e5,0x5226,0x5a67,0x5a66,0x5a25,0x49e5,0x41a4,0x3983,0x3984,0x3983,
0x3163,0x3143,0x2923,0x3163,0x2923,0x2820,0x3820,0x3820,0x1840,0x6264,0x72a4,0xb447,
0xc488,0xd54b,0xd56b,0xd56c,0xd56b,0xc4ea,0xbc89,0xa3e8,0xcd46,0xeec4,0xde66,0x83b0,
0x51f2,0x5a13,0x5a33,0x5a35,0x5235,0x5a35,0x5215,0x49d4,0x49f4,0x62b4,0x8bb5,0xd656,
0xff59,0xff79,0xff79,0xff79,0xffba,0xff79,0xff59,0xbd4f,0x8448,0x8c69,0x7c08,0x7be8,
0x7387,0xc5b2,0xde74,0xff9a,0xff9a,0xff9a,0xff79,0xeef7,0xdeb8,0xff79,0xff9a,0xf718,
0xd612,0xf738,0xf738,0xeed6,0xacb0,0xc570,0x9c4e,0xde54,0xbd2f,0xa46d,0x834c,0xd2c8,
0xf286,0xfa86,0xe348,0xc408,0xbd2f,0xd613,0xcdd2,0xa46d,0xde54,0xbd50,0xff99,0xf758,
0xe6d5,0xd5f2,0xff58,0xff58,0xff99,0xe694,0xff9a,0xffba,0xffba,0xffba,0xffba,0xeeb5,
0x9cae,0x73a8,0x8428,0x7be8,0x8429,0x946b,0xe694,0xffba,0xffba,0xffba,0xffba,0xffba,
0xffba,0xffba,0xff9a,0xf654,0xf40b,0xfac7,0xf287,0xfa86,0xfa86,0xfa86,0xfa86,0xfa86,
0xfa86,0xf266,0xfb48,0xe5cd,0xdd8c,0xe5ac,0xe5ee,0xddac,0xdd6c,0xd54b,0xd50a,0xa3e7,
0x6264,0x59e4,0x5a44,0x3183,0x3163,0x39a4,0x39c4,0x41e5,0x41e5,0x41e5,0x39e4,0x39a4,
0x3163,0x3163,0x3163,0x39c4,0x39e4,0x41e5,0x4a05,0x41e4,0x39a4,0x39a4,0x39a4,0x39a4,
0x3184,0x3163,0x3184,0x39c4,0x4a25,0x5a67,0x5246,0x7b07,0x6265,0x49a3,0x49e4,0x49c4,
0x41c4,0x41e4,0x41e5,0x41e5,0x41c5,0x6265,0x93aa,0x5a04,0x3163,0x39c4,0x4a05,0x5266,
0x5a87,0x5287,0x5246,0x5246,0x5246,0x0000,0x0000,0x0000,0x0000,0x0000,0x0000,0x0000,
0x0000,0x0000,0x0000,0x0000,0x0000,0x0000,0x0000,0x9c2e,0xa46e,0x9c2e,0x9c2e,0xa46f,
0xa46f,0xa46f,0xa46f,0x9c2e,0x5a25,0x8346,0x6aa6,0x93cc,0x9c2d,0x9c2d,0x9c0d,0x93ec,
0x93cc,0x8b8b,0x7b0a,0x6a84,0x72e6,0x8b8b,0x93ec,0x9c0d,0x9c2d,0xa42e,0x9c0d,0x836b,
0x62a8,0x41e6,0x4a06,0x5226,0x5a67,0x5a66,0x5225,0x49e4,0x41a4,0x3963,0x3163,0x3163,
0x3163,0x3143,0x2923,0x2943,0x3163,0x2020,0x3820,0x3820,0x38a1,0x6a84,0x72e5,0xcd0a,
0xcd2b,0xcd2b,0xd54b,0xcd0a,0xccea,0xbc88,0xabe6,0xa3c6,0xd566,0xeec4,0xde44,0x836d,
0x5a33,0x49d1,0x49d2,0x49f4,0x49d4,0x5235,0x5a34,0x6295,0xa515,0xeef8,0xff9a,0xffba,
0xffba,0xffba,0xffba,0xffba,0xff9a,0xffba,0xff79,0xbd4f,0xb54e,0xd632,0x7be8,0x7c28,
0x72e8,0xde55,0xde74,0xff58,0xff58,0xeeb5,0xb511,0xcdd2,0xe6b5,0xde55,0xeed5,0xde53,
0x942c,0x8c49,0x9cac,0xb4f0,0xc591,0xbd70,0x83a9,0xcdf2,0x8bcc,0x5a71,0x51f0,0xe268,
0xea46,0xf266,0xfa86,0xf287,0xb307,0xac8f,0xaccd,0x8bea,0xc591,0xbd51,0xa48e,0x8c4a,
0x948b,0xb553,0xf717,0xf717,0xde53,0xde76,0xacaf,0xb50f,0xff79,0xffba,0xff99,0xde53,
0xd5f3,0x62c6,0x7c28,0x944a,0xef37,0xb4ef,0xff59,0xffba,0xffba,0xffba,0xffba,0xffba,
0xffba,0xff59,0xff9a,0xff58,0xff79,0xf674,0xfccd,0xfaa7,0xea46,0xfa86,0xea46,0xfa86,
0xfa86,0xfa66,0xf3e8,0xdd8b,0xd52b,0xe54b,0xe5ab,0xdd6b,0xcd0a,0xc4a9,0xbc68,0x9b86,
0x5a03,0x5a03,0x8328,0x41c5,0x3163,0x3184,0x39a4,0x41e4,0x4a25,0x5226,0x4a05,0x41c5,
0x3984,0x3163,0x3983,0x39a4,0x39c4,0x41e4,0x4a05,0x41e4,0x39a4,0x39a4,0x39a4,0x39a4,
0x3184,0x3184,0x3164,0x39a4,0x4a05,0x4a26,0x5247,0x5226,0x7b26,0x59e4,0x5205,0x49e5,
0x49e4,0x41e4,0x41e5,0x41e5,0x4a05,0x41e5,0x49e4,0x7b47,0x4984,0x49e4,0x5246,0x5a86,
0x5a67,0x4a26,0x41e6,0x41e5,0x39e5,0x0000,0x0000,0x0000,0x0000,0x0000,0x0000,0x0000,
0x0000,0x0000,0x0000,0x0000,0x0000,0x0000,0x0000,0x9c2e,0xa44e,0xa46f,0xa46f,0xa46f,
0xa46f,0xa46f,0xa46e,0x6aa7,0x72c5,0x7b28,0x9c0d,0x9c2d,0x9c2d,0x9c0d,0x9c0d,0x93ed,
0x93cc,0x93ec,0x72c7,0x8326,0x838b,0x8bac,0x93cc,0x93ed,0x9c2d,0xa42e,0x9c0d,0x7b6b,
0x5268,0x41e6,0x41e6,0x5226,0x5a46,0x5a66,0x5a25,0x49e4,0x3984,0x3163,0x3163,0x3163,
0x3143,0x3143,0x2923,0x2923,0x3164,0x2881,0x3820,0x3820,0x5982,0x6aa4,0x72c5,0xc4c9,
0xcd0a,0xcd0a,0xc4a9,0xbc88,0xb427,0xbc88,0xccea,0xbca9,0xc526,0xde24,0xe664,0x7b4d,
0x41b1,0x49d1,0x51f2,0x5a35,0x6295,0x83d5,0xbd57,0xff79,0xff9a,0xffba,0xffba,0xffba,
0xff99,0xff99,0xff58,0xff59,0xff59,0xff58,0xff58,0xeef6,0xf737,0xde33,0xb50c,0xc570,
0xcdd1,0xe695,0xd656,0xe695,0xacce,0xc591,0x7b29,0xbd51,0xce14,0xa48e,0xa4ae,0xcdf4,
0xf738,0xde75,0xc5d2,0xa4cc,0x9cad,0x9c4d,0xb50e,0xacad,0x8bab,0x5a35,0x5215,0x8a50,
0xb28c,0xca6b,0xf287,0xfa86,0xdac7,0x9beb,0xb4ee,0xa4cd,0x9cce,0xa4ed,0xb571,0xe695,
0xf758,0xff99,0xbd50,0xc571,0xcdd2,0xeed6,0xacce,0x93ec,0xcdf4,0xacaf,0xff58,0xcdd2,
0xf717,0xd634,0xc591,0xcdf2,0xff9a,0xf778,0xffba,0xffba,0xff99,0xffba,0xff9a,0xff99,
0xff59,0xff58,0xff58,0xff58,0xff58,0xff58,0xff58,0xe6d6,0xecef,0xfbaa,0xfaa7,0xfa86,
0xfa86,0xfa86,0xfb48,0xdd6a,0xdd2a,0xcce9,0xccc9,0xbc68,0xb448,0xac07,0xa3c6,0x8305,
0x5203,0x6a86,0x7b26,0x5a45,0x3163,0x3163,0x3184,0x41c5,0x5206,0x5266,0x5246,0x4a05,
0x41e4,0x39a4,0x3983,0x39a3,0x39a4,0x39c4,0x41c4,0x39c4,0x3984,0x3163,0x39a4,0x39a4,
0x39a4,0x3184,0x31a4,0x39a4,0x39c4,0x41e5,0x4a06,0x4a06,0x49e5,0x6ae6,0x49c4,0x49c4,
0x41c4,0x49e5,0x4a25,0x4a26,0x4a26,0x4a05,0x41e4,0x4a04,0x7b27,0x5205,0x5a66,0x5287,
0x5247,0x4a06,0x39c5,0x39a5,0x39a4,0x0000,0x0000,0x0000,0x0000,0x0000,0x0000,0x0000,
0x0000,0x0000,0x0000,0x0000,0x0000,0x0000,0x0000,0xa44e,0xb4ee,0xa46f,0xa46f,0xa46f,
0xa46f,0xa46f,0x93ab,0x72c5,0x8b8a,0x9c2d,0x9c2d,0xa44e,0x9c2d,0x9c2d,0x9c0d,0x9c0d,
0x9c2d,0x8bac,0x72e5,0x836b,0x8bac,0x8bab,0x8bab,0x8bab,0x93ec,0x9bed,0x93cc,0x738d,
0x5268,0x41e6,0x41e5,0x5226,0x5a67,0x6246,0x5a66,0x49e4,0x3984,0x3163,0x2922,0x2962,
0x2943,0x3123,0x2922,0x2923,0x2943,0x28c2,0x2020,0x3840,0x6264,0x8326,0x72a4,0xbc68,
0xbc68,0xb448,0xabe6,0xccea,0xddac,0xddac,0xd54b,0xac69,0xc506,0xde24,0xd604,0x7b4d,
0x5a13,0x5a33,0x5a33,0x8c13,0xce58,0xf77a,0xffba,0xff58,0xffba,0xff58,0xff58,0xff58,
0xff58,0xff58,0xff58,0xff58,0xff58,0xff58,0xff58,0xff58,0xff58,0xffba,0xc5f6,0x7b67,
0x836a,0xb4ef,0xe695,0xe695,0xde53,0xff58,0xb4f0,0x62a6,0x9c4b,0xb552,0x72e9,0xad0d,
0xa46e,0xeef6,0xff58,0xff58,0xff58,0xffba,0xff58,0xeeb6,0x93cc,0x5a52,0x5a35,0x5a35,
0x5a35,0x5a35,0x82ad,0xfa87,0xc3a8,0xc5b1,0xff38,0xff58,0xff58,0xff79,0xff79,0xffba,
0xd5d3,0xbd2f,0xb4cd,0x948a,0xb4f0,0x7be8,0x9c2e,0xef17,0xff99,0xde33,0xcdf3,0xe6b5,
0x8c2b,0x73a8,0x93cc,0xff79,0xffba,0xffba,0xffba,0xffba,0xff79,0xff58,0xff99,0xff58,
0xff58,0xff58,0xff58,0xff58,0xffba,0xffba,0xffba,0xffba,0xffba,0xff58,0xfe13,0xec0c,
0xfa87,0xfa86,0xfb48,0xcca8,0xc487,0xc487,0xbc68,0xd52a,0xd509,0xc4ea,0xccea,0xa3e7,
0x6264,0x6285,0x6aa5,0x6286,0x3163,0x2963,0x3163,0x39a4,0x4a05,0x5226,0x5225,0x4a05,
0x49e4,0x41e4,0x41a4,0x3963,0x3163,0x3163,0x3163,0x3184,0x3163,0x3163,0x39a4,0x39a4,
0x39e4,0x39a4,0x39a4,0x39a4,0x39a4,0x39a4,0x39c5,0x39e5,0x39a4,0x49e5,0x5a86,0x39a4,
0x39a4,0x4a05,0x5266,0x5266,0x4a26,0x4a05,0x41e4,0x41c4,0x41e4,0x6266,0x5225,0x5a66,
0x5246,0x41e5,0x39a4,0x31a4,0x3164,0x0000,0x0000,0x0000,0x0000,0x0000,0x0000,0x0000,
0x0000,0x0000,0x0000,0x0000,0x0000,0x0000,0x0000,0xa44e,0xacaf,0xacaf,0xb4cf,0xacaf,
0xac8f,0xac8f,0x836a,0x9bec,0x9c2e,0x9c2d,0x9c2d,0x9c2d,0x9c2d,0x9c2d,0x9c2d,0x9c0d,
0x9c2d,0x8349,0x8bab,0x9c0d,0x93ec,0x8bab,0x836b,0x836b,0x8bab,0x8bac,0x8bac,0x7309,
0x5248,0x39a5,0x41c5,0x4a26,0x5a47,0x6287,0x5a25,0x49e4,0x3984,0x3163,0x2922,0x2923,
0x2922,0x2923,0x3123,0x2923,0x2923,0x2902,0x2020,0x48c1,0x7b26,0x9bc8,0x7ae5,0xac07,
0xb448,0xd54a,0xdd6b,0xddac,0xe5cd,0xd56c,0xc4ea,0xb469,0xc505,0xeea4,0xe684,0x93cd,
0x5a33,0x83d3,0xc5b3,0xf718,0xffba,0xff79,0xff59,0xff58,0xff58,0xff58,0xff58,0xff99,
0xff99,0xff99,0xff99,0xff9a,0xffba,0xff99,0xffba,0xff79,0xff99,0xffba,0xff58,0xbd30,
0x7bc7,0xa4ce,0xb50e,0x83ea,0xeef7,0xff58,0xff99,0xeef7,0xc5b1,0xc5d0,0xd5f3,0xe695,
0xbd50,0xe6b7,0xff79,0xff58,0xff79,0xff58,0xff58,0xff58,0xde33,0x8bed,0x5232,0x49d4,
0x5a34,0x5213,0x828d,0xd3c7,0xbd2e,0xf758,0xff79,0xff79,0xff58,0xff79,0xff58,0xff58,
0xde55,0xd613,0xde75,0xd5f2,0xce12,0xe6b6,0xff99,0xffba,0xffba,0xc5f4,0x7be8,0xcdb3,
0x8409,0x9c6d,0xeef6,0xffba,0xff79,0xff79,0xff58,0xff79,0xff58,0xff58,0xff58,0xff58,
0xff99,0xff99,0xffba,0xffba,0xffba,0xff99,0xff99,0xff58,0xff79,0xff58,0xff58,0xff18,
0xe5f5,0xf42c,0xe3e9,0xe5cc,0xe5ed,0xe5ed,0xee2e,0xf68f,0xe5cd,0xdd8c,0xc50b,0x9be8,
0x5a25,0x5a24,0x5a24,0x6aa5,0x5246,0x2943,0x3163,0x31a4,0x39c4,0x41e5,0x41e5,0x41e4,
0x41e4,0x41e4,0x41c4,0x39a3,0x3163,0x2922,0x2122,0x2923,0x2923,0x3163,0x39a3,0x39c4,
0x41e5,0x4205,0x41e5,0x39a4,0x3184,0x3163,0x3164,0x31a4,0x31a4,0x31a4,0x3983,0x3184,
0x39a4,0x4a05,0x5246,0x5267,0x4a06,0x41c5,0x3984,0x3984,0x39a4,0x4a05,0x4a26,0x4a26,
0x4a26,0x41e5,0x39a4,0x3984,0x3184,0x0000,0x0000,0x0000,0x0000,0x0000,0x0000,0x0000,
0x0000,0x0000,0x0000,0x0000,0x0000,0x0000,0x0000,0x9c2e,0xa46f,0xa46f,0xa46f,0xa46f,
0xa46f,0xa46e,0xa46e,0x9c2d,0x9c0d,0x93ec,0x93ec,0x9c0d,0x9c2d,0x9c2d,0x9c2d,0x9c2d,
0x9c2d,0x9c2d,0x9c2d,0x9c0d,0x93ed,0x93cc,0x8bab,0x836b,0x836b,0x836b,0x834a,0x72e9,
0x5227,0x39a5,0x39a5,0x4a05,0x5a46,0x5a47,0x5a66,0x49e5,0x3983,0x3163,0x2922,0x2922,
0x2923,0x2942,0x2922,0x2923,0x2963,0x2943,0x2820,0x6223,0xa3e7,0xac48,0x8346,0xcd2a,
0xd54b,0xd54b,0xe5ac,0xdd8c,0xdd8b,0xdd6b,0xcd0a,0xbc89,0xc526,0xde64,0xeec4,0xaced,
0xbd94,0xe695,0xeeb5,0xff38,0xff58,0xff79,0xff79,0xffba,0xffba,0xffba,0xffba,0xffba,
0xffba,0xffba,0xffba,0xffba,0xffba,0xffba,0xff99,0xffba,0xffba,0xff59,0xff9a,0xff79,
0xde33,0xa46d,0x94aa,0xb50e,0xff58,0xff9a,0xff79,0xff59,0xff9a,0xff9a,0xff9a,0xff58,
0xff9a,0xff58,0xff79,0xff9a,0xff58,0xff9a,0xff99,0xff79,0xffba,0xde74,0xb4f0,0x7b8c,
0x6ace,0x6b2b,0xb44b,0xc591,0xf737,0xff9a,0xff79,0xffba,0xffba,0xffba,0xffba,0xff79,
0xff58,0xff58,0xff79,0xff99,0xff99,0xff79,0xffba,0xffba,0xffba,0xff58,0xc551,0xbd50,
0xcdb1,0xff59,0xff9a,0xff79,0xff58,0xff58,0xff58,0xff58,0xff79,0xff79,0xffba,0xffba,
0xffba,0xff9a,0xff79,0xff79,0xff9a,0xff99,0xff58,0xff58,0xff58,0xff58,0xff58,0xff58,
0xff59,0xff59,0xeeb5,0xe5ed,0xe60d,0xe5cd,0xe5ed,0xee6e,0xdd6c,0xd50a,0xc4ca,0x93a7,
0x5a03,0x5a03,0x6244,0x8348,0x93ca,0x3164,0x3164,0x31a4,0x39a4,0x39a4,0x39a4,0x39a4,
0x41e4,0x49e4,0x41c4,0x3983,0x2943,0x2122,0x2122,0x2122,0x2922,0x2943,0x3983,0x41c4,
0x4a05,0x49e5,0x41c5,0x3984,0x3163,0x2943,0x2963,0x3163,0x3983,0x3163,0x3163,0x31a4,
0x39a4,0x41e5,0x4a06,0x4a06,0x41e5,0x3984,0x2943,0x2943,0x3984,0x41c5,0x4a26,0x4a26,
0x4a06,0x41e5,0x39a4,0x3983,0x3163,0x0000,0x0000,0x0000,0x0000,0x0000,0x0000,0x0000,
0x0000,0x0000,0x0000,0x0000,0x0000,0x0000,0x0000,0x9bed,0xa44e,0x9c2e,0x9c2e,0x9c2e,
0x9c2e,0x9c2d,0x9c2d,0x9c2d,0x9c0d,0x93ec,0x93ec,0x9c0d,0x9c2d,0xa44e,0x9c2d,0x9c2d,
0x9c2d,0x9c2d,0x9c2d,0x9c2d,0x9c0d,0x93ec,0x93cc,0x8bac,0x8bab,0x8b8b,0x834a,0x72e9,
0x4a27,0x31a5,0x39a5,0x49e5,0x5a47,0x6286,0x5a66,0x49e5,0x4184,0x3163,0x3143,0x3163,
0x3163,0x3143,0x3163,0x3143,0x3163,0x3163,0x4982,0x8b46,0xac08,0xac48,0x8326,0xcd2a,
0xd54b,0xd54b,0xcd2b,0xd52a,0xccea,0xc4c9,0xbca9,0xa3e7,0xbd06,0xde44,0xde24,0xe62f,
0xde33,0xd613,0xeeb5,0xff79,0xffba,0xffba,0xffba,0xffba,0xffba,0xffba,0xffba,0xffba,
0xffba,0xff99,0xff79,0xff79,0xff9a,0xffba,0xff79,0xff9a,0xff58,0xff59,0xff58,0xff58,
0xff58,0xeed6,0xc570,0xa44e,0xff58,0xff58,0xff58,0xff58,0xff58,0xff58,0xff58,0xff58,
0xff58,0xff58,0xff79,0xff58,0xff99,0xff58,0xff99,0xff79,0xff79,0xff58,0xff9a,0xf758,
0xc56f,0xc590,0xf717,0xf738,0xff58,0xff58,0xff59,0xff58,0xff79,0xffba,0xffba,0xffba,
0xff9a,0xff9a,0xff58,0xff58,0xff58,0xff79,0xff79,0xff99,0xff79,0xff58,0xb4f0,0xc591,
0xef39,0xff59,0xff79,0xff58,0xff58,0xff58,0xff58,0xff9a,0xffba,0xffba,0xff99,0xffba,
0xff79,0xff99,0xff59,0xff59,0xff58,0xff58,0xff58,0xff58,0xff9a,0xff9a,0xff9a,0xff9a,
0xffba,0xffba,0xeeb5,0xdd6b,0xdd8b,0xd52b,0xd54b,0xd52b,0xccc9,0xb447,0xac07,0x8b25,
0x5a03,0x6285,0x6aa4,0x7b06,0x9c2a,0x8328,0x3184,0x39a4,0x31a4,0x39a4,0x31a4,0x39a4,
0x41a4,0x41e4,0x41a4,0x3983,0x3143,0x2922,0x2922,0x2123,0x2943,0x3163,0x41c4,0x5224,
0x5a44,0x5a44,0x5225,0x49c4,0x3163,0x2923,0x2923,0x2963,0x2963,0x2963,0x2963,0x3163,
0x31a4,0x39a4,0x39e5,0x39a5,0x3184,0x2943,0x2122,0x2943,0x3163,0x41c5,0x41e5,0x4a26,
0x4a06,0x39e5,0x39a4,0x3963,0x3163,0x0000,0x0000,0x0000,0x0000,0x0000,0x0000,0x0000,
0x0000,0x0000,0x0000,0x0000,0x0000,0x0000,0x0000,0x9bec,0xa44e,0xa46e,0x9c2d,0x9c0d,
0x93ec,0x9c0d,0x9c0d,0x9c2d,0x9c2d,0x9c2d,0x9c2d,0x9c2e,0xa44e,0x9c2e,0x9c2d,0x9c2d,
0x9c2d,0x9c0d,0x9c0d,0x9c0d,0x93ec,0x8bac,0x838b,0x7b09,0x7308,0x72e8,0x6ac7,0x6aa6,
0x6265,0x5225,0x5205,0x5245,0x5a66,0x6267,0x5a66,0x49e6,0x41a4,0x3163,0x3163,0x3163,
0x3983,0x39a4,0x39a4,0x3164,0x3164,0x41a4,0x7aa4,0xa3c6,0xb407,0xabe6,0x8326,0xc4c9,
0xcd0a,0xcd0a,0xc4ea,0xc4ca,0xc4c9,0xb468,0xb407,0x9b85,0xbcc5,0xde24,0xde24,0xcdeb,
0xde31,0xde73,0xf715,0xff95,0xffb5,0xffb5,0xff75,0xffb4,0xff95,0xffb4,0xff75,0xff94,
0xff15,0xff94,0xff55,0xff53,0xff53,0xff53,0xff53,0xff13,0xff13,0xff53,0xff53,0xff33,
0xff53,0xff53,0xde4f,0xf6f3,0xf712,0xff13,0xff33,0xf713,0xff13,0xf6f2,0xff13,0xf713,
0xf713,0xff13,0xf713,0xff53,0xff33,0xff53,0xff53,0xff53,0xff53,0xff53,0xff53,0xff53,
0xf733,0xff53,0xff52,0xff53,0xff53,0xff53,0xf6f1,0xff52,0xff52,0xff52,0xff53,0xff52,
0xff53,0xff53,0xff53,0xff53,0xf6f1,0xf731,0xff51,0xff52,0xf710,0xff52,0xf731,0xf6ef,
0xff31,0xff51,0xff51,0xf710,0xf70f,0xff52,0xff52,0xff52,0xff52,0xff52,0xff52,0xff51,
0xf731,0xeeef,0xf710,0xf6ef,0xff51,0xf731,0xff52,0xff52,0xff52,0xff52,0xff52,0xff52,
0xf710,0xf731,0xee6b,0xcca8,0xccc9,0xcca8,0xcce9,0xd56b,0xccea,0xcce9,0xc4c9,0xa408,
0x6264,0x6a84,0x7b06,0x7b06,0x8ba7,0xacac,0x6286,0x31a4,0x3184,0x3184,0x39a4,0x39c4,
0x39e4,0x39c4,0x39a4,0x3963,0x3163,0x3963,0x49c4,0x6265,0x72c5,0x7b26,0x8305,0x72a4,
0x7ac4,0x82e4,0x8305,0x8325,0x8326,0x72a5,0x5a45,0x41c4,0x3183,0x2943,0x2943,0x2943,
0x3163,0x3184,0x3164,0x3184,0x2923,0x2923,0x2122,0x2923,0x2963,0x39c4,0x41e5,0x4206,
0x39e5,0x39a4,0x3983,0x3163,0x2943,0x0000,0x0000,0x0000,0x0000,0x0000,0x0000,0x0000,
0x0000,0x0000,0x0000,0x0000,0x0000,0x0000,0x0000,0xa44e,0xac8e,0xacce,0xa46f,0x9c2d,
0x9c2d,0x9bec,0x9c2d,0x9c2d,0x9c2d,0x9c2d,0x9c2d,0x9c2d,0x9c2d,0x9c2d,0x9c0d,0x93ec,
0x93cc,0x8bab,0x8bab,0x836a,0x6ac8,0x5a23,0x5a23,0x5a44,0x6a43,0x6aa4,0x72e5,0x72e5,
0x72e5,0x72e5,0x72e5,0x7b06,0x7ae5,0x6aa4,0x5a66,0x49e5,0x3984,0x3163,0x3163,0x39a4,
0x41c4,0x41c4,0x39a4,0x39a4,0x41a4,0x72c5,0xac48,0xbc47,0xb427,0xb427,0x7b05,0xbca9,
0xc4a9,0xbc68,0xc488,0xbc88,0xb427,0xabe6,0xb447,0xbc89,0xaca6,0xde24,0xeea4,0xeec4,
0xeec4,0xe664,0xff67,0xff67,0xff67,0xff67,0xff67,0xff67,0xff67,0xff67,0xf6e5,0xff67,
0xf6e5,0xf6e5,0xf6e5,0xf6e5,0xf6e5,0xf6e5,0xf6e5,0xf6e5,0xf6e5,0xff46,0xff67,0xf6e5,
0xff67,0xff46,0xf705,0xf705,0xf6e5,0xf6e5,0xf6e5,0xff46,0xf6e5,0xf6e5,0xf6e5,0xf6e5,
0xf6e5,0xf6e5,0xf6e5,0xf6e5,0xf6e5,0xf6e5,0xf6e5,0xf6e5,0xf6e5,0xf6e5,0xf6e5,0xf6e5,
0xf6e5,0xf6e5,0xf6e5,0xff67,0xf6e5,0xf705,0xff67,0xf726,0xf6e4,0xf6e5,0xf6e5,0xf6e4,
0xf6e5,0xf6e5,0xf6e5,0xf6e5,0xff46,0xf726,0xf6e4,0xf6e4,0xf6e4,0xf6e4,0xf6e4,0xf6e4,
0xf6e4,0xf6e4,0xf6e4,0xff67,0xff67,0xff67,0xff67,0xff46,0xf6e4,0xf6e4,0xf6e4,0xf6e4,
0xf6e4,0xf705,0xff67,0xff67,0xff67,0xff46,0xf705,0xf705,0xf6e4,0xf6e4,0xf6e4,0xf6e4,
0xf6e4,0xf6e4,0xff67,0xe62d,0xee2d,0xee2e,0xf68f,0xf68f,0xee2f,0xe5cd,0xcd4b,0x9be8,
0x5a24,0x6265,0x8b66,0xa3c6,0xa3c7,0x93c7,0x8b87,0x6a84,0x3163,0x2963,0x3184,0x39a4,
0x39e5,0x39a4,0x3983,0x3983,0x6244,0x72e5,0x72e5,0x8326,0x8b87,0x9be7,0xa3c8,0x9b65,
0x9365,0x9365,0x9ba6,0x9ba6,0x8b66,0x9346,0x93a7,0x93a7,0x8366,0x5a24,0x2922,0x2923,
0x2923,0x2923,0x2943,0x2923,0x2122,0x2123,0x2122,0x2923,0x2963,0x31a4,0x39e4,0x39e5,
0x39e5,0x31a4,0x3163,0x2963,0x2922,0x0000,0x0000,0x0000,0x0000,0x0000,0x0000,0x0000,
0x0000,0x0000,0x0000,0x0000,0x0000,0x0000,0x0000,0xa44e,0xb4d0,0xb4d0,0xb4cf,0xa44e,
0x9c0d,0x9bed,0x93ed,0x9bed,0x93ed,0x93cc,0x83ad,0x8bac,0x8b8b,0x838c,0x734b,0x732b,
0x62e9,0x6ac8,0x62a7,0x6264,0x6223,0x7ac4,0x8b25,0x9ba7,0xa408,0xac28,0xb468,0xbc89,
0xb468,0xac48,0xac28,0x9387,0x9b87,0x8b87,0x8b26,0x7ae5,0x5a65,0x41a4,0x3983,0x39a4,
0x39c4,0x39c5,0x41c4,0x49e4,0x72c5,0xa408,0xddac,0xddcd,0xcd0a,0xb427,0x7ac4,0xb427,
0xc4a9,0xb427,0xac06,0xac07,0xbc89,0xd52a,0xcd0a,0xbcca,0xbd06,0xf6e4,0xe664,0xde66,
0xde44,0xe664,0xf6e4,0xf725,0xf725,0xf725,0xf705,0xf6e4,0xf6e4,0xf6e4,0xf6e4,0xf725,
0xf726,0xf726,0xf726,0xff67,0xf726,0xf726,0xff46,0xff67,0xf725,0xf705,0xff67,0xf725,
0xf726,0xf705,0xf725,0xf725,0xf725,0xf6e4,0xf705,0xf726,0xf705,0xf705,0xf725,0xf705,
0xf6e4,0xf6e4,0xf705,0xf6e4,0xf6e4,0xf6e4,0xf6e4,0xf6e4,0xf6e4,0xf6e4,0xf6e4,0xf6e4,
0xf6e4,0xf6e4,0xf6e4,0xf6e5,0xf6e5,0xf705,0xf726,0xf705,0xf725,0xf705,0xf726,0xf6e4,
0xf6e4,0xf6e4,0xf705,0xf6e5,0xf6e5,0xf705,0xf725,0xf705,0xf726,0xf6e4,0xf6e4,0xf6e4,
0xf6e4,0xf726,0xf725,0xf6e5,0xf6e5,0xf705,0xf705,0xf6e4,0xf6e4,0xf6e4,0xf705,0xf6e4,
0xf705,0xf705,0xf705,0xf705,0xf6e4,0xf705,0xf705,0xf6e4,0xf705,0xf725,0xf6e4,0xf6e4,
0xf6e4,0xeec4,0xe684,0xe60e,0xe5ed,0xee4e,0xe60d,0xee2e,0xee0d,0xdd6c,0xcd0a,0x9bc7,
0x6244,0x5a23,0x8b26,0xabe7,0xb427,0xa3a6,0x9346,0x8305,0x72e6,0x6aa6,0x4a05,0x4a05,
0x5204,0x5204,0x6224,0x72a4,0x8326,0x9bc7,0xb469,0xd52b,0xd54b,0xd56c,0xdd8c,0xdd8c,
0xd54b,0xcd2b,0xc4c9,0xc4a9,0xabe7,0xa3a6,0x9b86,0x9ba6,0xb448,0xb448,0x8b47,0x5a24,
0x2923,0x20e2,0x2122,0x2122,0x2102,0x2923,0x2923,0x2943,0x2963,0x2964,0x3184,0x31a4,
0x31a4,0x2963,0x2943,0x2122,0x2122,0x0000,0x0000,0x0000,0x0000,0x0000,0x0000,0x0000,
0x0000,0x0000,0x0000,0x0000,0x0000,0x0000,0x0000,0x9c2d,0xa46e,0xa46e,0x9c0d,0x940d,
0x93cc,0x838b,0x7b4b,0x7b4a,0x6b0a,0x6b09,0x62c9,0x5aca,0x5a88,0x5287,0x4a48,0x4a07,
0x5a46,0x6265,0x8b66,0xa469,0xac27,0xac07,0xb427,0xb427,0xbc47,0xb427,0xbc68,0xc488,
0xc488,0xc4a9,0xd50a,0xccea,0xc4c9,0xbc68,0xac49,0xa3e8,0x8b67,0x7b26,0x6aa5,0x6a84,
0x5a45,0x5a45,0x72a5,0x72a4,0x9ba7,0xc4c9,0xdd8c,0xdd8c,0xd54b,0xcd2b,0x8b45,0xabe6,
0xb427,0xabc6,0xbc88,0xdd6b,0xddac,0xcd2b,0xc4ca,0xbc68,0xac88,0xc548,0xbd06,0xbce5,
0xbd05,0xbd05,0xbd06,0xd5e5,0xd5e5,0xd5e5,0xd5c5,0xc584,0xd5c4,0xd5e5,0xe665,0xde28,
0xd605,0xde45,0xd5e5,0xd5e5,0xd5e5,0xd5e5,0xd5e5,0xd5e5,0xd5e5,0xd5e5,0xd5e5,0xc565,
0xbd44,0xcd67,0xd5c6,0xcda5,0xd5a7,0xcd68,0xcd87,0xcda5,0xd5e6,0xcd87,0xcd68,0xcd86,
0xcd67,0xc547,0xbd05,0xcd88,0xb4e5,0xc527,0xcd68,0xcd67,0xbd05,0xbce5,0xbce5,0xbc03,
0xb4c5,0xc505,0xc505,0xc526,0xcd68,0xcd47,0xb4c5,0xcd48,0xd588,0xd588,0xd5a9,0xd5a9,
0xd569,0xbce5,0xc505,0xc505,0xcd68,0xd588,0xe5ab,0xde0b,0xddab,0xc548,0xb406,0xcd47,
0xd569,0xd588,0xe5cb,0xe5eb,0xd5a9,0xd589,0xd588,0xcd67,0xccc7,0xc487,0xdd8a,0xde2a,
0xe62d,0xde6b,0xe5eb,0xe5cc,0xe5cc,0xe5cc,0xe64b,0xddc9,0xd5a9,0xd509,0xd549,0xcca8,
0xcca8,0xcca7,0xd509,0xd5cb,0xe5cc,0xe5cc,0xe5ed,0xe5ac,0xdd6b,0xcd0a,0xc4a9,0x9ba6,
0x59e3,0x5a03,0x9b86,0xac07,0xbc68,0xb427,0xa3c6,0x9b86,0xa408,0x9c08,0x93c7,0x93a7,
0x7ac4,0x72a4,0x8305,0x9bc7,0xc4a9,0xd54b,0xdd8c,0xdd6c,0xbca9,0xb469,0xac07,0x8ba7,
0x8b67,0x9387,0xa3c8,0xac49,0xbca9,0xccc9,0xbc88,0xb427,0x9b86,0xa3a6,0x9ba8,0x93a7,
0x93a7,0x41c3,0x20e2,0x2102,0x2922,0x2922,0x3143,0x3163,0x3163,0x2943,0x2963,0x2963,
0x2963,0x2943,0x2122,0x2122,0x18e2,0x0000,0x0000,0x0000,0x0000,0x0000,0x0000,0x0000,
0x0000,0x0000,0x0000,0x0000,0x0000,0x0000,0x0000,0x732a,0x734c,0x734b,0x734b,0x6b2b,
0x6b0b,0x5aa9,0x5268,0x5247,0x4a27,0x41e7,0x39c6,0x39c6,0x3185,0x3185,0x39a4,0x6264,
0x8346,0xb489,0xdd8c,0xd56b,0xc50b,0xb469,0x9be7,0x8325,0x6a84,0x6a64,0x6264,0x6a64,
0x6a64,0x6a84,0x8305,0xa3c6,0xb447,0xccc9,0xcd0a,0xbca9,0xb469,0xb448,0x9387,0x9346,
0x8b87,0x9387,0xa408,0xb469,0xb407,0xbc67,0xd4e9,0xccea,0xc4ea,0xc4ea,0x8b46,0xb407,
0xc4a9,0xd54b,0xdd8c,0xdd8c,0xdd6b,0xcd0a,0xbc68,0xac07,0x9b86,0xa428,0xb469,0xb48a,
0xbca9,0xc4ca,0xc4ca,0xc4c9,0xbca9,0xc488,0xb448,0xb448,0xb448,0xb407,0xb427,0xabe7,
0xa3e7,0xac07,0xbc48,0xbc89,0xc4c9,0xcceb,0xc50a,0xd52b,0xd54b,0xcd0a,0xd52b,0xcd0b,
0x9b87,0xc4ea,0xd52b,0xd54b,0xd52b,0xd52b,0xd56c,0xd54b,0xd56b,0xd54b,0xd52b,0xc50a,
0xd54b,0xc4ea,0x9bc7,0xddad,0xbc68,0x93a7,0xbc89,0xb427,0xb407,0xac07,0xbc47,0xc4ca,
0x9386,0x9b87,0xcce9,0xd50a,0xd52a,0xd54b,0xb448,0xb489,0xe5cc,0xe5cc,0xe5ed,0xe60d,
0xcd0a,0xbc47,0xc4a8,0xcce9,0xdd2a,0xdd6b,0xe5cc,0xe5ed,0xe60d,0xc4ea,0x9ba7,0xc467,
0xcca8,0xcca8,0xc4a9,0xe5ed,0xee2e,0xf66e,0xe5cc,0xe5cc,0xdd8b,0xdd6a,0xd509,0xcc87,
0xd509,0xd58b,0xee8e,0xf68f,0xf68f,0xee4e,0xee2e,0xee4e,0xee2e,0xe5cd,0xe60d,0xe5cc,
0xe5cc,0xe58b,0xe5ab,0xe5ab,0xe54a,0xd50a,0xd509,0xccc9,0xc488,0xb427,0xac07,0x8b05,
0x6244,0x6aa5,0xac49,0xe5cd,0xee4e,0xe60d,0xd56c,0xcd0a,0xc4ea,0xbcca,0xa428,0xac48,
0xac07,0x9ba6,0xbc47,0xccc8,0xcce9,0xb427,0x8b46,0x6aa4,0x5a45,0x62a7,0x62ea,0x6b2b,
0x7bad,0x7bad,0x6b0a,0x62ea,0x62a7,0x6ac6,0x8346,0xa428,0xc4ea,0xc4c9,0xac07,0x8305,
0xb447,0xe58a,0x6a85,0x20a1,0x2902,0x3143,0x3163,0x3163,0x3163,0x2943,0x2943,0x2943,
0x2943,0x2943,0x2923,0x20e2,0x18e2,0x0000,0x0000,0x0000,0x0000,0x0000,0x0000,0x0000,
0x0000,0x0000,0x0000,0x0000,0x0000,0x0000,0x0000,0x4207,0x4a47,0x4a47,0x5268,0x4a27,
0x4207,0x39c6,0x39c6,0x31a5,0x3185,0x2964,0x2964,0x2964,0x2964,0x41a4,0x72a5,0xa408,
0xcd0b,0xdd6c,0xbca9,0x9bc7,0x72c5,0x6286,0x62c7,0x734b,0x7bce,0x8c50,0x8c50,0x8c50,
0x7bee,0x736c,0x734b,0x62c8,0x6265,0x72c5,0x9ba6,0xbc68,0xcd0a,0xccc9,0xb468,0xac48,
0xbc68,0xbc89,0xbca9,0xcd2a,0xd56b,0xcd0a,0xccc8,0xbc48,0xbc68,0xc4a9,0x8346,0xbca9,
0xcd2a,0xd56b,0xcd0a,0xccea,0xc4c9,0xbc48,0xac07,0xb448,0xc4c9,0xdd8c,0xd56b,0xd56c,
0xcd0a,0xcd2a,0xd54b,0xccea,0xcce9,0xc4c9,0xc4a9,0xb448,0xc488,0xc467,0xc488,0xc488,
0xc4a9,0xccea,0xd56b,0xdd6c,0xdd6c,0xdd6c,0xddac,0xd56b,0xddac,0xdd8c,0xcd2b,0xcce9,
0xa3e7,0xac49,0xdd8c,0xddac,0xddac,0xddac,0xdd8c,0xdd8c,0xe5ed,0xe5ac,0xddac,0xe5cd,
0xe5ed,0xd50a,0xa408,0xe62d,0xddac,0xcd4b,0xe5cd,0xddcd,0xd58c,0xd52a,0xcce9,0xcd0a,
0xc488,0x9366,0xa407,0xd50a,0xd50a,0xdd8c,0xbc88,0xb449,0xe5cd,0xddac,0xee2e,0xee4e,
0xe5ed,0xe5cd,0xdd8b,0xcce9,0xcce9,0xd52a,0xdd6b,0xedcc,0xe5ed,0xcd0b,0xac07,0xdd6b,
0xccc9,0xd509,0xddac,0xee2e,0xee4e,0xe60d,0xdd6b,0xdd4a,0xd509,0xccc8,0xccc9,0xd529,
0xe5cd,0xe62e,0xee2e,0xe60d,0xddac,0xe5cd,0xddac,0xe5ec,0xe5ac,0xdd6b,0xdd4a,0xd54a,
0xdd4a,0xd4c9,0xcca8,0xc488,0xbc68,0xcca8,0xc4a9,0xd509,0xd52a,0xd50b,0xccea,0xa3e7,
0x6264,0x6ac5,0xb489,0xe5ed,0xe62d,0xe62e,0xee4e,0xee0d,0xee0d,0xe5ed,0xdd8c,0xd54b,
0xd58c,0xe5ed,0xd54b,0xac07,0x82e4,0x6265,0x6ae9,0x83cd,0x9cd2,0xbdd6,0xbdd6,0xd678,
0xd678,0xce58,0xce38,0xbdd6,0xb595,0x9cd2,0x83cd,0x7349,0x7b07,0xa408,0xd54b,0xc4ca,
0xa3c7,0xbc47,0xe5ef,0x736a,0x2922,0x3163,0x3983,0x3983,0x3163,0x3163,0x3163,0x3163,
0x2963,0x2963,0x2923,0x2122,0x20e2,0x0000,0x0000,0x0000,0x0000,0x0000,0x0000,0x0000,
0x0000,0x0000,0x0000,0x0000,0x0000,0x0000,0x0000,0x2964,0x2964,0x29a5,0x31a5,0x31a5,
0x31a5,0x31a5,0x31a5,0x39a5,0x39a5,0x39c5,0x39c5,0x41c5,0x5205,0x7284,0xbc68,0xccc9,
0xbc88,0x8b46,0x6a84,0x5a66,0x6b4c,0x9cd2,0xb574,0xb595,0xb595,0xb5b5,0xb5b5,0xb5b5,
0xb595,0xb595,0xb595,0xb595,0xa4f2,0x7bce,0x5a66,0x6223,0xa3c6,0xccc9,0xbc68,0xbc68,
0xbc88,0xbc68,0xcce9,0xc4ea,0xd54b,0xdd8c,0xe5cd,0xe5cd,0xbc68,0xb427,0x8b25,0xbc68,
0xc4ea,0xccea,0xbca9,0xb447,0xabe6,0xbc68,0xd56b,0xe5cc,0xdd8c,0xe5cd,0xd54b,0xdd6b,
0xdd6b,0xc4ea,0xc4ea,0xbc88,0xc4a8,0xbc27,0xb427,0xb427,0xcd2a,0xe5cc,0xe5ed,0xddac,
0xe62d,0xe60d,0xdd8c,0xdd8c,0xddac,0xddac,0xd56b,0xd56b,0xd56b,0xe5cd,0xdd6b,0xc4a9,
0xc4a9,0xa3c7,0xcd2a,0xd52a,0x9bc8,0xabe8,0xd54b,0xccea,0x9ba7,0xc4c9,0xbc68,0xa3e7,
0xa408,0xccc9,0x9be7,0xe5cc,0xa408,0xac69,0xd54b,0x9c28,0x9be7,0x93c8,0xe62e,0xe5ee,
0xccea,0xccc9,0x9386,0x9b85,0xc487,0xcce9,0xbc88,0xac28,0xbc68,0x9bc7,0x9be7,0x9c28,
0xdd8c,0xddac,0xa469,0xa449,0x9be7,0xabc6,0xb427,0x9ba7,0xb407,0xccc9,0xac27,0xee6e,
0xac49,0x9c49,0x9c09,0x93c7,0xd54b,0xd54b,0xccc9,0xc487,0xd54a,0xe60d,0xee4e,0xee2e,
0xee2e,0xee2e,0xee2e,0xe62e,0xe5cd,0xddab,0xddac,0xd54a,0xd50a,0xcce9,0xc487,0xc467,
0xc488,0xd54b,0xe5cc,0xee4e,0xe62d,0xf66e,0xe60d,0xee2e,0xe60d,0xe5cd,0xdd8c,0xac28,
0x6264,0x6285,0xac08,0xe5ac,0xddac,0xddac,0xee6e,0xfeab,0xf66e,0xf66e,0xddac,0xee4e,
0xf68f,0xe5ed,0x9be8,0x5204,0x62c9,0x9cd2,0xce37,0xce58,0xdeb9,0xdeda,0xdeb9,0xdeda,
0xce58,0xce58,0xce38,0xce38,0xce38,0xce58,0xdeb9,0xc5f6,0x9cd2,0x732a,0x7b06,0xac68,
0xcd0a,0xac49,0xbd2e,0xf717,0x7308,0x3122,0x3963,0x39a4,0x3963,0x39a4,0x39a4,0x39a4,
0x39a4,0x31a4,0x3163,0x2943,0x2122,0x0000,0x0000,0x0000,0x0000,0x0000,0x0000,0x0000,
0x0000,0x0000,0x0000,0x0000,0x0000,0x0000,0x0000,0x2123,0x2123,0x2123,0x2144,0x2944,
0x2985,0x39c6,0x4a26,0x5267,0x5a67,0x5a67,0x62a8,0x62a7,0x7ac5,0x9b86,0xabe7,0x9365,
0x72a4,0x6286,0x736c,0x9491,0xad54,0xb5b5,0xb5b5,0xbdd6,0xb5b5,0xb5b5,0xb5b5,0xb5b5,
0xb574,0xb5b5,0xb574,0xb5b5,0xb5b5,0xb595,0xa4f3,0x83ee,0x72e7,0x8b25,0xabe7,0xbc67,
0xb447,0xbc68,0xc4a9,0xc4c9,0xc4ca,0xc4ea,0xd56b,0xe5cd,0xe5ad,0xd50a,0x8b66,0xac07,
0xbc88,0xb448,0xb427,0xc4a9,0xcd0a,0xdd6c,0xcd2b,0xd54b,0xd54b,0xcd0a,0xc4ea,0xc4a9,
0xbc89,0xbc48,0xabe7,0xb407,0xccc9,0xd54b,0xd56b,0xdd8c,0xe5ac,0xdd8c,0xd56b,0xdd6b,
0xdd6b,0xd56b,0xd52b,0xd52b,0xdd6b,0xcd2a,0xcd0a,0xcd0a,0xccc9,0xc4c9,0xc4ea,0xbc89,
0xd54b,0xa3e8,0xc4c9,0xd52b,0xbca9,0x8326,0xccc9,0xcd2b,0xb469,0xc489,0xc4ca,0xbcaa,
0xcd2b,0xcd0a,0xa3e7,0xdd8c,0xb489,0xccea,0xcd0c,0xbca9,0xcd2b,0xbc8a,0x93c8,0xdded,
0xd52b,0xc4a9,0xc488,0x9386,0xb4ab,0xddac,0xc4ca,0xc4a9,0xc4ca,0xbc89,0xd52b,0x9be8,
0xa408,0xe5ce,0xbc89,0xbc88,0xc4c9,0xddcd,0xdd8c,0xc4ea,0xc4ca,0xc4ea,0xac07,0xee0d,
0xd56c,0xd56c,0xcd2b,0xb428,0xbc68,0xbc88,0xcd2a,0xee0d,0xf68f,0xee6e,0xee2f,0xee2e,
0xee0d,0xe5cc,0xddac,0xdd6b,0xdd6b,0xc4c9,0xbc68,0xbc68,0xbc88,0xccea,0xdd8c,0xe5ed,
0xee0e,0xee2e,0xe60d,0xe5ed,0xe5ac,0xe5ed,0xddcd,0xe5cd,0xdd8c,0xd52b,0xcd0a,0xac28,
0x5a24,0x6244,0xabe8,0xcd0a,0xdd6a,0xdd6a,0xe58b,0xe5cc,0xf64c,0xee2d,0xf60c,0xe60d,
0xcd4b,0x8326,0x5a66,0x8c2f,0xc637,0xd699,0xd699,0xd699,0xd678,0xd6b9,0xce38,0xd679,
0xdeb9,0xce58,0xd6b9,0xce38,0xce78,0xce38,0xce38,0xce38,0xd699,0xbdd6,0x9491,0x8349,
0xac08,0xcd0a,0xac28,0xac8b,0xd5f1,0x6ac7,0x3163,0x3963,0x39a4,0x39a4,0x39a4,0x39a4,
0x39a4,0x39a4,0x3984,0x3983,0x3143,0x0000,0x0000,0x0000,0x0000,0x0000,0x0000,0x0000,
0x0000,0x0000,0x0000,0x0000,0x0000,0x0000,0x0000,0x3163,0x3163,0x2963,0x2123,0x2964,
0x31a5,0x5247,0x6ac8,0x7b29,0x7b2a,0x7b2a,0x7b09,0x7b05,0xbcaa,0xc4c9,0x93a7,0x72c5,
0x62e8,0x9cb2,0xb5b5,0xb5b5,0xb5b5,0xb575,0xb574,0xad54,0xb5b5,0xb5b5,0xbdb5,0xbdb6,
0xc5f7,0xb5b5,0xb5b5,0xbdb5,0xbdb6,0xb5b5,0xbdb6,0xb5b5,0xb574,0x7b6b,0x7ae5,0xac07,
0xabe7,0xabe6,0xb447,0xb448,0xb448,0xbc89,0xbcaa,0xd54b,0xe5cd,0xdd6b,0x9ba7,0xa3c6,
0xabe6,0xbc68,0xd54b,0xddac,0xd56b,0xcd2b,0xcd2a,0xd50a,0xccea,0xc488,0xbc68,0xb427,
0xb427,0xbc68,0xd52a,0xdd8c,0xddac,0xe5cc,0xdd8c,0xdd8c,0xdd8c,0xdd8b,0xddab,0xcd2a,
0xc4ea,0xcd0a,0xccc9,0xc4ca,0xccc9,0xc488,0xbc88,0xb448,0xb448,0xb448,0xabe7,0xa3a6,
0xb427,0xac48,0x7ae5,0xc488,0xccea,0x8326,0xb427,0xbca9,0xa3c7,0xb427,0xac28,0xac07,
0xc488,0xcd0a,0xa3c6,0xd52b,0xa3c8,0xcd0a,0xb427,0xa408,0xd50a,0xd52b,0xb448,0xcd2c,
0xd52a,0xc4a9,0xc4a9,0xccc9,0x9bc7,0xb468,0xcd4b,0xddac,0xbc89,0x8325,0x9ba7,0xccc9,
0xac07,0xe5ac,0xc4c9,0xbc68,0xe5ac,0xd56d,0xac28,0xcd8c,0xf66f,0xcd0b,0xa3c7,0xccea,
0xd54b,0xd56a,0xbc89,0xb447,0xccc9,0xee2e,0xf66f,0xe5ee,0xe5ce,0xe5cd,0xddac,0xdd8c,
0xd52b,0xcd0a,0xccc9,0xc4a8,0xc487,0xc4a8,0xcd2b,0xe5ce,0xe60d,0xe5ce,0xe5ce,0xddac,
0xddac,0xe5cd,0xddac,0xddac,0xd56b,0xd54b,0xd54b,0xd50a,0xd52b,0xcd0a,0xc4a9,0x9ba6,
0x59e3,0x6244,0xa3c6,0xc467,0xcc87,0xccc9,0xd509,0xe52a,0xe54a,0xe5ab,0xe5ac,0xc4c9,
0x6a64,0x5a87,0xb574,0xce38,0xdeb9,0xdeb9,0xd699,0xd6b9,0xce58,0xce58,0xdeb9,0xd678,
0xdeb9,0xdeda,0xdeda,0xdeda,0xce58,0xce58,0xdeb9,0xd699,0xce38,0xce38,0xce37,0xad34,
0x7b49,0x9ba6,0xcd0a,0xac28,0xa44a,0xd5cd,0x41a3,0x3143,0x3963,0x3984,0x39a4,0x39a4,
0x3984,0x39a4,0x39a4,0x39a4,0x3963,0x0000,0x0000,0x0000,0x0000,0x0000,0x0000,0x0000,
0x0000,0x0000,0x0000,0x0000,0x0000,0x0000,0x0000,0x5206,0x4a06,0x41e5,0x3984,0x3164,
0x39a5,0x5a88,0x7b4a,0x93cc,0x8b8b,0x8b8b,0x72a6,0xac49,0xcd0a,0xa408,0x7ae6,0x736c,
0xad33,0xb574,0xad54,0xa533,0xb5b5,0xad34,0xb575,0xad54,0xb5b5,0xb5b5,0xbdb5,0xbdd6,
0xbdb5,0xc617,0xb5b5,0xbdd6,0xbdf6,0xb5b5,0xbdd6,0xb5b5,0xb5b5,0xb575,0x8c0e,0x7ae5,
0xb489,0xc4a9,0xb407,0xabe6,0xa3c6,0xb407,0xac07,0xbc89,0xd54b,0xd52b,0x93a7,0xbc89,
0xc4ea,0xd54b,0xd54b,0xd54b,0xd52b,0xd50a,0xc4c9,0xbc89,0xbc68,0xb427,0xbc47,0xccc9,
0xdd8c,0xe5ac,0xcd4b,0xd56b,0xdd6c,0xd56b,0xd52b,0xd56b,0xcd0a,0xc4c9,0xc4c9,0xc4a9,
0xbc88,0xc4a9,0xb447,0xb447,0xac07,0xabe6,0xb427,0xc488,0xc488,0xcd2b,0xac07,0xac49,
0xdd6b,0xcd0a,0x9bc7,0xdd8d,0xcd0a,0x8b87,0xdd6b,0xcd2b,0xbca9,0xd56c,0xb427,0xbcaa,
0xd54b,0xcd0a,0x9b86,0xc50a,0x9bc7,0xccea,0xbc68,0x9386,0xbc48,0xcd0a,0xac07,0xc4a9,
0xcd0a,0xb408,0xdd6c,0xccea,0xc4a9,0xbc88,0xbcaa,0xdd8d,0xbc68,0xcd2c,0xe62d,0xdd8c,
0xccea,0xc4c9,0xc4c9,0x9ba7,0xd56b,0xd56b,0xb407,0xcd4c,0xe60d,0xcd0b,0xb448,0xd54b,
0xbc48,0xac28,0xc4ea,0xe60d,0xf66e,0xee2e,0xddad,0xdd6c,0xd54b,0xdd4b,0xdd4b,0xc4a9,
0xbc68,0xb447,0xccc9,0xe5ab,0xee2e,0xee2e,0xe5ee,0xe62e,0xe5cd,0xddac,0xdd8c,0xe5cc,
0xdd8b,0xdd8b,0xdd4b,0xd52a,0xd52a,0xcce9,0xccc9,0xc4a9,0xbc88,0xbc68,0xb407,0x9365,
0x51e3,0x72c5,0xbcaa,0xdd6b,0xdd6b,0xddac,0xe5aa,0xc467,0xcc87,0xcca8,0xb407,0x5a44,
0x5a87,0xbdd6,0xdeda,0xd6b9,0xdeb9,0xd6b9,0xd678,0xce58,0xb595,0x7bce,0xbdd6,0xce58,
0xce58,0xd6b9,0xce58,0xce58,0x7bce,0x8c70,0xc617,0xce38,0xce38,0xd678,0xd699,0xce38,
0xb5b5,0x7b8c,0xa3c7,0xbc89,0x93a7,0xac68,0xa4a8,0x3143,0x3123,0x3163,0x3163,0x3163,
0x3184,0x39a4,0x41e4,0x41c4,0x39a3,0x0000,0x0000,0x0000,0x0000,0x0000,0x0000,0x0000,
0x0000,0x0000,0x0000,0x0000,0x0000,0x0000,0x0000,0x6aa8,0x6ac8,0x6267,0x4a26,0x39a5,
0x39e5,0x5a87,0x834a,0x93ec,0x93cc,0x7b28,0x8b66,0xbc88,0x9be8,0x7ae5,0x6aea,0xa4f3,
0xb5b5,0xb5b5,0xb5b5,0xb5b5,0xad54,0x9cd2,0x5aca,0x39a6,0x6b4c,0x8c70,0x9491,0x9491,
0x9491,0x630b,0x3165,0x5aaa,0xa513,0xb5b5,0xb5b5,0xc637,0xc5f7,0xb5b5,0xb5b5,0xacf1,
0x8327,0xc50a,0xd52b,0xc4ca,0xb448,0xac07,0xa3a6,0xabe6,0xb448,0xc4a8,0x8b66,0xac28,
0xcd0a,0xcd0a,0xcd0a,0xc4ea,0xbc89,0xbc88,0xb427,0xb427,0xbc48,0xd52a,0xd56b,0xd54b,
0xdd8c,0xd54b,0xcd0a,0xc4ea,0xcd0a,0xc4ea,0xc4a9,0xccc9,0xcca8,0xb448,0xb407,0xac07,
0xb406,0xbc68,0xbc68,0xc4c9,0xccea,0xd56b,0xd56b,0xd56b,0xd56b,0xd54c,0xc4a9,0xa408,
0xb449,0xcd0a,0xa3e7,0xd56b,0xd54d,0x8b87,0xd54b,0xcd4b,0xbc89,0xdd6c,0xb448,0xbcca,
0xdd8c,0xcd0a,0xa408,0xddad,0xac48,0xe5ce,0xbc89,0xa408,0xc488,0xcd0a,0xb468,0xb428,
0xccea,0x8b46,0xbc88,0xdd6b,0xccea,0xbc68,0xb448,0xd56c,0xb448,0xc4eb,0xddad,0xd54b,
0xd56c,0xddad,0xc4a9,0x9366,0xcca8,0xcd2b,0xb427,0xb489,0xd54b,0xac49,0xe5cd,0xddcc,
0xbca9,0xbca9,0xe5ed,0xe60d,0xf5ec,0xdd6c,0xcd2a,0xccea,0xc4a9,0xc4a8,0xcca8,0xc488,
0xcce9,0xdd8c,0xe5ed,0xe60d,0xddac,0xd56b,0xd56b,0xd56b,0xd56b,0xd52a,0xd50a,0xd4ea,
0xccea,0xccc9,0xbc68,0xbc68,0xbc68,0xbc47,0xc467,0xbc47,0xb447,0xb448,0xb448,0x9ba6,
0x5a24,0x72e5,0xbcaa,0xdd6b,0xe60d,0xe60d,0xee8e,0xe62d,0xe5cc,0xcd2b,0x6a84,0x5a67,
0xad74,0xdeda,0xdeda,0xdeda,0xd6b9,0xdeda,0xdeda,0xa513,0x2103,0x18a2,0x9491,0x6b2b,
0x4a28,0x4a28,0x4207,0x2965,0x2123,0x39e7,0x4a68,0xb574,0xce37,0xce38,0xce78,0xce38,
0xce38,0xad54,0x8369,0xa3c6,0xbc47,0x8b86,0xbcc9,0x6a84,0x3123,0x3163,0x3163,0x3163,
0x39a4,0x39e4,0x41e5,0x41c4,0x3983,0x0000,0x0000,0x0000,0x0000,0x0000,0x0000,0x0000,
0x0000,0x0000,0x0000,0x0000,0x0000,0x0000,0x0000,0x7b2a,0x834a,0x7309,0x5aa8,0x49e6,
0x39a5,0x5a87,0x734b,0x8bab,0x8bab,0x72c5,0xa3c6,0x9b86,0x82e4,0x62a8,0x9cd2,0xb5b5,
0xb5b5,0xb5b5,0xad54,0xb5b5,0xb5b5,0x41e7,0x18c2,0x18c2,0x18c2,0x1061,0x1061,0x1061,
0x1061,0x0841,0x18c2,0x1082,0x7bae,0xb5b5,0xb5b5,0xbdf6,0xc617,0xb5b5,0xb5b5,0xb5b5,
0x9c6f,0x7b05,0xd52b,0xcd2a,0xd54b,0xcd2b,0xc4c9,0xb427,0x9365,0x9ba6,0x7ae5,0x93a7,
0xc4c9,0xbca9,0xbca9,0xb448,0xabe6,0xa3c6,0xb448,0xc4ea,0xd54b,0xd52a,0xcd2b,0xcd0a,
0xc4ea,0xbca9,0xbca9,0xbc88,0xbc68,0xb427,0xb448,0xb427,0xbc47,0xb427,0xc488,0xc4ea,
0xd54b,0xdd6b,0xcd2a,0xd54b,0xcd2b,0xccea,0xc4ca,0xccea,0xc4ca,0xb428,0xac28,0xcd0a,
0xc4ea,0xcd0a,0xbca9,0x8326,0xc4a9,0x8326,0xbc89,0xbcca,0xa3c8,0xc4c9,0xbcaa,0xb428,
0xccea,0xc4ea,0x9bc7,0xdd8c,0x9bc8,0xcd2b,0xcced,0xa428,0xcd2b,0xbc89,0xc4ea,0xcd2a,
0xccea,0x8b46,0xabe6,0xac07,0xc48b,0xc4ea,0x9367,0xbcca,0xbcaa,0xb449,0xc4c9,0xac08,
0x9bc8,0xddac,0xc4a9,0x9c08,0xd52a,0xcd0a,0xbc89,0x9ba6,0xbc89,0x9c08,0xc4ea,0xbc68,
0xabe7,0xcd0a,0xd54b,0xd52a,0xcce9,0xcce9,0xc4a9,0xb447,0xabe6,0xb448,0xd52b,0xd54b,
0xd56b,0xcd2b,0xd52a,0xd52a,0xcd2a,0xc4ea,0xbca9,0xbc68,0xbc68,0xbc68,0xbc68,0xb427,
0xabe6,0xa3c6,0xabe6,0xb447,0xc4a9,0xcd0a,0xd54b,0xcd0a,0xd54b,0xd54b,0xc4c9,0x8b66,
0x49c3,0x6a84,0x9be7,0xd50a,0xcd09,0xe5ab,0xddac,0xddac,0xee2e,0x93c7,0x4a05,0xa4f3,
0xdeb9,0xdeda,0xdeda,0xdeda,0xd699,0xdeda,0xdeda,0x62eb,0x18a2,0x1061,0x736d,0x5aea,
0x1041,0x18c2,0x18e3,0x18c2,0x2964,0x4228,0x2965,0x8c30,0xce37,0xce38,0xce58,0xce38,
0xce38,0xce37,0xa513,0x7b29,0xac07,0x9ba6,0x7284,0x9ba6,0x2922,0x3143,0x3163,0x3984,
0x39a4,0x41e5,0x41e5,0x41a4,0x3163,0x0000,0x0000,0x0000,0x0000,0x0000,0x0000,0x0000,
0x0000,0x0000,0x0000,0x0000,0x0000,0x0000,0x0000,0x834a,0x8b8b,0x834a,0x6ac8,0x4a07,
0x39e5,0x5268,0x730a,0x8bac,0x8368,0xb469,0xc4ea,0x9bc8,0x6ac7,0x9471,0xb5b5,0xad54,
0xb595,0xb595,0xb575,0xb595,0x73ce,0x18a2,0x18e3,0x3185,0x1923,0x0820,0x0820,0x0820,
0x1061,0x3185,0x2124,0x39c6,0x6b6c,0x7bae,0xb5b5,0xb5b5,0xb5b5,0xc617,0xbdd6,0xb5b5,
0xbdd6,0x942e,0xac28,0xd54b,0xcd2b,0xcd2a,0xc4ea,0xb489,0x9bc7,0x8b66,0x6a84,0x6a64,
0xb428,0xac07,0xabe6,0xa3a6,0xac07,0xbca9,0xccea,0xc4c9,0xc4c9,0xb469,0xbca9,0xb489,
0xb427,0xac08,0xac07,0xa3e7,0xabe6,0xa3c6,0xb407,0xb448,0xbca9,0xc4ca,0xbca9,0xc4ea,
0xc4c9,0xb489,0xb469,0xb469,0xbc68,0xb448,0xac07,0xac07,0xbcaa,0xbca9,0x9ba6,0xb427,
0xabe6,0xac07,0xc4ea,0xa3e7,0xb449,0xac49,0xa408,0xbca9,0x9c08,0xa3c6,0xc4ea,0xa428,
0xac48,0xc4ca,0xabe8,0xb469,0xac49,0x93c7,0xbcca,0xa429,0xac49,0xb489,0xb489,0xbc6a,
0xc4ea,0xac49,0xbca9,0xbc89,0xbca9,0xc4ca,0xa409,0x9b86,0xc50b,0xa428,0xac49,0xbc89,
0xbc89,0xc4ea,0xc4cb,0xb448,0xcd0a,0xc4ea,0xbccd,0xa428,0xa428,0xa428,0xac08,0xcd0b,
0xac49,0xac49,0xa429,0xa409,0xa3e7,0xb427,0xb427,0xac07,0xbc89,0xbca9,0xbca9,0xc4ca,
0xb489,0xbc89,0xbca9,0xb449,0xa407,0xac07,0xabe7,0xa3c6,0x9ba6,0x9ba6,0xa3a6,0xac07,
0xac27,0xb468,0xc4c9,0xb489,0xb489,0xbca9,0xbca9,0xb469,0xbc89,0xb468,0x8b87,0x6244,
0x3942,0x5a23,0x7ac4,0xabe6,0xc467,0xdd09,0xdd6b,0xddab,0xac69,0x51e4,0x83ee,0xd699,
0xdeda,0xdeda,0xdeda,0xd699,0xdeda,0xc637,0x5aca,0x1061,0x2124,0x5aca,0x6b4c,0x52aa,
0x18c2,0x2103,0x2103,0x2103,0x2985,0x31a6,0x31a6,0xdeb8,0xded8,0xc617,0xce58,0xce58,
0xc637,0xce37,0xce58,0x8c0f,0x9bc8,0xccc9,0x8b25,0x82e4,0x59e3,0x3143,0x3163,0x3184,
0x39a4,0x41e5,0x41e5,0x39a4,0x3163,0x0000,0x0000,0x0000,0x0000,0x0000,0x0000,0x0000,
0x0000,0x0000,0x0000,0x0000,0x0000,0x0000,0x0000,0x8b8b,0x8bac,0x8b8b,0x6ae8,0x4a27,
0x39e5,0x4a07,0x62c8,0x8b8b,0x8b47,0xcd0a,0xbca9,0x9386,0x738d,0xad54,0xb5b5,0xb595,
0xb5b5,0xb5b5,0xb595,0x738d,0x1061,0x18a2,0x4a69,0x5289,0x5269,0x39e6,0x31a5,0x2985,
0x2985,0x4207,0x4a68,0x630b,0x39e7,0x2944,0x7bce,0xb595,0xce37,0xce37,0xbdb5,0xce37,
0xc5f6,0xc5f6,0x7b27,0xbc68,0xbcaa,0xbca9,0xc4ca,0xac49,0x8b87,0x6a85,0x49c3,0x3102,
0x7284,0x9345,0x9b86,0x9bc7,0xa408,0xa408,0xa408,0xa3c8,0x93a7,0x93a7,0x9346,0x9345,
0x9346,0x82e5,0x8305,0x9365,0xa3c6,0x9be8,0x9be8,0x93e8,0x9ba6,0x93a7,0x9387,0x9387,
0x9346,0x8b45,0x8b45,0x8b25,0x8b25,0x8b45,0x8305,0x9345,0x8325,0x9b86,0xa3a8,0xa3c6,
0xa408,0xa408,0xa3a8,0x9be8,0xa3a8,0xa408,0xa3a8,0xa408,0x9ba7,0x9ba7,0xa408,0xa3c7,
0x9387,0x9b66,0x9b86,0x8325,0x8305,0x8b45,0x8ae5,0x8b25,0x8305,0x9345,0x8b26,0x8b45,
0x8b86,0x9387,0x93a7,0xa3a8,0x9be8,0xa3e7,0x93a7,0x9366,0x8ae5,0x82e4,0x7ac4,0x8b25,
0x8b46,0x8b45,0x8b26,0x9387,0x93a7,0x93a7,0x93a7,0x9ba7,0x8b26,0x7ac4,0x82e5,0x7ac4,
0x8326,0x8b26,0x8305,0x7ac4,0x7ac4,0x8b25,0x93a7,0x93a7,0x9387,0x8b87,0x8b46,0x8346,
0x9366,0x8b26,0x8346,0x7ae5,0x7ac4,0x7aa4,0x7ac4,0x8305,0x8306,0x8b87,0x8b87,0x8366,
0x8366,0x8b66,0x8305,0x8b26,0x8b26,0x8b25,0x8b06,0x8305,0x7ae5,0x7ae5,0x6244,0x49c3,
0x41e4,0x49e4,0x49e4,0x9366,0xbc68,0xbc47,0xcce7,0xccea,0x6a64,0x5246,0xc5f6,0xdeda,
0xdeb9,0xdeda,0xdeda,0xd6b9,0xbdf6,0x39a5,0x10a2,0x18c2,0x4a28,0x632c,0x630b,0x630b,
0x736d,0x630b,0x630b,0x5289,0x39e6,0x31a6,0x630b,0xffba,0xffba,0xef5a,0xce37,0xc617,
0xce37,0xce38,0xdeb9,0xc617,0x83aa,0xcd0a,0xcd0a,0x7ae5,0xa3c6,0x3983,0x3163,0x39a4,
0x39c4,0x41e5,0x41e5,0x41e5,0x3983,0x0000,0x0000,0x0000,0x0000,0x0000,0x0000,0x0000,
0x0000,0x0000,0x0000,0x0000,0x0000,0x0000,0x0000,0x8bac,0x93ec,0x8b8b,0x7309,0x5247,
0x41e6,0x4a07,0x62c9,0x7309,0x9bc7,0xbc89,0x9ba7,0x6ae8,0x9cd2,0xb5b5,0xa533,0xb595,
0xb575,0x94b1,0x4a48,0x1061,0x0820,0x4a48,0x6b4c,0x5aca,0x4a69,0x4228,0x4228,0x4228,
0x4228,0x39e7,0x39e7,0x39c6,0x2124,0x2124,0x2964,0x5aca,0x9cb2,0xa513,0xbdd6,0xbdd6,
0xc617,0xbdb5,0xacd0,0x8b46,0xbc89,0xbc89,0xbc89,0xac07,0x7ae5,0x5205,0x3102,0x3820,
0x4060,0x50c1,0x5102,0x3922,0x3962,0x4122,0x4942,0x4942,0x4942,0x4922,0x4122,0x4921,
0x4922,0x4942,0x5162,0x5162,0x4962,0x49c3,0x6244,0x6244,0x6264,0x6264,0x6244,0x6264,
0x6264,0x6a84,0x6a84,0x6a84,0x6a84,0x6aa4,0x6aa4,0x72a5,0x72c5,0x72c5,0x72a5,0x6aa5,
0x6aa4,0x6a84,0x6aa4,0x6264,0x6244,0x6244,0x5a03,0x5a23,0x5a03,0x5a44,0x5a04,0x5224,
0x5a24,0x5a24,0x5a24,0x5224,0x51e4,0x5224,0x5204,0x51e4,0x49c3,0x41a3,0x4182,0x4182,
0x4183,0x3922,0x3901,0x3962,0x4122,0x4142,0x4962,0x4962,0x4983,0x4983,0x4982,0x4962,
0x5182,0x5142,0x5182,0x59a3,0x5a03,0x5a23,0x6244,0x6aa4,0x72c5,0x72c5,0x72e6,0x7b06,
0x7b26,0x8b67,0x7b06,0x8346,0x72e6,0x7b06,0x8346,0x8326,0x7ae5,0x6a64,0x7284,0x7b06,
0x72e6,0x72a5,0x6a84,0x6264,0x6243,0x5a03,0x4922,0x3983,0x3983,0x3143,0x3163,0x3142,
0x3142,0x3143,0x3183,0x39a4,0x39a4,0x41e4,0x41e5,0x49e5,0x5226,0x5287,0x6287,0x5a87,
0x5266,0x49c5,0x3963,0x49e4,0xac48,0xdd6a,0xe5cc,0xc4c9,0x5a04,0x8c50,0xd6b9,0xdeda,
0xd699,0xdeda,0x9cd2,0x5289,0x2944,0x18a2,0x1061,0x39e7,0x7bce,0x738d,0x736d,0x736d,
0x736d,0x736d,0x736d,0x736d,0x6b4c,0x630b,0x5289,0xa595,0xffba,0xffba,0x73ad,0x4a69,
0xa4f3,0xce37,0xce38,0xce38,0x9491,0xa3e7,0xd56b,0x93a7,0x93a7,0x49e4,0x3984,0x39a4,
0x41e4,0x4a05,0x4a25,0x49e5,0x39a4,0x0000,0x0000,0x0000,0x0000,0x0000,0x0000,0x0000,
0x0000,0x0000,0x0000,0x0000,0x0000,0x0000,0x0000,0x8bac,0x93ec,0x8bac,0x7b29,0x5268,
0x41e6,0x4206,0x62a8,0x6aa5,0xa3c6,0xa3a6,0x8305,0x7b8c,0xb595,0xb595,0xb5b5,0xad54,
0x39e7,0x18a2,0x1061,0x1081,0x5289,0x5aea,0x4228,0x4228,0x4228,0x4228,0x4228,0x4228,
0x4a48,0x4228,0x4a48,0x4228,0x31a6,0x3185,0x31a6,0x2124,0x2103,0xb594,0xbdd6,0xc617,
0xc617,0xc617,0xce37,0x8367,0xb427,0xbc48,0xb468,0xa3e7,0x5a45,0x4a05,0x3923,0x3020,
0x4020,0x4020,0x4020,0x2020,0x2020,0x2020,0x2020,0x2820,0x2820,0x3820,0x3820,0x3820,
0x3820,0x3820,0x3820,0x3820,0x4020,0x2881,0x5203,0x6244,0x6a85,0x6aa5,0x72c5,0x7ae5,
0x7b26,0x7b26,0x7b26,0x8b46,0x7b26,0x8305,0x72a5,0x6a44,0x6203,0x59a2,0x4962,0x4922,
0x48e2,0x38e1,0x38a1,0x3081,0x3060,0x2040,0x2040,0x2040,0x49a4,0x49e4,0x39a4,0x3163,
0x3163,0x3164,0x3184,0x3184,0x3184,0x39a3,0x39a4,0x3163,0x2963,0x2922,0x2923,0x3123,
0x2902,0x0820,0x1820,0x2020,0x2020,0x2020,0x2020,0x2820,0x2820,0x3020,0x3820,0x3820,
0x3820,0x3820,0x3820,0x3820,0x4020,0x4020,0x4040,0x4040,0x4860,0x48a1,0x5081,0x50e2,
0x50e2,0x5963,0x59a4,0x6a24,0x7a85,0x8306,0x8326,0x8b25,0x8305,0x8b25,0x8b87,0x8b66,
0x8346,0x72c5,0x6a84,0x6244,0x6a43,0x6204,0x48a1,0x3163,0x3163,0x2963,0x2923,0x2123,
0x2923,0x2943,0x2963,0x3184,0x39c4,0x39a5,0x39c5,0x41c5,0x4a05,0x5246,0x5286,0x5246,
0x49e5,0x39a4,0x3963,0x3143,0x9386,0xdd8b,0xee4e,0x9bc7,0x5a87,0xc617,0xdeda,0xdeda,
0xdeda,0xbdd6,0x3165,0x1061,0x18a2,0x1081,0x4a28,0x840f,0x738d,0x736d,0x736d,0x736d,
0x736d,0x736d,0x6b6c,0x736d,0x6b4c,0x6b2c,0x6b4c,0x52a9,0x9cd2,0xbdb4,0x1903,0x3185,
0x5aea,0xbdf6,0xce38,0xce38,0xbdd6,0x6ae8,0xd50a,0xac69,0x6244,0x6245,0x39a4,0x41c4,
0x41e5,0x4a05,0x4a05,0x41e5,0x3964,0x0000,0x0000,0x0000,0x0000,0x0000,0x0000,0x0000,
0x0000,0x0000,0x0000,0x0000,0x0000,0x0000,0x0000,0x8bac,0x93ec,0x93cc,0x7b29,0x5267,
0x41e6,0x4a07,0x5a88,0x8346,0xb427,0xa3c6,0x7b08,0x9491,0xa513,0xb595,0xb595,0x62eb,
0x0840,0x18a2,0x18c2,0x4a48,0x4a48,0x4228,0x4228,0x4228,0x4228,0x4228,0x4228,0x4228,
0x4a48,0x4228,0x4a48,0x4a69,0x4a68,0x4207,0x4207,0x31a5,0xb594,0xffba,0xce58,0xb5b5,
0xb5b5,0xc617,0xbdb5,0x944e,0xac07,0xabe6,0x9b65,0x9b65,0x49c4,0x39a4,0x3963,0x3020,
0x3820,0x4020,0x4020,0x2020,0x2020,0x2020,0x2820,0x2820,0x3020,0x3820,0x3820,0x3820,
0x3820,0x3820,0x3820,0x4020,0x4040,0x2840,0x4183,0x5a23,0x72a5,0x72e5,0x8b46,0x93a7,
0x9b86,0x9366,0x7ae4,0x5a03,0x48e1,0x4860,0x3840,0x3820,0x3820,0x3820,0x3820,0x3820,
0x3820,0x3020,0x3020,0x3020,0x3020,0x3020,0x3020,0x38a1,0x4a05,0x49e4,0x41a4,0x3164,
0x3163,0x3163,0x3163,0x3163,0x3984,0x31a4,0x39a4,0x3184,0x3163,0x2922,0x2923,0x3143,
0x2923,0x1040,0x0820,0x2020,0x2020,0x2020,0x3020,0x2820,0x2820,0x3020,0x3820,0x3820,
0x3820,0x3820,0x4040,0x4020,0x4020,0x4040,0x4040,0x4040,0x4040,0x4040,0x4820,0x4040,
0x4840,0x4840,0x4840,0x4840,0x4820,0x4840,0x4860,0x4942,0x72a5,0xa428,0xb4aa,0xa428,
0x9bc7,0x8346,0x72a5,0x6243,0x6aa4,0x72a4,0x48a1,0x3984,0x3184,0x2963,0x2923,0x2923,
0x2923,0x2943,0x2963,0x3184,0x31a4,0x31a4,0x3164,0x3164,0x39a5,0x39e5,0x41e5,0x41c5,
0x39a4,0x3163,0x3143,0x3142,0x8326,0xdd8b,0xe58b,0x5a24,0x734b,0xdeb9,0xdeda,0xdeda,
0xdeda,0x840f,0x1061,0x18e3,0x736d,0x6b4c,0x7bae,0x738d,0x736d,0x736d,0x736d,0x736d,
0x736d,0x736d,0x6b4c,0x632b,0x736d,0x632c,0x632c,0x6b2c,0x630b,0x31c6,0x1903,0x39c6,
0x39e6,0xad54,0xce38,0xbdb6,0xce37,0x83ac,0xac07,0xbca9,0x6264,0x6264,0x39a4,0x41e5,
0x41e5,0x41e5,0x41e5,0x39a4,0x3163,0x0000,0x0000,0x0000,0x0000,0x0000,0x0000,0x0000,
0x0000,0x0000,0x0000,0x0000,0x0000,0x0000,0x0000,0x8b8b,0x8bac,0x836b,0x7b29,0x5a67,
0x41e6,0x41e6,0x5a87,0x9be8,0xc4ca,0xb489,0x7b49,0xa533,0xad54,0xad54,0xb595,0x632b,
0x1061,0x29a5,0x4207,0x4227,0x4207,0x4228,0x4228,0x4228,0x4228,0x4228,0x4228,0x4228,
0x4228,0x4a48,0x4a48,0x4a48,0x4a48,0x4a68,0x4a48,0x8c30,0xce78,0xce56,0x7bef,0xad34,
0xbdd6,0xbdb6,0xc617,0xbd73,0x9bc7,0xd54b,0xb448,0xb428,0x49e4,0x3163,0x3984,0x2840,
0x3820,0x4020,0x4820,0x3020,0x2020,0x2020,0x2020,0x2820,0x2820,0x2820,0x3820,0x3820,
0x3820,0x3820,0x3820,0x4020,0x4020,0x2881,0x6264,0x8b46,0xa3e7,0xb407,0xb407,0xa3a6,
0x8b45,0x72c5,0x6244,0x4040,0x4020,0x3820,0x4020,0x3820,0x3820,0x3820,0x3820,0x3820,
0x3820,0x3820,0x3820,0x3820,0x3820,0x3820,0x3820,0x4183,0x41e5,0x41a4,0x39a4,0x3163,
0x3143,0x2923,0x2923,0x3163,0x3963,0x39a4,0x39a4,0x3984,0x3163,0x3163,0x2943,0x3143,
0x2922,0x1040,0x1020,0x2020,0x2020,0x2020,0x2820,0x2820,0x3820,0x3020,0x3820,0x3820,
0x3820,0x3820,0x3820,0x4020,0x4020,0x4040,0x4040,0x4040,0x4840,0x4840,0x4840,0x4860,
0x4840,0x4860,0x4840,0x4840,0x4860,0x4840,0x4840,0x4820,0x48e1,0x8305,0xb448,0xbca9,
0xbc68,0xabe6,0x9b65,0x9346,0x9387,0x9388,0x5963,0x3984,0x3163,0x2943,0x2943,0x2923,
0x2123,0x2923,0x2963,0x2963,0x2943,0x2943,0x2943,0x2943,0x2943,0x3184,0x3184,0x3164,
0x3143,0x2923,0x2922,0x3143,0x8b25,0xd52a,0xb448,0x4182,0x9cb1,0xdeda,0xd699,0xdeda,
0xdeda,0xc5f7,0x2103,0x5aca,0x840f,0x736d,0x738d,0x7bae,0x736d,0x736d,0x736d,0x736d,
0x736d,0x736d,0x6b4c,0x6b4c,0x6b4c,0x6b4c,0x6b2c,0x630b,0x630b,0x4a68,0x2103,0x2124,
0x39c6,0xa513,0xbdd6,0xc5f6,0xc617,0xa4d2,0x9ba6,0xc4a9,0x7ac5,0x5a44,0x41e5,0x41e5,
0x41c4,0x39c4,0x3984,0x3184,0x2943,0x0000,0x0000,0x0000,0x0000,0x0000,0x0000,0x0000,
0x0000,0x0000,0x0000,0x0000,0x0000,0x0000,0x0000,0x836b,0x836b,0x732b,0x6ae8,0x4a48,
0x41e6,0x39c6,0x4a26,0xb448,0xc4c9,0xac28,0x736b,0xb595,0xb595,0xb595,0xa513,0x9491,
0x2123,0x31a5,0x4228,0x4207,0x39e7,0x4228,0x4228,0x4228,0x4228,0x4228,0x4228,0x4228,
0x4228,0x4228,0x4a48,0x4228,0x4228,0x4a69,0x4a27,0x7bce,0x9471,0x3164,0x736d,0xb595,
0xb5b5,0xc617,0xb5b5,0xb553,0x8b67,0xccea,0xcd0a,0xbcca,0x5204,0x3163,0x39a4,0x28c1,
0x3820,0x4020,0x4820,0x4820,0x3820,0x2820,0x2820,0x3020,0x3020,0x3820,0x3820,0x3820,
0x3820,0x3840,0x4020,0x4020,0x3020,0x51c3,0xb427,0xccc9,0xc487,0xc487,0xcce9,0xb489,
0x9be7,0x9bc8,0xa408,0x48c1,0x4020,0x4020,0x4020,0x4020,0x4020,0x4020,0x4020,0x4020,
0x4020,0x4020,0x4020,0x4020,0x4020,0x4020,0x3840,0x3164,0x3963,0x3983,0x3963,0x3163,
0x3123,0x2922,0x3123,0x3163,0x3984,0x41e4,0x41e4,0x39a4,0x3163,0x3143,0x2922,0x2942,
0x2903,0x1040,0x1820,0x1020,0x2020,0x2020,0x2020,0x2820,0x2020,0x3820,0x3820,0x3820,
0x3820,0x3820,0x4020,0x4020,0x4040,0x4020,0x4820,0x4860,0x4860,0x4860,0x4860,0x4860,
0x4860,0x4860,0x4860,0x4840,0x4840,0x5040,0x4820,0x3060,0x5a03,0xb448,0xc488,0xc467,
0xcc87,0xd52a,0xdd6b,0xbca9,0xac48,0xb489,0xb448,0x49e4,0x3143,0x2963,0x3163,0x2943,
0x2943,0x2122,0x2923,0x2943,0x2943,0x2923,0x2922,0x2922,0x2963,0x2923,0x2923,0x2103,
0x18c2,0x18c2,0x2102,0x2943,0x9ba7,0xcc87,0x9345,0x49c3,0xbdb5,0xdeda,0xdeda,0xd699,
0xdeda,0xce58,0x18e3,0x5aca,0x6b4c,0x736d,0x7bae,0x736d,0x736d,0x736d,0x736d,0x736d,
0x736d,0x736d,0x736d,0x736d,0x630b,0x6b6c,0x6b4c,0x6b2c,0x630b,0x630b,0x2964,0x1061,
0x3185,0x9cb2,0xb595,0xce37,0xce38,0xa513,0x8327,0xc487,0x8b45,0x51e3,0x4a05,0x41e4,
0x41c4,0x31a4,0x2963,0x2923,0x2922,0x0000,0x0000,0x0000,0x0000,0x0000,0x0000,0x0000,
0x0000,0x0000,0x0000,0x0000,0x0000,0x0000,0x0000,0x7309,0x7309,0x5a89,0x5247,0x41c6,
0x31a5,0x2965,0x4a05,0xb427,0xb428,0x9b87,0x9450,0xad74,0xad54,0xad74,0xb5b5,0x840f,
0x1061,0x3185,0x4207,0x4207,0x4207,0x4228,0x4228,0x4228,0x4228,0x4228,0x4228,0x4228,
0x4228,0x4228,0x4a48,0x4a48,0x4a48,0x4a48,0x4a69,0x5289,0x630b,0x5aca,0x736d,0x8c50,
0xb574,0xbdb5,0xbdb6,0xad74,0x7ae7,0xbc68,0xc4ca,0xbca9,0x51e4,0x2923,0x3163,0x30e2,
0x3020,0x3820,0x4020,0x4820,0x4840,0x4020,0x2820,0x3020,0x2820,0x2820,0x3820,0x3820,
0x3820,0x3040,0x3040,0x38e1,0x61e3,0x9345,0xb447,0xd549,0xddcc,0xe5ed,0xee0d,0xd54b,
0xc4a9,0xc4ea,0xbca9,0x9386,0x6a23,0x5102,0x48e2,0x40e1,0x40a1,0x4081,0x3860,0x3860,
0x3860,0x3860,0x3860,0x3860,0x3860,0x3860,0x3081,0x2922,0x2922,0x2922,0x2922,0x2922,
0x2922,0x2922,0x2922,0x3162,0x3163,0x39a3,0x39a3,0x3163,0x3122,0x2922,0x28e2,0x2922,
0x28e2,0x1881,0x1860,0x2061,0x2040,0x2881,0x2881,0x3081,0x28a1,0x3060,0x3040,0x3860,
0x3860,0x3860,0x3881,0x38a1,0x38a1,0x38a1,0x3880,0x38a1,0x38a1,0x38a1,0x40e1,0x40e1,
0x40e1,0x4101,0x4101,0x4941,0x4962,0x59c3,0x6a43,0x8b25,0xabe6,0xc467,0xcce9,0xddac,
0xddcc,0xee2e,0xdd8c,0xd52a,0xb448,0xac48,0xc468,0xddcd,0xcd8f,0xac69,0x83c7,0x72c5,
0x5204,0x3983,0x2943,0x2123,0x2123,0x2943,0x3163,0x3163,0x3163,0x2943,0x2122,0x18c2,
0x18c2,0x20c2,0x2102,0x3142,0xac28,0xe60d,0x9bc7,0x5205,0xbdf6,0xce78,0xce78,0xdeda,
0xdeda,0xad34,0x1061,0x18e3,0x632b,0x7bef,0x736d,0x736d,0x736d,0x736d,0x736d,0x736d,
0x736d,0x6b6c,0x736d,0x6b2c,0x6b4c,0x6b4c,0x630b,0x630b,0x630b,0x630b,0x52aa,0x18a2,
0x2924,0x83ef,0xad54,0xb5b5,0xbdd6,0xb595,0x8367,0xd54b,0x9b86,0x49c2,0x5225,0x5205,
0x41c4,0x39a4,0x3163,0x2923,0x2922,0x0000,0x0000,0x0000,0x0000,0x0000,0x0000,0x0000,
0x0000,0x0000,0x0000,0x0000,0x0000,0x0000,0x0000,0x5267,0x4a27,0x41e7,0x39c6,0x2965,
0x2944,0x2144,0x41c4,0xa3c6,0xa3a6,0x9366,0x9450,0xa513,0xa513,0xad54,0xb5b5,0x6b4c,
0x0841,0x31a6,0x4207,0x4207,0x4207,0x4228,0x4228,0x4228,0x4228,0x4228,0x4228,0x4228,
0x4227,0x4228,0x4228,0x4a68,0x4a68,0x4a48,0x4a69,0x4a68,0x5aa8,0x630b,0x6b2b,0x840f,
0xad33,0xb5b5,0xb5b5,0xbdb5,0x7b28,0xa3c6,0xb468,0xac08,0x49e4,0x2923,0x2923,0x2903,
0x2820,0x3820,0x4040,0x4840,0x4820,0x5040,0x3020,0x2861,0x38a1,0x30c1,0x30c1,0x3122,
0x3942,0x49a2,0x5a03,0x7ac5,0x9bc7,0xbc68,0xcd2b,0xddcd,0xd54b,0xd54b,0xd54b,0xccea,
0xc4c9,0xbc88,0xb427,0xa3c6,0x9b85,0x8304,0x82e4,0x7ac4,0x7b06,0x6aa5,0x6244,0x5a24,
0x5a24,0x5a03,0x5204,0x51e3,0x49c3,0x51c3,0x49c3,0x49c3,0x49c3,0x49a3,0x49c3,0x49c3,
0x49a3,0x49c3,0x49c3,0x51a3,0x51e3,0x49e3,0x49a3,0x4982,0x4961,0x4982,0x49a3,0x49a2,
0x49a3,0x49c3,0x49e3,0x49a3,0x49e3,0x51c3,0x5203,0x5204,0x51e3,0x49a3,0x51e3,0x49c3,
0x51e3,0x5224,0x5224,0x5a44,0x6264,0x6244,0x51e3,0x6244,0x6244,0x6a85,0x6aa5,0x72c5,
0x7b06,0x7b26,0x8346,0x8b66,0x8b46,0x9b86,0x9ba6,0x9b86,0xa3a6,0xc488,0xddac,0xd54b,
0xd54b,0xcd0a,0xc4c9,0xcce9,0xc488,0xb427,0xabe6,0xbc68,0xee90,0xeeb3,0xf68f,0xff0c,
0xeeab,0xdde9,0xd508,0x9c27,0x7327,0x5225,0x3163,0x3963,0x3983,0x3143,0x2122,0x18c2,
0x20e2,0x20e2,0x2922,0x3143,0xa3e7,0xe60d,0x8b87,0x5a46,0xc637,0xdeda,0xdeda,0xdeda,
0xe71a,0x9cb1,0x0820,0x2103,0x738d,0x736d,0x7bce,0x736d,0x736d,0x736d,0x736d,0x736d,
0x736d,0x736d,0x6b4c,0x6b2c,0x6b4c,0x630b,0x6b4c,0x630b,0x630b,0x630b,0x5aeb,0x20e3,
0x18a2,0x8c50,0x9cf2,0xb5b5,0xbdb6,0xb595,0x7b28,0xddac,0xc4ca,0x5224,0x5a46,0x5225,
0x49e5,0x41a4,0x3983,0x3163,0x3122,0x0000,0x0000,0x0000,0x0000,0x0000,0x0000,0x0000,
0x0000,0x0000,0x0000,0x0000,0x0000,0x0000,0x0000,0x31a6,0x3185,0x2144,0x2123,0x2103,
0x1903,0x18e3,0x49e4,0xb428,0xbc68,0xac49,0x9471,0xb5b5,0xb5b5,0xad54,0xb5b5,0x52a9,
0x1061,0x39c6,0x4207,0x4207,0x4207,0x39e7,0x4228,0x4228,0x4228,0x4228,0x4228,0x4228,
0x4228,0x4228,0x4a28,0x4228,0x4228,0x4a69,0x4228,0x4a69,0x4228,0x5269,0x5aca,0x840f,
0x9491,0xa513,0xb5b5,0xb595,0x8b8b,0xa407,0xa3a6,0x9365,0x49e4,0x2102,0x2122,0x2103,
0x2840,0x3820,0x4020,0x4820,0x4820,0x50e1,0x51c3,0x6223,0x6244,0x6a43,0x6a64,0x6a43,
0x6a43,0x7284,0x7ac4,0x7ac4,0x9bc7,0xac49,0xb468,0xabe8,0xac49,0xb447,0xac07,0xa3e8,
0x9bc7,0x9bc7,0xa3a6,0x9365,0x8b25,0x82e4,0x8ae5,0x7ac4,0x82e4,0x8346,0x8346,0x8346,
0x8326,0x72e6,0x8305,0x7b26,0x8305,0x8305,0x8326,0x8346,0x8346,0x8305,0x8305,0x8305,
0x7b06,0x8305,0x7b05,0x6aa4,0x72c4,0x6a63,0x6a43,0x6a84,0x6a84,0x7ac4,0x7ac4,0x72c5,
0x7ac4,0x8305,0x7ae5,0x8305,0x8305,0x8346,0x8326,0x8326,0x7ac4,0x6a63,0x7ac4,0x7ac4,
0x7ae5,0x7b06,0x8325,0x8b46,0x8346,0x8346,0x7ac4,0x82e5,0x8305,0x8b46,0x8b66,0x9346,
0x93a7,0xa3c8,0x93c7,0x93c7,0x93c7,0x9346,0x9ba7,0x9365,0x9365,0xac28,0xac49,0xabe8,
0xac48,0xac08,0xac07,0xabe7,0xa3a6,0xa3a6,0x9365,0x9365,0xc4c9,0xcd2b,0xce0b,0xe66c,
0xe68b,0xfead,0xff2b,0xfeab,0xfe8b,0xe671,0xb4eb,0x3163,0x3163,0x2943,0x2122,0x2102,
0x18c2,0x2102,0x2923,0x3142,0x9ba7,0xdd6b,0x82e6,0x5a87,0xc637,0xdeda,0xdeda,0xdeda,
0xdeda,0x6b4c,0x0820,0x2985,0x7bae,0x736d,0x736d,0x736d,0x736d,0x736d,0x736d,0x736d,
0x6b2c,0x6b2c,0x6b4c,0x736d,0x630b,0x6b6c,0x630b,0x630b,0x630b,0x630b,0x630b,0x20c3,
0x1081,0x7bce,0x9491,0xb5b5,0xbdb5,0xbdd6,0x6ae8,0xd52a,0xbc89,0x51e4,0x5a66,0x5226,
0x5205,0x41c4,0x3983,0x3983,0x3163,0x0000,0x0000,0x0000,0x0000,0x0000,0x0000,0x0000,
0x0000,0x0000,0x0000,0x0000,0x0000,0x0000,0x0000,0x2103,0x2103,0x1903,0x18e3,0x2103,
0x2103,0x2103,0x41c3,0xbc89,0xc4ea,0xa428,0x9cb1,0xa513,0xad34,0xb5b5,0xa513,0x2944,
0x1081,0x4207,0x39e7,0x4207,0x4207,0x4207,0x4227,0x4228,0x4228,0x4228,0x4228,0x4228,
0x4a28,0x4228,0x4228,0x4a48,0x4a48,0x4a48,0x4a69,0x4a68,0x4a28,0x41e7,0x5289,0x7bce,
0x9491,0xad54,0xb5b5,0xb595,0x836b,0xb489,0xc4ea,0xac07,0x5204,0x20e3,0x2122,0x2103,
0x2040,0x3820,0x4020,0x4020,0x5142,0x6264,0x6264,0x6a84,0x6aa5,0x7ac5,0x7ae5,0x8b25,
0x8b25,0x8b25,0x9346,0x9b86,0xb489,0xb489,0xb489,0xac48,0xac28,0xac28,0xac07,0xb427,
0xa3a7,0xa3c6,0x9b86,0xa3a6,0x9ba6,0x9b85,0x8b25,0x8b05,0x9345,0x9b86,0xa428,0xb449,
0xa428,0xa428,0xa3c7,0xa408,0xa428,0xa428,0xac28,0xac48,0xa428,0xa428,0xa428,0xac28,
0xac48,0xa428,0xa3e7,0x9b86,0x9324,0x8b25,0x9b45,0x9345,0x9b86,0x9ba6,0x9b86,0xa3a6,
0x9bc6,0xa407,0xa3e7,0xa408,0xa428,0xac28,0xac69,0xb469,0xb448,0x9b66,0x9345,0x9b86,
0xa3c6,0xabe7,0xb448,0xb449,0xbca9,0xb469,0xa3e7,0x9b65,0x9ba6,0x9ba6,0xb428,0xb489,
0xb469,0xb489,0xb449,0xbc89,0xb448,0xac28,0xabe7,0xa3a6,0x9ba6,0xc4a9,0xc4ca,0xbca9,
0xc4c9,0xbc68,0xb428,0xac07,0xac07,0xa3a6,0x9b86,0xa3c6,0xbca9,0xc4ca,0xbca9,0xbca9,
0xc4a9,0xbca9,0xd54b,0xee6b,0xe68a,0xf689,0xf692,0xcdaa,0x3983,0x2943,0x2122,0x2102,
0x2102,0x2902,0x2923,0x2943,0x9345,0xccc8,0x7ac4,0x5225,0xbdf6,0xdeb9,0xdeb9,0xdeda,
0xa513,0x18c2,0x1082,0x4207,0x73ae,0x736d,0x736d,0x736d,0x736d,0x736d,0x736d,0x736d,
0x6b4c,0x6b4c,0x6b4c,0x6b4c,0x6b2c,0x630b,0x632b,0x630b,0x630b,0x630b,0x630b,0x2965,
0x6b4c,0xa4b1,0x8c30,0xad54,0xc617,0xbdd6,0x6ae7,0xccc8,0xac07,0x41a3,0x5226,0x5226,
0x4a05,0x41c4,0x41a4,0x39a3,0x3163,0x0000,0x0000,0x0000,0x0000,0x0000,0x0000,0x0000,
0x0000,0x0000,0x0000,0x0000,0x0000,0x0000,0x0000,0x1903,0x2123,0x2123,0x2923,0x2963,
0x3163,0x2963,0x49c4,0xb448,0xbc68,0xac28,0x83ce,0xa533,0xb5b5,0xb595,0x4a28,0x0820,
0x20e3,0x4207,0x4207,0x39e6,0x4228,0x4228,0x4228,0x4228,0x4228,0x4228,0x4228,0x4228,
0x4228,0x4a27,0x4a48,0x4228,0x4228,0x4a48,0x4a69,0x4a69,0x4228,0x6b4c,0x5aca,0x4207,
0x73ae,0xa513,0xce37,0xad74,0x7b4a,0xc4a9,0xcd0a,0xac48,0x49c4,0x2923,0x2923,0x2923,
0x2061,0x3820,0x4020,0x4901,0x6aa4,0x6aa5,0x9387,0xac49,0xc4c9,0xc4ea,0xd4e9,0xc4a9,
0xbc68,0xb427,0xb427,0xd54b,0xd56b,0xdd8b,0xdd8b,0xe5ab,0xd54b,0xd54b,0xccea,0xcce9,
0xcce9,0xc488,0xb448,0xb427,0xc467,0xb427,0xc4a8,0xd509,0xddac,0xe5cd,0xddac,0xddac,
0xd56b,0xd54b,0xd56b,0xd56b,0xdd8c,0xd56b,0xdd8b,0xdd8b,0xd56b,0xd56b,0xd56b,0xe5cc,
0xe5cc,0xddac,0xe5ed,0xe5cd,0xd56b,0xccea,0xcce9,0xcc87,0xac07,0xb427,0xc467,0xc488,
0xc4a9,0xc4a9,0xcce9,0xd52a,0xd54b,0xdd8c,0xdd6c,0xddac,0xddac,0xe5cc,0xd50a,0xbc27,
0xb447,0xbc68,0xd52a,0xe5ab,0xe5ab,0xe5cc,0xe5cd,0xdd6b,0xc467,0xc467,0xd52a,0xe5ab,
0xd56b,0xddac,0xdd6c,0xd56b,0xd52a,0xd509,0xccc9,0xbc47,0xdd6b,0xe5cd,0xe5ec,0xe5ab,
0xedcb,0xd52a,0xd52a,0xcce9,0xc467,0xb427,0xd50a,0xe5cc,0xdd8c,0xddac,0xdd8c,0xd52a,
0xd52a,0xd54b,0xd52a,0xbc88,0xbca9,0xdd6a,0xf62c,0xeeb4,0x8365,0x2122,0x2123,0x2122,
0x2122,0x2922,0x2923,0x2923,0x8b46,0xc4a9,0x8b25,0x5a46,0xb595,0xdeb9,0xdeda,0xdeda,
0x62eb,0x0820,0x4228,0x4a48,0x736d,0x736d,0x736d,0x736d,0x736d,0x736d,0x736d,0x6b4c,
0x736d,0x632c,0x6b4c,0x736d,0x6b4c,0x630b,0x630b,0x630b,0x630b,0x630b,0x630b,0x2944,
0x2964,0x20e3,0x6b4c,0xa4f3,0xbdb5,0xb5b5,0x8b88,0xc487,0xa3c6,0x4183,0x41e5,0x41e5,
0x41e5,0x41e4,0x39a4,0x41a4,0x3163,0x0000,0x0000,0x0000,0x0000,0x0000,0x0000,0x0000,
0x0000,0x0000,0x0000,0x0000,0x0000,0x0000,0x0000,0x3164,0x31a4,0x41a5,0x41c5,0x4a05,
0x5226,0x5226,0x5225,0x9365,0xabe6,0xac07,0x83ee,0xad74,0xb595,0xb595,0x5289,0x0820,
0x1903,0x39c6,0x4207,0x39e7,0x4207,0x4207,0x4207,0x4228,0x4228,0x4228,0x4228,0x4228,
0x4228,0x4228,0x4a48,0x4228,0x4a48,0x4a48,0x4a48,0x4a48,0x4228,0x736d,0x2944,0x2103,
0x83ef,0xa4f3,0xb5b5,0xad74,0x72e8,0xbc68,0xac69,0xa3e7,0x41a4,0x3163,0x3163,0x2943,
0x28a1,0x2820,0x3820,0x6244,0xac69,0xddcc,0xddac,0xdd8c,0xdd6b,0xd50a,0xccc8,0xbc68,
0xc488,0xd52a,0xddac,0xddac,0xddac,0xdd8c,0xdd6c,0xdd4a,0xd50a,0xd509,0xccc9,0xcca8,
0xc487,0xbc47,0xccc9,0xd54a,0xe5ec,0xe5cc,0xddcd,0xe5cc,0xe5ed,0xf5ec,0xdd8c,0xdd6b,
0xdd8c,0xdd6b,0xd54b,0xdd4b,0xdd4b,0xd52b,0xd52b,0xd52b,0xd52b,0xd54b,0xd54b,0xe58b,
0xe5ab,0xe5ab,0xedec,0xddac,0xdd8c,0xdd8c,0xe5ed,0xe62d,0xee2e,0xddcc,0xcd0a,0xcce9,
0xcca8,0xbc47,0xccc8,0xcce9,0xcce9,0xe58b,0xf5ec,0xe5cd,0xe5cc,0xee2e,0xee4e,0xee0d,
0xdd6b,0xcca8,0xcca8,0xdd2a,0xdd6b,0xe5cd,0xee2e,0xf68f,0xee6e,0xddab,0xccc8,0xcce9,
0xdd4b,0xe5cd,0xee4e,0xe5cc,0xc4c9,0xc488,0xd509,0xee2d,0xe62d,0xee6e,0xe60d,0xe5cc,
0xdd6b,0xcce9,0xcca8,0xc488,0xd56b,0xe5ed,0xe60d,0xee6e,0xe60d,0xe5cc,0xddac,0xdd6c,
0xd54b,0xd54a,0xccc9,0xbc68,0xb427,0xabe6,0xabe7,0xd5ae,0xc4ea,0x18c2,0x2122,0x2923,
0x2122,0x2922,0x2922,0x2122,0x72c5,0xe5cc,0xac49,0x5a04,0xad74,0xd699,0xdeda,0xdeda,
0x9471,0x1041,0x4207,0x4a48,0x738d,0x736d,0x736d,0x736d,0x736d,0x736d,0x736d,0x6b6c,
0x6b4c,0x6b4c,0x6b4c,0x630b,0x6b2c,0x6b2c,0x630b,0x630b,0x630b,0x630b,0x62eb,0x18c2,
0x1061,0x0820,0x7bae,0x9491,0xbdd6,0xad54,0x9ba8,0xee2e,0x9386,0x3963,0x39e5,0x41e5,
0x41e5,0x41e5,0x41e4,0x41a4,0x3163,0x0000,0x0000,0x0000,0x0000,0x0000,0x0000,0x0000,
0x0000,0x0000,0x0000,0x0000,0x0000,0x0000,0x0000,0x5246,0x6286,0x6287,0x6ac8,0x72e8,
0x7ae8,0x7ae8,0x72c8,0x93a7,0xcd0b,0xcd2b,0x8bed,0xb595,0xb5b5,0xad54,0x83ef,0x18a2,
0x18e3,0x31a5,0x4207,0x39e7,0x39e7,0x4207,0x4207,0x4207,0x4228,0x4228,0x4228,0x4228,
0x4228,0x4a68,0x4228,0x4228,0x4a68,0x4a48,0x4228,0x4a68,0x4228,0x62eb,0x18c3,0x4207,
0x8430,0xa4f3,0xb5b5,0xa513,0x72c5,0xabe7,0xa3c6,0x9365,0x3984,0x3983,0x3164,0x3163,
0x28a1,0x2820,0x38a1,0xb469,0xe5cc,0xdd8c,0xdd6b,0xcd0a,0xcce9,0xc488,0xb427,0xcce9,
0xe5ac,0xe5ac,0xcd2b,0xd54b,0xd54b,0xcd0a,0xd50a,0xccc9,0xbc68,0xb407,0xb447,0xc488,
0xd54b,0xe60d,0xe60d,0xddac,0xe5ac,0xd54b,0xd52b,0xcd0a,0xd52b,0xccea,0xc4a9,0xbc68,
0xc488,0xc488,0xcca8,0xbc68,0xbc68,0xb447,0xc488,0xc488,0xc487,0xcca9,0xbc68,0xc488,
0xc488,0xc4a8,0xccea,0xd4e9,0xcd0a,0xd52b,0xdd8c,0xdd8c,0xe60d,0xee0d,0xe60d,0xee6e,
0xe60d,0xddac,0xcce9,0xbc68,0xc4a8,0xccc9,0xdd8b,0xe5ac,0xe5ac,0xe60d,0xe60d,0xee4e,
0xf66f,0xf68f,0xd54b,0xc4a8,0xc4a8,0xd52a,0xe5ac,0xee2e,0xf66e,0xf68f,0xee4e,0xcce9,
0xccc9,0xdd6b,0xdd8b,0xd50a,0xbc47,0xd54b,0xf68f,0xf68f,0xf68f,0xe60d,0xdd6b,0xd50a,
0xccc9,0xcca8,0xdd6b,0xee4e,0xf66f,0xe60d,0xe5ce,0xe5cc,0xe5cc,0xd54b,0xccea,0xc4c9,
0xc488,0xbc68,0xb447,0xbc48,0xccc8,0xd52b,0xcd0a,0x9bc7,0xb448,0x2962,0x2923,0x2943,
0x2922,0x2122,0x2123,0x2122,0x5204,0xcd0a,0xb469,0x5a24,0xa4d1,0xdeda,0xdeda,0xdeda,
0xce58,0x6b4c,0x3185,0x4a48,0x5aea,0x736d,0x736d,0x736d,0x6b6d,0x83ef,0x6b2c,0x736d,
0x632b,0x632c,0x6b4c,0x632c,0x630b,0x630b,0x630b,0x630b,0x630b,0x630b,0x5aea,0x18c2,
0x2103,0x6b4c,0x8430,0xa4f2,0xb595,0x9c90,0xb448,0xddcd,0x7b26,0x3183,0x39a5,0x39e5,
0x41e5,0x41e4,0x41c5,0x41a4,0x31a4,0x0000,0x0000,0x0000,0x0000,0x0000,0x0000,0x0000,
0x0000,0x0000,0x0000,0x0000,0x0000,0x0000,0x0000,0x72e8,0x834a,0x8349,0x9349,0x93ab,
0x93aa,0x93aa,0x8b6a,0x8326,0xbca9,0xcd0a,0x8b8a,0xad33,0xb5b5,0xb595,0xb574,0x9471,
0x31a6,0x2144,0x39e7,0x4207,0x4207,0x39e7,0x738d,0x630b,0x39e7,0x4228,0x4228,0x4228,
0x4228,0x4228,0x4228,0x4228,0x4a68,0x4228,0x4a69,0x4a48,0x2985,0x18a2,0x5aca,0x840f,
0x8430,0x9471,0xb5b5,0x9470,0x9387,0xc4a9,0x9b86,0x72a5,0x39a4,0x39a4,0x39a4,0x3184,
0x28a1,0x2820,0x6204,0xcd0a,0xd56b,0xcd0a,0xccc9,0xb427,0xabe7,0xb427,0xdd6b,0xe5cd,
0xddac,0xd54b,0xcd2b,0xc4ea,0xc4a9,0xc4a9,0xbc48,0xac07,0xbc48,0xdd6a,0xddac,0xdd8c,
0xdd6c,0xdd8b,0xe54b,0xcd0a,0xc4ca,0xbc68,0xbc68,0xc487,0xbc47,0xb427,0xbc88,0xc489,
0xdd6a,0xd54a,0xd56b,0xd56b,0xdd8c,0xdd8c,0xdd8c,0xe5ac,0xdd6c,0xd56c,0xdd8c,0xdd6c,
0xdd6b,0xcd0a,0xc4ea,0xc488,0xbc68,0xbc68,0xc487,0xc4a8,0xd509,0xdd2a,0xcd2b,0xd52b,
0xdd6c,0xe5ed,0xe60d,0xe5ac,0xd54b,0xc488,0xc487,0xcca8,0xcca9,0xcce9,0xd54b,0xdd6c,
0xe5cd,0xe5ed,0xe5ce,0xddad,0xccea,0xb427,0xc4a9,0xd52a,0xdd8c,0xe5ed,0xee6e,0xee2e,
0xdd8c,0xc487,0xc487,0xbc88,0xddad,0xe5ee,0xe5cd,0xe5cc,0xe5ab,0xcd0a,0xbc68,0xb447,
0xd52a,0xe5ac,0xee2e,0xe5cc,0xddad,0xdd8c,0xd52a,0xcd0a,0xcce9,0xc4a9,0xbc47,0xb427,
0xbc68,0xd54b,0xd56c,0xe5ac,0xe5cd,0xdd8c,0xcd0a,0xa428,0x7ae5,0x41c4,0x2963,0x2963,
0x2923,0x2122,0x2122,0x2922,0x3983,0xbc47,0xb427,0x6243,0x732a,0xdeda,0xdeda,0xce58,
0xce58,0xce37,0x840f,0x1081,0x4a68,0x736d,0x736d,0x736d,0x736d,0xd698,0xce37,0x736d,
0x6b4c,0x6b4c,0x630b,0x632b,0x630b,0x630b,0x630b,0x630b,0x630b,0x630b,0x39e6,0x0840,
0x73ad,0x8c50,0x8430,0x8c50,0xad74,0x7b6b,0xccc9,0xd52a,0x51e3,0x3183,0x39a5,0x39e5,
0x41e5,0x41e5,0x41a4,0x39a4,0x3163,0x0000,0x0000,0x0000,0x0000,0x0000,0x0000,0x0000,
0x0000,0x0000,0x0000,0x0000,0x0000,0x0000,0x0000,0x8b6a,0x93cb,0x93cb,0x93cb,0x9beb,
0x9bcb,0x9bcb,0x9beb,0x7b07,0xac28,0xc4c9,0xa3e7,0x8c50,0xad54,0x9cf2,0xb595,0xad54,
0x7bef,0x1061,0x31c6,0x4207,0x4207,0x6b4c,0xc617,0xb574,0x630b,0x4207,0x4228,0x4228,
0x4228,0x4228,0x4228,0x4a48,0x4228,0x4a48,0x4a69,0x31a5,0x0820,0x31c6,0x8430,0x8430,
0x7bce,0x8c30,0xb574,0x83cc,0xbc69,0xd52a,0xa3e8,0x6265,0x39a4,0x39a4,0x39a4,0x3184,
0x2881,0x2820,0x7aa5,0xc4ea,0xcce9,0xccc9,0xbc48,0xac07,0xccea,0xdd8c,0xdd8c,0xd54b,
0xcd0a,0xc4c9,0xc4c9,0xbc48,0xb427,0xac07,0xbc68,0xc4a9,0xdd8c,0xe5cc,0xd52b,0xcd0a,
0xc4c9,0xc4a9,0xc488,0xb448,0xb447,0xbc68,0xc4c9,0xcd0a,0xdd8c,0xdd6c,0xdd8c,0xe5ac,
0xe5ed,0xdd8c,0xdd8c,0xdd8c,0xe5ac,0xe5cd,0xd54b,0xdd8c,0xdd8c,0xddac,0xddac,0xddac,
0xe5cc,0xe5cd,0xddac,0xddac,0xddac,0xddac,0xdd8c,0xd52a,0xc4c9,0xc488,0xbc88,0xccc9,
0xcce9,0xccea,0xd54b,0xddac,0xe5ac,0xe5ed,0xdd8c,0xcd0a,0xbc68,0xbc68,0xbc88,0xccea,
0xdd8b,0xddac,0xdd8c,0xddac,0xe5ed,0xd56c,0xbc68,0xc488,0xccc8,0xcd0a,0xdd6b,0xdd8c,
0xe5cd,0xddad,0xd52b,0xe5ed,0xe60d,0xe5cc,0xe5ac,0xdd4a,0xbc68,0xb427,0xc4a8,0xee0d,
0xee4e,0xddac,0xdd8c,0xdd6b,0xd52a,0xcd0a,0xccc9,0xbc68,0xbc48,0xbc48,0xccc9,0xd56b,
0xe5cd,0xdd8c,0xd54b,0xd54b,0xd54b,0xd50a,0xbc68,0xa3c6,0x7284,0x49c4,0x3163,0x3163,
0x2943,0x2122,0x2122,0x2122,0x3143,0x9bc7,0xdd6b,0x9be7,0x72e7,0xbdb5,0xce58,0xce58,
0xce38,0xd678,0xbdd6,0x2965,0x18c2,0x6b4c,0x736d,0x7bae,0xb595,0xce58,0xe719,0x8c50,
0x630b,0x632b,0x6b4c,0x630b,0x6b2c,0x630b,0x630b,0x630b,0x630b,0x5289,0x1081,0x4a28,
0x8c50,0x9491,0x8c50,0x9491,0xad54,0x7308,0xc488,0xac07,0x3963,0x3184,0x39a4,0x39a4,
0x39c4,0x39c4,0x39a4,0x3984,0x3163,0x0000,0x0000,0x0000,0x0000,0x0000,0x0000,0x0000,
0x0000,0x0000,0x0000,0x0000,0x0000,0x0000,0x0000,0x9bcb,0x9bec,0x9c0b,0xa44b,0xa3cb,
0x93ec,0x93cc,0x9bec,0x836b,0x8b46,0xb427,0xb427,0x83ac,0x9cf2,0xad54,0x9cf2,0xb574,
0x9cf2,0x4247,0x20e3,0x39e6,0x630b,0xbdd6,0xce38,0xb595,0x4a07,0x4207,0x4228,0x4228,
0x4228,0x4228,0x4228,0x4228,0x4228,0x4a48,0x4228,0x10a2,0x1081,0x738d,0x8430,0x8430,
0x8430,0x9cf2,0x9cd2,0x8328,0xc50a,0xac48,0x8b46,0x41e5,0x39c4,0x39a4,0x3984,0x3184,
0x2860,0x2820,0x7ae5,0xc4a9,0xbc48,0xabe6,0xbc47,0xdd8a,0xd52a,0xc4ea,0xc4ea,0xc4ca,
0xbc68,0xbc68,0xb427,0x9ba6,0xbc68,0xcd0a,0xd56b,0xcd2a,0xcd2a,0xc4ea,0xcce9,0xc4a9,
0xb427,0xb427,0xbc68,0xd52b,0xe5cd,0xe5cd,0xdd8c,0xd56b,0xddac,0xd56b,0xdd8b,0xd54b,
0xcd2a,0xd52a,0xcd2a,0xcd2a,0xd52b,0xe5ab,0xd54b,0xcd2a,0xd54b,0xd56b,0xd52a,0xd54b,
0xdd6b,0xe5cc,0xddab,0xe5cd,0xddac,0xddac,0xe5cc,0xddac,0xe5cd,0xe60d,0xe62d,0xdd8c,
0xd4e9,0xb427,0xbc68,0xd52a,0xd52a,0xdd6c,0xddac,0xddac,0xee2e,0xe5cc,0xc488,0xb427,
0xbc68,0xcce9,0xdd2a,0xdd6c,0xddac,0xddac,0xe5ce,0xd56b,0xb427,0xc4a8,0xcce9,0xd52a,
0xddac,0xe5cd,0xddac,0xee2e,0xe5cd,0xe5ab,0xc4ca,0xbc47,0xac07,0xd54b,0xee6e,0xe5cd,
0xe5ab,0xe5cd,0xd52b,0xc4ea,0xc4a9,0xc487,0xabe6,0xb407,0xd50a,0xd56b,0xd52b,0xd52a,
0xd52a,0xc4c9,0xbca9,0xc4a9,0xb427,0xb427,0xb427,0xb427,0x7ae5,0x4a05,0x31a4,0x3163,
0x2923,0x2922,0x2923,0x2923,0x2963,0x6264,0xd54b,0xc4ca,0x72e5,0x8c30,0xdeb9,0xd699,
0xce38,0xce38,0xce58,0x9491,0x0840,0x29a5,0x738d,0xbdd6,0xce38,0xce38,0x9cf2,0x630b,
0x632b,0x632c,0x630b,0x630b,0x630b,0x630b,0x630b,0x630b,0x630b,0x2944,0x1061,0x842f,
0x8430,0x8430,0x8430,0x9cf2,0x73ad,0xac69,0xddac,0x7ac4,0x2922,0x31a4,0x3163,0x2963,
0x3164,0x3163,0x3163,0x3163,0x2963,0x0000,0x0000,0x0000,0x0000,0x0000,0x0000,0x0000,
0x0000,0x0000,0x0000,0x0000,0x0000,0x0000,0x0000,0x8b8b,0x9bcb,0x9beb,0x93cc,0x9beb,
0x9beb,0x93cc,0x93cc,0x93ec,0x8326,0xbc68,0xd52a,0xac6b,0xa513,0xad74,0xad54,0xad34,
0xb5b5,0x9cb2,0x2103,0x5b0b,0xad54,0xbdb6,0xbdf6,0x6b4c,0x39c6,0x39e6,0x4228,0x4228,
0x4228,0x4228,0x4228,0x4228,0x4228,0x4a28,0x2944,0x10a2,0x4207,0x840f,0x840f,0x7bae,
0x8430,0x9cd2,0x7b6c,0x8b25,0xc4a9,0xa3c7,0x72a5,0x39a4,0x39a4,0x39a4,0x3984,0x3122,
0x3020,0x3020,0x7a84,0xb427,0xb427,0xc4c9,0xd54b,0xc4ea,0xc4ea,0xbca9,0xb468,0xac08,
0xa3a7,0x9b86,0xac07,0xb469,0xb469,0xac69,0xb469,0xb489,0xbc68,0xbc47,0xb448,0xc4a8,
0xd52b,0xdd6c,0xdd6c,0xdd8c,0xdd8c,0xdd8b,0xdd8b,0xd52b,0xd52b,0xc4c9,0xccea,0xcce9,
0xc4a9,0xc4a9,0xc488,0xc4a8,0xccc9,0xc4a9,0xbc68,0xbc88,0xbc68,0xbc68,0xc488,0xbc89,
0xccc9,0xd4e9,0xc4c9,0xccea,0xcd0a,0xd54b,0xd54b,0xdd8c,0xe5cc,0xddac,0xf5ec,0xe60d,
0xe5ed,0xddcc,0xd52b,0xc4a9,0xc4a8,0xcca8,0xd50a,0xd54b,0xe5cd,0xe5ed,0xe5ed,0xd54b,
0xbc89,0xabe7,0xc4a9,0xd50a,0xd54b,0xdd6c,0xddac,0xe5ed,0xe5cd,0xd52a,0xc488,0xc4c9,
0xdd4b,0xe5cd,0xe60d,0xdd6b,0xd4e9,0xcce9,0xb427,0xc4a9,0xddac,0xe5cd,0xddac,0xdd6c,
0xdd6c,0xdd4a,0xc4a8,0xb427,0xabe7,0xbc68,0xd50a,0xccea,0xcd2b,0xccea,0xbca9,0xc4a9,
0xbc68,0xb427,0xbc68,0xc4c9,0xd54b,0xd56b,0xdd8c,0xbca9,0x72c5,0x49e4,0x39a4,0x3163,
0x2943,0x2923,0x2923,0x2923,0x2943,0x3163,0xa3e7,0xd50a,0x8b67,0x7307,0xbdd5,0xdeda,
0xce38,0xce58,0xdeda,0xd699,0x39a6,0x18e3,0xb575,0xce78,0xce38,0xb5b5,0x6b4c,0x630b,
0x630b,0x6b2c,0x6b2c,0x630b,0x630b,0x630b,0x630b,0x62eb,0x39a6,0x1061,0x39e6,0x8c50,
0x9471,0x8430,0x9491,0x9cd2,0x8348,0xe5cc,0xdd8c,0x5a24,0x3164,0x3143,0x2923,0x2123,
0x2122,0x2923,0x2943,0x3163,0x2963,0x0000,0x0000,0x0000,0x0000,0x0000,0x0000,0x0000,
0x0000,0x0000,0x0000,0x0000,0x0000,0x0000,0x0000,0x8b6a,0x93cb,0x93cb,0x93cb,0x93cb,
0x93cb,0x93cb,0x93ec,0x93cb,0x8369,0x9c08,0xd52b,0xd56c,0x734b,0xa513,0xb595,0xa4f3,
0xb595,0xb5b5,0x39a6,0xa4f3,0xbdd6,0xbdb6,0x9491,0x39e7,0x39e6,0x39e6,0x4207,0x4228,
0x4228,0x4228,0x4228,0x4a28,0x4207,0x2964,0x2964,0x2144,0x52aa,0x73ad,0x83ef,0x840f,
0x9491,0x9491,0x8368,0xac07,0xabe6,0x8305,0x39c4,0x39a4,0x39a4,0x39a4,0x3984,0x3840,
0x2820,0x2820,0x7264,0xac07,0xd509,0xddac,0xcd2a,0xccea,0xc4c9,0xbc68,0xa3c7,0x9365,
0x9b86,0xb448,0xac28,0x9c08,0x9ba8,0x93a7,0x9ba6,0x9b86,0xac07,0xbc88,0xd56b,0xd54b,
0xcd2b,0xd54b,0xdd8b,0xd52a,0xc4ea,0xcd0a,0xcce9,0xcce9,0xc4a8,0xc488,0xb448,0xbc27,
0xbc68,0xb407,0xbc47,0xc488,0xbc68,0xbc88,0xbc68,0xbc48,0xbc88,0xbc48,0xbc48,0xc488,
0xac07,0xb448,0xb427,0xb448,0xb448,0xc488,0xdd0a,0xccea,0xccea,0xd54a,0xdd8c,0xd54b,
0xd56c,0xd54b,0xe5cd,0xddad,0xdd8c,0xd52a,0xb427,0xc488,0xccea,0xdd4a,0xd54b,0xddcd,
0xe5ed,0xd52b,0xc487,0xbc68,0xc488,0xccea,0xd52b,0xdd8c,0xe60d,0xee4e,0xd54a,0xc487,
0xc4a8,0xccea,0xd54a,0xcce9,0xcca8,0xc467,0xd54b,0xe5ed,0xd54b,0xdd8c,0xd56b,0xd52b,
0xccc9,0xbc68,0xa3c6,0xabe7,0xc4c9,0xc4ca,0xc4c9,0xbca9,0xbc68,0xb448,0xac07,0xac07,
0xb447,0xd52a,0xddac,0xdd8c,0xe5ac,0xd56b,0xdd6b,0xb468,0x72c5,0x5205,0x39a4,0x3163,
0x2963,0x2963,0x3163,0x3163,0x3163,0x2963,0x6264,0xc4a8,0xac07,0x72c5,0x7bad,0xc637,
0xd6b9,0xce38,0xd6b9,0xce78,0x4207,0x1041,0xb595,0xdeda,0xc617,0x83ef,0x630b,0x630b,
0x630b,0x632b,0x630b,0x630b,0x630b,0x630b,0x5aea,0x3165,0x0841,0x1061,0x41e7,0x8430,
0x8430,0x9cb2,0xa513,0x83cd,0xb468,0xe5cc,0x93a7,0x3143,0x3143,0x2923,0x2122,0x20e2,
0x2123,0x2923,0x3163,0x3164,0x3163,0x0000,0x0000,0x0000,0x0000,0x0000,0x0000,0x0000,
0x0000,0x0000,0x0000,0x0000,0x0000,0x0000,0x0000,0x8ba9,0x93cb,0x93cb,0x93cb,0x9c0c,
0x9c2c,0x9c2c,0x93ec,0x93ec,0x8bab,0x7b06,0xb469,0xd52b,0xbc89,0x8c2f,0xa513,0xb574,
0xa513,0xb5b5,0x4a89,0x4a48,0xb574,0xad33,0x39e6,0x39c6,0x39e6,0x4207,0x4207,0x4228,
0x4228,0x4228,0x4228,0x39c6,0x2103,0x2944,0x1061,0x18a2,0x6b4c,0x840f,0x7bce,0x8430,
0x9cd2,0x6b4b,0xa428,0xdd8c,0x9bc7,0x6244,0x2963,0x3184,0x31a4,0x39a4,0x3943,0x3820,
0x2820,0x3820,0x7ac5,0xd50a,0xdd6b,0xdd8b,0xd54b,0xccea,0xccc9,0xbc68,0xabe6,0xbca9,
0xbcaa,0xb489,0xac28,0x9ba7,0x9365,0x9b87,0x9be7,0xa3a7,0xa3e8,0x93a7,0x9386,0x8b67,
0x9346,0x8326,0x8b87,0x8b87,0x8b66,0x8346,0x8b46,0x8326,0x7ae5,0x8305,0x7ae5,0x8326,
0x93a7,0x8b67,0x8b87,0x9387,0x8346,0x8346,0x8346,0x8346,0x8b66,0x8b67,0x8346,0x8b87,
0x8b66,0x8b67,0x8b67,0x8306,0x7ae5,0x8326,0x8305,0x8326,0x8326,0x8326,0x8346,0x7ae5,
0x7ac5,0x72e5,0x8326,0x8326,0x8346,0x8b67,0x7b05,0x7b05,0x8326,0x7ae5,0x72c5,0x72c5,
0x7ae6,0x8346,0x8326,0x7ae5,0x7ae5,0x72a4,0x7ac4,0x72e5,0x7ae6,0x8326,0x7b26,0x7b05,
0x72c5,0x72c5,0x7306,0x7ae5,0x72c5,0x7ae5,0x8326,0x72c5,0x6a85,0x6aa5,0x7ae5,0x8326,
0x7ae5,0x6aa4,0x6a84,0x6aa5,0x6244,0x7ae6,0xccc9,0xc4a9,0xbc47,0xc467,0xd56b,0xdd8c,
0xdd8c,0xe5ed,0xf66e,0xddac,0xddab,0xd52a,0xd52a,0xb427,0x6264,0x5205,0x41c4,0x3984,
0x3163,0x3163,0x3163,0x3163,0x3163,0x2963,0x3983,0xa3c6,0xccc8,0xa3e7,0x8346,0x9c90,
0xd6b9,0xce38,0xce58,0xdeb9,0xad54,0x2123,0x2924,0x94b2,0x4aa9,0x3185,0x5289,0x630b,
0x6b4c,0x632b,0x6b4c,0x630b,0x5aca,0x3185,0x18a2,0x18c3,0x0841,0x3165,0x9471,0x9491,
0x8430,0x9cb2,0x840f,0x8b46,0xccc8,0xb428,0x49c3,0x2922,0x2922,0x2122,0x2923,0x2922,
0x2923,0x3163,0x39a4,0x41c5,0x41c4,0x0000,0x0000,0x0000,0x0000,0x0000,0x0000,0x0000,
0x0000,0x0000,0x0000,0x0000,0x0000,0x0000,0x0000,0x9bcb,0xa42b,0xa40c,0xa42c,0xa40c,
0xa40d,0x9c2d,0x93ec,0x93ab,0x8bab,0x7b29,0x8b25,0xb427,0xcca8,0x9388,0x9471,0xad34,
0xa513,0xa533,0xb574,0x5aea,0x630b,0x630b,0x2104,0x18e3,0x2103,0x39c6,0x39c6,0x39c6,
0x39c6,0x2924,0x18c2,0x18a2,0x31a6,0x4228,0x3185,0x5aeb,0x83ef,0x8430,0x83ef,0x8c71,
0x7bad,0x8325,0xbc88,0xac49,0x7b06,0x3163,0x2923,0x2943,0x3163,0x3164,0x3102,0x3020,
0x3020,0x3020,0x7ae5,0xcd0a,0xcd2a,0xcd0a,0xcce9,0xc488,0xbc47,0xbc68,0xe5ad,0xee4e,
0xe5ac,0xd54b,0xbc89,0xb427,0xabe7,0xbca9,0xbc69,0xac28,0xa408,0x93a7,0x8b46,0x8305,
0x6a63,0x6243,0x6a64,0x72a5,0x7b06,0x8326,0x7ae6,0x7ae5,0x7ae5,0x7b05,0x8306,0x7ae5,
0x7b05,0x72c5,0x7ac5,0x7ae5,0x7ae5,0x7ac5,0x7ac5,0x72c5,0x72a5,0x7ac5,0x7b05,0x7ac5,
0x8305,0x7b05,0x7b05,0x8346,0x8326,0x8b66,0x8b67,0x8346,0x9387,0x8b87,0x8b67,0x72c4,
0x72a4,0x7284,0x7ac4,0x7b05,0x8305,0x8b46,0x8b67,0x8346,0x8b46,0x8b87,0x9386,0x7ac5,
0x7ac5,0x8326,0x8346,0x8b87,0x9bc7,0x8b46,0x7ac4,0x8305,0x8b45,0x8b46,0x8b66,0x8ba8,
0x93a7,0x93a7,0x7ae5,0x93a7,0x9be8,0x93a7,0x9387,0x9387,0x8b66,0x8b25,0x8305,0x8b66,
0xac89,0xb4aa,0xb489,0xbc89,0xbc89,0xbc47,0xccc8,0xd52a,0xe5cc,0xf68f,0xf68f,0xee2e,
0xee6e,0xf68f,0xf66d,0xe5ac,0xd52b,0xd50a,0xbc48,0xa3c6,0x6a64,0x5a25,0x49e5,0x39c4,
0x39a4,0x3983,0x3163,0x3163,0x3163,0x3163,0x2963,0x41c4,0xcd0a,0xcd4b,0x9c09,0x8369,
0x9cf2,0xce58,0xce78,0xce78,0xce58,0xbdd6,0x9cf2,0xa4f3,0x6b4c,0x41e7,0x20e3,0x2103,
0x31a5,0x31a6,0x3185,0x2144,0x2124,0x4a28,0x6b4c,0x8c30,0x7bce,0x8c50,0x8c30,0x8c50,
0x9471,0x8c30,0x8389,0xe60d,0xcd09,0x7284,0x2902,0x2922,0x2922,0x2922,0x2923,0x2943,
0x3984,0x39a4,0x41e5,0x4a26,0x4a26,0x0000,0x0000,0x0000,0x0000,0x0000,0x0000,0x0000,
0x0000,0x0000,0x0000,0x0000,0x0000,0x0000,0x0000,0x9beb,0x9c2d,0xa42c,0xa44b,0x9c2d,
0x9c2d,0x9c2d,0x93cc,0x8bab,0x8bab,0x93ab,0x7b07,0xac27,0xd50a,0xd54b,0x9409,0x9471,
0xb5b5,0xb5b5,0xad54,0xb5b5,0xa513,0x9cb2,0x840f,0x738d,0x4207,0x1081,0x18e3,0x18c2,
0x0840,0x18c2,0x5289,0x840f,0x738d,0x7bae,0x8430,0x8430,0x738d,0x8430,0x8c71,0x738d,
0x8348,0xb448,0xa3a6,0x7ae5,0x41a3,0x2923,0x2923,0x2923,0x2943,0x2943,0x30a1,0x3820,
0x3820,0x3820,0x7ac5,0xcd0a,0xd52a,0xccc9,0xbc89,0xb427,0xc488,0xe62d,0xe5cd,0xe5ac,
0xccea,0xc4a9,0xabe6,0xc4a9,0xdd8c,0xd56b,0xd56b,0xdd8c,0xe5cd,0xd54b,0xccea,0xc488,
0xb427,0xbc68,0xd52a,0xe60d,0xe5cd,0xddac,0xdd8c,0xddac,0xe5ab,0xdd6b,0xe5ab,0xd54b,
0xd52a,0xcce9,0xcce9,0xd50a,0xcce9,0xd52a,0xcce9,0xc4a9,0xc4a9,0xc4a9,0xc4a9,0xcca9,
0xcce9,0xe52a,0xd52a,0xcd2a,0xd52a,0xdd6b,0xddac,0xe5cd,0xe5cd,0xe5cd,0xddac,0xe60e,
0xdd8c,0xc4a9,0xb427,0xbc68,0xdd2a,0xd56b,0xd56b,0xddac,0xddac,0xe60d,0xf68f,0xe5ed,
0xc488,0xc4a9,0xc4c9,0xd54b,0xe5cd,0xe5cd,0xdd8c,0xbc47,0xcce9,0xd50a,0xd52b,0xd56b,
0xe5ac,0xe5ce,0xe5cd,0xe60d,0xe5cd,0xddac,0xd54b,0xd52a,0xccc9,0xc467,0xcca8,0xe5cd,
0xee2e,0xf66e,0xe5ed,0xd54b,0xcce9,0xcca8,0xddcc,0xee2e,0xee2e,0xee2e,0xe5cd,0xe5ed,
0xe5ed,0xf5eb,0xe5cd,0xdd09,0xc467,0xc467,0xc4a9,0xbc68,0x72c5,0x5aa6,0x5225,0x4a05,
0x41e4,0x39a4,0x3983,0x3163,0x3163,0x3163,0x3163,0x2963,0x6a85,0xcce9,0xbca9,0x93c7,
0x7b26,0x9cf2,0xce58,0xce58,0xd678,0xce38,0xce38,0xb5b5,0xb5b5,0x9cd2,0x840f,0x4a89,
0x0820,0x18a2,0x1081,0x6b4c,0x9cd2,0x9cd2,0x9cb2,0x8430,0x9cd2,0x8430,0x8c30,0x9cf2,
0x9471,0x72e6,0xccea,0xe62d,0xa428,0x3183,0x2922,0x2923,0x2922,0x2923,0x3163,0x3984,
0x41e4,0x4a25,0x5246,0x5266,0x5246,0x0000,0x0000,0x0000,0x0000,0x0000,0x0000,0x0000,
0x0000,0x0000,0x0000,0x0000,0x0000,0x0000,0x0000,0x9bec,0xac2d,0xa46d,0xac0c,0xa42c,
0x9c0c,0x93cc,0x93cb,0x93ab,0x93ab,0x8bab,0x836a,0x7b07,0xbc68,0xd52b,0xd50a,0x93e9,
0x8c30,0xad54,0xb574,0xad54,0xb574,0xad54,0x9cb2,0x9491,0x7bce,0x632c,0x18c2,0x10a2,
0x2124,0x7bae,0x83ef,0x7bce,0x7bce,0x7bce,0x7bce,0x7bce,0x8430,0x8430,0x738d,0x7b27,
0xbcaa,0xcd2b,0x9387,0x51e3,0x3143,0x3143,0x3143,0x2943,0x2923,0x2923,0x3060,0x3020,
0x3820,0x3820,0x6a85,0xbc89,0xc4a9,0xbc47,0xb407,0xcd0a,0xe5cc,0xe5cd,0xdd8c,0xd52a,
0xbc68,0xc489,0xddac,0xe5cd,0xe5ed,0xddac,0xdd6c,0xd54b,0xccea,0xc488,0xb427,0xbc88,
0xdd6b,0xe5cc,0xdd8c,0xdd8b,0xdd4b,0xc4ea,0xd54b,0xcce9,0xc4a9,0xbc68,0xc4a8,0xbc48,
0xc488,0xb448,0xc489,0xccc9,0xd50a,0xd529,0xcd0a,0xd54a,0xcd0a,0xc4c9,0xc4c9,0xccc9,
0xccc9,0xccc9,0xc468,0xb427,0xbc47,0xbc68,0xc4a9,0xccc9,0xc4c9,0xdd6b,0xddab,0xe5cc,
0xdd8c,0xe5cd,0xddcc,0xdd6b,0xcce9,0xbc68,0xc488,0xccea,0xd50a,0xddac,0xdd8c,0xddac,
0xe5cd,0xddac,0xc4c9,0xbc68,0xccea,0xd56b,0xdd6c,0xdd8c,0xc4c9,0xc467,0xccc9,0xd50a,
0xcd2b,0xddac,0xdd8c,0xdd8c,0xd56b,0xd52b,0xccc9,0xc4a8,0xbc68,0xccea,0xddcc,0xe5cc,
0xdd8b,0xd50a,0xcce9,0xd509,0xdd8b,0xee2d,0xee2e,0xee2e,0xe62d,0xddac,0xe5cc,0xed8b,
0xdd2a,0xcca8,0xcd0a,0xdd8b,0xddcc,0xe62d,0xddac,0xbca9,0x72c5,0x5a66,0x5a66,0x5246,
0x5225,0x41c4,0x39a4,0x3163,0x3163,0x3163,0x3184,0x3184,0x3183,0x72c5,0xbc88,0xac27,
0x9346,0x7b27,0x946f,0xc617,0xd699,0xd699,0xce58,0xce37,0xc5f7,0xb595,0xad54,0x9491,
0x5aca,0x5269,0x5aca,0x8c71,0x9491,0x9471,0x9491,0x8c50,0x9491,0x9491,0x9cd2,0x7bcd,
0x8ba9,0xbc68,0xccc9,0x9bc7,0x49c3,0x2902,0x2923,0x2923,0x3143,0x3163,0x3983,0x41c4,
0x49e5,0x5225,0x5266,0x5a67,0x5266,0x0000,0x0000,0x0000,0x0000,0x0000,0x0000,0x0000,
0x0000,0x0000,0x0000,0x0000,0x0000,0x0000,0x0000,0x93cb,0xa42c,0x9c2d,0x9c2d,0x9c0c,
0x93cc,0x93cb,0x93cc,0x93cc,0x93cc,0x93cb,0x836b,0x6ac8,0x6a85,0xa3c6,0xbc68,0xc467,
0x9386,0x83ee,0xa513,0xb5b5,0xb595,0xa533,0xb595,0xa513,0x9cd2,0x8c50,0x738d,0x738d,
0x738d,0x738d,0x7bce,0x8430,0x8430,0x8430,0x8430,0x8430,0x840f,0x62e9,0x7b06,0xbc89,
0xc4ca,0x9b87,0x5a44,0x3163,0x3163,0x3163,0x3163,0x3163,0x2963,0x2923,0x3020,0x2820,
0x3820,0x3820,0x7263,0xc488,0xb407,0xa3c6,0xd52a,0xddac,0xe5ac,0xd54b,0xcce9,0xc467,
0xd54b,0xf68f,0xf66e,0xe60d,0xe5ac,0xe5ac,0xd52a,0xc488,0xb407,0xccc8,0xdd8c,0xdd6c,
0xddac,0xdd8b,0xcd0a,0xc4ea,0xc4c9,0xbc88,0xc488,0xbc68,0xb447,0xbc88,0xcd2b,0xd52b,
0xe5ab,0xdd8c,0xdd8c,0xd56b,0xdd8b,0xdd8b,0xe5ab,0xddac,0xdd8c,0xd54b,0xd54b,0xd56c,
0xdd8c,0xdd8c,0xe5cc,0xddac,0xd52b,0xcce9,0xcca8,0xbc47,0xb427,0xbc68,0xc488,0xc4c9,
0xd52b,0xe5cc,0xe5cc,0xe5cd,0xe62d,0xdd8c,0xc4a9,0xb427,0xb448,0xdd2a,0xdd6b,0xdd8c,
0xdd8c,0xe60d,0xe5cd,0xc4a9,0xb427,0xccc9,0xd54b,0xdd8c,0xe60d,0xd52a,0xb427,0xc488,
0xc4c9,0xd52a,0xdd8c,0xdd8c,0xd50a,0xcce9,0xc488,0xb407,0xd52b,0xe5cc,0xdd6c,0xd54b,
0xd50a,0xc488,0xc4a9,0xee4e,0xf68f,0xf68f,0xee2e,0xe5ed,0xdd8c,0xdd8a,0xd4e9,0xd509,
0xd52a,0xee2e,0xf68f,0xee4e,0xe5ed,0xe5ab,0xd50a,0xac28,0x6244,0x5a66,0x5a87,0x5a67,
0x5266,0x4a05,0x41a4,0x39a4,0x39a3,0x39a4,0x31a4,0x31a4,0x3184,0x3183,0x7ae5,0xac07,
0xb427,0x9366,0x8b67,0x83ee,0xbdb5,0xd699,0xd699,0xce58,0xce58,0xce38,0xce38,0xad54,
0x9471,0x8c71,0x9cf2,0x9cf2,0x9491,0x9cd2,0x9cb2,0x9cf2,0x9cf2,0x9cb1,0x83ed,0xa3c9,
0xe60d,0xee6e,0x9b86,0x4182,0x2922,0x2922,0x2922,0x3143,0x3163,0x3983,0x39a4,0x41c4,
0x41c5,0x4a05,0x5246,0x5247,0x5226,0x0000,0x0000,0x0000,0x0000,0x0000,0x0000,0x0000,
0x0000,0x0000,0x0000,0x0000,0x0000,0x0000,0x0000,0x8b8b,0x9c0c,0x9c2c,0x9c2d,0x9c2d,
0x93cc,0x93cc,0x93cc,0x93cc,0x93ec,0x93cb,0x8b6b,0x72e9,0x5226,0x6aa5,0xac48,0xcd0a,
0xd54b,0xc4ca,0x838a,0x840f,0xa513,0xb595,0xb595,0xb5b5,0xb575,0xa513,0x9491,0x840f,
0x8430,0x8430,0x840f,0x8430,0x8430,0x8c50,0x9cb2,0x73ae,0x732a,0x93a7,0xbc48,0xb407,
0x8b46,0x5204,0x3163,0x3184,0x39a4,0x39a4,0x39a4,0x3163,0x3163,0x2922,0x3020,0x3820,
0x3820,0x3820,0x59e3,0xabe7,0xb407,0xd52b,0xd54b,0xe5ab,0xd50a,0xb448,0xc488,0xdd8c,
0xe5ed,0xe5cd,0xdd6c,0xd54b,0xcd0a,0xccc9,0xb427,0xc4a8,0xd56b,0xdd8c,0xd54b,0xd52a,
0xd54a,0xcce9,0xbc88,0xbc47,0xbc47,0xc4a8,0xd54b,0xd52b,0xd54b,0xd56b,0xd54b,0xcd2b,
0xd50a,0xc4ca,0xbc88,0xc4a9,0xc4a8,0xcce9,0xc488,0xbc68,0xbc68,0xbc88,0xbc88,0xc488,
0xc4c9,0xccc9,0xcce9,0xd52b,0xdd6b,0xd54b,0xddac,0xe5ac,0xdd8c,0xcd0a,0xc488,0xb447,
0xc488,0xd509,0xd52a,0xcd4b,0xdd8b,0xe5cd,0xe60d,0xd56b,0xbca9,0xc467,0xcce9,0xcce9,
0xd52b,0xdd6c,0xe5ac,0xddad,0xd56b,0xccc9,0xcca8,0xd50a,0xe5cc,0xeded,0xddac,0xb427,
0xbc68,0xcce9,0xcd2b,0xd52a,0xcce9,0xb427,0xb427,0xdd6b,0xe5cc,0xdd6b,0xcd0a,0xbc68,
0xbc47,0xd54b,0xe60d,0xedec,0xe5ed,0xdd8c,0xddac,0xdd4b,0xcce9,0xcc87,0xdd6b,0xf66e,
0xf68f,0xee4e,0xee0e,0xe5ed,0xe56b,0xcce9,0xc488,0x9b85,0x6223,0x5266,0x5a87,0x5a86,
0x5a66,0x5205,0x41c4,0x39a4,0x41a4,0x41c4,0x39c4,0x39a4,0x3184,0x3184,0x3163,0x7ae6,
0xcce9,0xcd0a,0xbcaa,0xb48a,0x93e9,0x8bcc,0xb595,0xce58,0xce58,0xce38,0xce38,0xc637,
0xb595,0x9cf2,0x9cf2,0x9cf2,0xb575,0xad74,0xad54,0x9cf2,0x738d,0x7b27,0xac28,0xe5cc,
0xd58c,0x9be8,0x49c4,0x2923,0x2922,0x2923,0x2922,0x3143,0x3163,0x3163,0x3963,0x3984,
0x39a4,0x39a4,0x41e5,0x4a26,0x4a26,0x0000,0x0000,0x0000,0x0000,0x0000,0x0000,0x0000,
0x0000,0x0000,0x0000,0x0000,0x0000,0x0000,0x0000,0x8b6b,0x9c0c,0x93ec,0x9c0c,0x9c0c,
0x93cc,0x93cc,0x93cb,0x9beb,0x9c0c,0x93cb,0x8b6b,0x72e9,0x5247,0x41c5,0x6265,0x9bc7,
0xbca9,0xcd0a,0xc4c9,0x9be8,0x8bcb,0x8c2f,0x9cd2,0xa513,0xad33,0xb595,0xad33,0xa4f2,
0x9491,0x9cb2,0x9cf2,0x9cd2,0x8c50,0x7b8d,0x734a,0x93c8,0xcd4b,0xddac,0xbca9,0x72a4,
0x49c3,0x2963,0x3163,0x3163,0x39a4,0x39a4,0x39a4,0x31a4,0x3163,0x3102,0x3020,0x3820,
0x3820,0x3820,0x4902,0xb447,0xd52a,0xd52b,0xccea,0xc4ea,0xc4a9,0xcca8,0xccea,0xccea,
0xccc9,0xcce9,0xbc89,0xb448,0xb447,0xbc47,0xc4c9,0xdd8c,0xd54b,0xdd6b,0xd54b,0xcd2b,
0xd52a,0xc4a9,0xc4a8,0xdd4b,0xe5cc,0xedec,0xddac,0xd54b,0xcd2a,0xc4ea,0xc4c9,0xc4a8,
0xbc68,0xc4a9,0xc4a9,0xd54b,0xdd4b,0xd52b,0xd54b,0xdd4b,0xcd0b,0xcd0a,0xcd2b,0xd54b,
0xd50a,0xc4c9,0xccea,0xc4a8,0xc4a8,0xc488,0xccc9,0xccea,0xd54b,0xdd8c,0xdd8c,0xe5cc,
0xdd4b,0xcca8,0xc4a8,0xcca9,0xd50a,0xd54b,0xdd8c,0xdd8c,0xe5cd,0xcd2b,0xcca8,0xbc48,
0xc4a9,0xccea,0xd54b,0xdd8c,0xddac,0xdd8c,0xc4c9,0xc488,0xd50a,0xddac,0xddac,0xddac,
0xbc48,0xbc48,0xd4e9,0xcce9,0xc487,0xbc68,0xdd8c,0xdd6c,0xdd6b,0xccea,0xbc47,0xc4a9,
0xd56c,0xe60d,0xe5cc,0xdd8c,0xdd6b,0xc4c9,0xc488,0xbc68,0xcce9,0xdd6c,0xddcc,0xdd8c,
0xd54b,0xd52b,0xdd2a,0xcce9,0xbc48,0xb427,0xbc48,0xa3a7,0x5224,0x4a06,0x5246,0x5a67,
0x5266,0x4a05,0x41e4,0x41e4,0x41e5,0x4a05,0x4a05,0x39e5,0x39a4,0x31a4,0x31a4,0x39a4,
0x6264,0x9bc7,0xc4a9,0xbca9,0xbc89,0xa3e7,0x8b68,0x83ab,0x944f,0xa513,0xbdb6,0xbdd6,
0xc617,0xbdb6,0xad54,0xbdb6,0xa4f3,0x944f,0x83ac,0x93c9,0xac69,0xc4a8,0xcca8,0xb428,
0x72e5,0x3962,0x2923,0x2923,0x3123,0x2922,0x2922,0x2923,0x3143,0x3143,0x3143,0x3123,
0x2923,0x3163,0x3184,0x39c5,0x41c5,0x0000,0x0000,0x0000,0x0000,0x0000,0x0000,0x0000,
0x0000,0x0000,0x0000,0x0000,0x0000,0x0000,0x0000,0x8b8b,0x93cb,0x93cc,0x93cb,0x93cb,
0x93cc,0x93cb,0x93cc,0x93cb,0x93cb,0x93ab,0x836b,0x72e9,0x5226,0x41e5,0x49e5,0x5225,
0x72a4,0xac07,0xbc68,0xc4a9,0xc489,0xb428,0x8b46,0x72e9,0x738d,0x83ef,0x8c30,0x9cd2,
0x8c30,0x738d,0x6b4c,0x72e8,0x8346,0xa408,0xcd0a,0xdd8c,0xd54b,0xb429,0x6a85,0x3163,
0x2943,0x2963,0x3163,0x3164,0x39a4,0x39a4,0x39c4,0x39a4,0x31a4,0x38c1,0x2820,0x3820,
0x3820,0x3820,0x4020,0x8b46,0xcce9,0xc4a9,0xbca9,0xbca9,0xbc68,0xbc68,0xb447,0xb427,
0xb427,0xc467,0xccc9,0xd50a,0xd52a,0xdd8c,0xd56b,0xd56b,0xd54b,0xddac,0xdd6c,0xcd2b,
0xdd8c,0xd56b,0xe5ab,0xe5ab,0xdd8b,0xe5ab,0xe5ab,0xd56b,0xcd2a,0xcd2a,0xcd2a,0xdd6b,
0xd52a,0xd52a,0xcd2a,0xd52a,0xd52a,0xc4ea,0xd52a,0xdd8b,0xd52a,0xcd2a,0xd52a,0xcd2b,
0xccea,0xd52a,0xd52a,0xd52a,0xd54b,0xd52a,0xd54b,0xdd8b,0xd56b,0xd56b,0xe5ab,0xe5cd,
0xdd8b,0xdd8c,0xe5ac,0xe5cc,0xdd8c,0xdd8c,0xd56b,0xddac,0xddac,0xe5cc,0xddac,0xcce9,
0xb427,0xb427,0xbc67,0xc487,0xbca9,0xc4ca,0xd52a,0xd50a,0xcce9,0xcce9,0xd52b,0xd56b,
0xdd6c,0xc4ca,0xd50a,0xd50a,0xc4a9,0xd54b,0xd56b,0xcd2b,0xc4ea,0xc4a9,0xbc89,0xcd2a,
0xcd2b,0xd54b,0xcce9,0xccc9,0xc4a9,0xb427,0xb407,0xdd8c,0xe5ed,0xd56b,0xd56b,0xcd2b,
0xccea,0xccc9,0xcce9,0xcca8,0xc4a9,0xd54b,0xcd0a,0x8b26,0x39a4,0x39e4,0x41e5,0x4a25,
0x4a25,0x49e5,0x41e4,0x4a05,0x5225,0x5246,0x4a26,0x41c5,0x39a4,0x39a4,0x39c4,0x41e4,
0x4a25,0x5225,0x7ac5,0xac07,0xc467,0xbc68,0xb447,0xb407,0xb407,0xa3c7,0x8b67,0x8b68,
0x7b2a,0x7b2a,0x7b28,0x72c5,0x8b46,0xabe7,0xccea,0xe5ed,0xe5cd,0xd56b,0x93a7,0x49c2,
0x2922,0x2963,0x3163,0x3143,0x2922,0x2922,0x2922,0x2122,0x2122,0x2122,0x2923,0x2923,
0x2923,0x2923,0x3164,0x39a4,0x39a4,0x0000,0x0000,0x0000,0x0000,0x0000,0x0000,0x0000,
0x0000,0x0000,0x0000,0x0000,0x0000,0x0000,0x0000,0x93cb,0x9c2c,0x93cc,0x93cb,0x8b8b,
0x8b8b,0x8b8b,0x93ab,0x93ab,0x93cb,0x8b8b,0x8329,0x6ac8,0x5226,0x41c5,0x41e5,0x6287,
0x7ae8,0x72a6,0x7ae5,0x9ba6,0xbc27,0xbc67,0xbc47,0xb406,0xa3c6,0x9ba6,0x9bc7,0x9ba6,
0x9bc7,0xabe7,0xb448,0xb468,0xccea,0xdd4b,0xcce9,0xa408,0x7ac5,0x49e4,0x3163,0x2963,
0x2943,0x2943,0x2963,0x3164,0x39a4,0x39c5,0x41e5,0x39c5,0x39a4,0x30a1,0x3020,0x3020,
0x3820,0x3820,0x3820,0x5101,0x9b86,0xb427,0xac07,0xac07,0xabe6,0xb427,0xc4c9,0xc4a9,
0xccea,0xdd6b,0xd54b,0xcd0b,0xcd0a,0xcd0a,0xcd0a,0xcd0a,0xcd0a,0xdd4b,0xcd2b,0xc4c9,
0xc4c9,0xccea,0xd50a,0xc4c9,0xcce9,0xcce9,0xcce9,0xccc9,0xbc68,0xbc88,0xbc88,0xc4a9,
0xbc88,0xbc68,0xbc68,0xbc48,0xbc88,0xbc48,0xc4a9,0xcca8,0xbc68,0xbc48,0xc488,0xbc68,
0xbc68,0xbc68,0xbc89,0xbc88,0xc4a9,0xbca9,0xbca9,0xbc89,0xcce9,0xc4c9,0xc4c9,0xc4ea,
0xc4ea,0xccea,0xdd4b,0xcd0a,0xcd0a,0xcd2b,0xd54b,0xdd6b,0xd52b,0xcd0a,0xd54b,0xd54b,
0xcd0a,0xcd0a,0xccea,0xc4a9,0xb407,0xac07,0xac07,0xb407,0xb407,0xb448,0xccc9,0xd509,
0xc4c9,0xc4ca,0xcd0a,0xcd0a,0xc4ea,0xc4c9,0xbca9,0xcce9,0xc4a8,0xc488,0xbc48,0xabe7,
0xb427,0xbc47,0xbc68,0xccc9,0xccc9,0xccea,0xcd0a,0xd54b,0xdd8c,0xdd8c,0xd56b,0xd54b,
0xdd8c,0xd54b,0xcd0a,0xcd0b,0xc4c9,0xac08,0x7b26,0x49e3,0x3184,0x39a4,0x41c4,0x41e5,
0x49e5,0x41e4,0x4a05,0x5225,0x5246,0x5266,0x4a25,0x41e5,0x39a4,0x39a4,0x39a4,0x41e5,
0x4a25,0x5246,0x5246,0x5a66,0x8326,0xa3e7,0xbc89,0xc4c9,0xd52a,0xd54a,0xdd6b,0xdd6b,
0xcd0a,0xc4ea,0xcd2b,0xcd0a,0xd54b,0xddac,0xdd8b,0xbcca,0x9bc7,0x6aa5,0x41c4,0x3984,
0x3184,0x3164,0x3163,0x3163,0x3143,0x2922,0x2922,0x2122,0x2923,0x2122,0x2923,0x2943,
0x3143,0x3163,0x3163,0x31a4,0x39a4,0x0000,0x0000,0x0000,0x0000,0x0000,0x0000,0x0000,
0x0000,0x0000,0x0000,0x0000,0x0000,0x0000,0x0000,0x9bcb,0x93ec,0x93cb,0x8bab,0x8b4a,
0x834a,0x834a,0x8b89,0x836a,0x8b6a,0x8b49,0x7b29,0x6aa8,0x5226,0x39a5,0x41e5,0x6267,
0x834a,0x93cb,0x9389,0x72c5,0x7ae5,0x9b86,0xa3c6,0xb407,0xc467,0xc487,0xb427,0xb427,
0xbc27,0xc447,0xc488,0xbc48,0xabe7,0x8b25,0x6a85,0x5224,0x41e5,0x3164,0x3163,0x2923,
0x2943,0x2963,0x3164,0x31a4,0x39c5,0x41e5,0x41e5,0x39e5,0x39c4,0x3081,0x3020,0x3820,
0x3820,0x3820,0x4020,0x3820,0x4060,0x6a23,0x9345,0xb448,0xbc89,0xc4ea,0xccea,0xbca9,
0xb489,0xb489,0xb489,0xb489,0xb468,0xb468,0xac28,0xb428,0xb448,0xb468,0xbc68,0xb448,
0xb448,0xb427,0xb428,0xabe7,0xac07,0xac07,0xac07,0xa3c6,0xa3a6,0xa3a6,0xa3c6,0x9b85,
0x9b86,0xa3c6,0xa3c6,0x9365,0x9365,0x9b86,0x9ba6,0x9ba6,0xa3a6,0x9b86,0x9b86,0x9b86,
0xa3c6,0x9b86,0xa3a6,0xa3c6,0xa3c6,0xa3c6,0xa3c6,0xa3a6,0xb427,0xb428,0xa3c6,0xa3c6,
0xa3c6,0xb427,0xbc68,0xb428,0xb428,0xb428,0xb428,0xac48,0xb468,0xb468,0xac28,0xb468,
0xb489,0xb468,0xb48a,0xbca9,0xb489,0xbca9,0xb489,0xabe7,0x9ba6,0xa3c6,0xac07,0xac07,
0xabe6,0xabe7,0xabe7,0xa408,0xb428,0x9ba6,0xa3a6,0xa3c6,0x9ba6,0xa3c6,0xa3e6,0xac07,
0xb427,0xb489,0xbca9,0xb489,0xb468,0xbc89,0xb489,0xb468,0xb468,0xb468,0xac28,0xb428,
0xb468,0xb468,0xa408,0x9387,0x7b26,0x5a44,0x41c4,0x39a4,0x39a4,0x39a4,0x41a4,0x39a4,
0x41a4,0x49e5,0x4a25,0x5246,0x5266,0x5246,0x4a26,0x41e5,0x39a4,0x39a4,0x39a4,0x39a4,
0x41c4,0x41e5,0x41c5,0x39c5,0x39a4,0x39a3,0x6244,0x8306,0x9bc7,0xac28,0xccca,0xc4ca,
0xc4ea,0xc4ca,0xc4ea,0xb468,0xa428,0x8bc7,0x72c5,0x49e3,0x39a3,0x39c4,0x41e4,0x39e4,
0x39a4,0x3184,0x3163,0x3163,0x3163,0x2923,0x2923,0x2923,0x2923,0x2923,0x2963,0x3163,
0x3983,0x3163,0x3983,0x3164,0x3164,0x0000,0x0000,0x0000,0x0000,0x0000,0x0000,0x0000,
0x0000,0x0000,0x0000,0x0000,0x0000,0x0000,0x0000,0x93cc,0x9c2c,0x93cc,0x93ab,0x8b8b,
0x834a,0x834a,0x8b4a,0x836a,0x9369,0x834a,0x7b29,0x6aa8,0x4a25,0x39a5,0x41e5,0x6267,
0x8b69,0x93ca,0x9bcb,0x93cb,0x938a,0x8369,0x7b07,0x8306,0x8b46,0x8b67,0x8b87,0x8b66,
0x8326,0x7ae5,0x72a4,0x6244,0x6225,0x5a46,0x6287,0x5a47,0x4a06,0x39a4,0x3143,0x3123,
0x3143,0x3184,0x39a4,0x39c5,0x39e5,0x41e5,0x41e5,0x41e5,0x39c5,0x3040,0x3020,0x3820,
0x3820,0x3820,0x4020,0x3820,0x4020,0x4040,0x48a1,0x5942,0x6183,0x61e4,0x6a64,0x7aa5,
0x6a84,0x6a64,0x6a84,0x6a84,0x6264,0x6264,0x6a64,0x6244,0x6a84,0x6243,0x6a64,0x6a64,
0x6243,0x6243,0x6243,0x6223,0x6244,0x6243,0x6a64,0x6264,0x6a84,0x6a64,0x6aa4,0x6aa4,
0x6aa4,0x72a5,0x72c5,0x72a5,0x6aa4,0x6a64,0x72a5,0x6265,0x6a85,0x72a5,0x6265,0x6aa4,
0x6a64,0x6a64,0x6a64,0x6264,0x6a64,0x6264,0x6264,0x6224,0x6243,0x6243,0x6243,0x6223,
0x5a03,0x5a23,0x5a23,0x5a03,0x5a03,0x51e3,0x51e3,0x5a03,0x5a23,0x5a23,0x5a23,0x5a44,
0x6244,0x5a23,0x5a23,0x6244,0x5a24,0x6244,0x6264,0x6244,0x6244,0x6244,0x6223,0x61c3,
0x51c2,0x51c3,0x51c3,0x59c2,0x51c3,0x51c3,0x59e3,0x59e3,0x5a03,0x5a23,0x6244,0x5a23,
0x6224,0x6204,0x6204,0x5a03,0x51e3,0x5a24,0x5a44,0x5a44,0x5a44,0x5a24,0x5a65,0x5a65,
0x5a44,0x5a24,0x5205,0x5245,0x5245,0x5a46,0x4a05,0x41e4,0x41c4,0x41e4,0x41c4,0x41a4,
0x41a4,0x49e5,0x5225,0x5266,0x5266,0x5246,0x4a26,0x41e5,0x39e4,0x39a4,0x39a4,0x31a4,
0x31a4,0x3184,0x31a4,0x3164,0x31a4,0x41a4,0x41c5,0x49e5,0x41e4,0x41c4,0x4a04,0x5204,
0x5a44,0x5a24,0x5a44,0x5224,0x4a04,0x41a4,0x3184,0x3184,0x39a4,0x41e5,0x41e5,0x41e5,
0x39a4,0x3164,0x3163,0x3163,0x3163,0x3143,0x3163,0x3143,0x3143,0x3183,0x3984,0x39a4,
0x39a4,0x39a4,0x3984,0x3163,0x3163,0x0000,0x0000,0x0000,0x0000,0x0000,0x0000,0x0000,
0x0000,0x0000,0x0000,0x0000,0x0000,0x0000,0x0000,0x93cb,0x9c0d,0x93ec,0x93cb,0x93cb,
0x93ab,0x8b4a,0x8b49,0x9369,0x8b6a,0x8349,0x7b29,0x6287,0x4a06,0x39a5,0x41e5,0x6a87,
0x8349,0x93ab,0x9beb,0x93cb,0x93cb,0x93cb,0x93cb,0x93cb,0x8b8a,0x8b69,0x8308,0x7b08,
0x7ae8,0x7ac8,0x6aa8,0x6aa7,0x6aa7,0x6267,0x5a67,0x5247,0x4a06,0x39a4,0x3163,0x2963,
0x3163,0x39a4,0x41e5,0x41e5,0x41e5,0x41e5,0x41e5,0x41e5,0x41a4,0x2840,0x3020,0x3820,
0x3820,0x3820,0x4020,0x4020,0x4020,0x4020,0x4820,0x4820,0x4820,0x5020,0x5040,0x5040,
0x4840,0x3820,0x4020,0x4840,0x5060,0x5060,0x5060,0x5060,0x5060,0x5060,0x5060,0x5060,
0x5060,0x4840,0x4840,0x4040,0x4040,0x4840,0x4040,0x4020,0x4840,0x4840,0x4040,0x4820,
0x4820,0x4820,0x4820,0x4040,0x4820,0x3923,0x2963,0x2943,0x2943,0x2943,0x2963,0x2963,
0x3163,0x2963,0x3163,0x2943,0x2963,0x2963,0x2963,0x3163,0x3163,0x2963,0x2963,0x3163,
0x2902,0x1820,0x1820,0x1820,0x2020,0x2020,0x2020,0x2020,0x2820,0x2820,0x3020,0x3020,
0x3020,0x3820,0x3820,0x3820,0x3820,0x3820,0x3820,0x3820,0x3820,0x3820,0x3820,0x3820,
0x3820,0x3820,0x3820,0x3820,0x3820,0x3820,0x3820,0x3820,0x3820,0x3820,0x3820,0x3820,
0x3820,0x3820,0x3820,0x3820,0x3820,0x4143,0x41e4,0x41e5,0x41e5,0x41e5,0x4a26,0x5266,
0x5266,0x5266,0x5225,0x5a66,0x5a66,0x5a66,0x5246,0x49e5,0x4a05,0x4a25,0x4a05,0x41e4,
0x41e4,0x49e5,0x5225,0x5246,0x5246,0x5246,0x4a26,0x4a05,0x41e5,0x39e5,0x31a4,0x39a4,
0x31a4,0x3163,0x3163,0x3163,0x39a4,0x41e4,0x41e5,0x41c4,0x39a4,0x3163,0x3163,0x3984,
0x39e4,0x4a05,0x4a26,0x5246,0x4a25,0x41e4,0x39c4,0x39a4,0x39a4,0x41e5,0x41e5,0x41e5,
0x3984,0x3163,0x2943,0x2963,0x3163,0x3163,0x3184,0x39a4,0x39a4,0x39a4,0x39a4,0x41a4,
0x39a4,0x39a4,0x3984,0x39a4,0x3183,0x0000,0x0000,0x0000,0x0000,0x0000,0x0000,0x0000,
0x0000,0x0000,0x0000,0x0000,0x0000,0x0000,0x0000,0x8bac,0x93ed,0x9c0d,0x93ec,0x93cb,
0x8bab,0x836b,0x8b89,0x836a,0x8b49,0x8b49,0x7b29,0x6287,0x41e5,0x39c5,0x41e5,0x6aa8,
0x8b69,0x93cb,0x93cb,0x93cb,0x93cb,0x8bab,0x8bab,0x93cb,0x93cb,0x93cb,0x93cb,0x8b6a,
0x8b49,0x7b29,0x72c8,0x6aa7,0x6aa7,0x6287,0x5a67,0x5a67,0x5226,0x41c5,0x3984,0x3163,
0x3184,0x39a4,0x41e5,0x4a26,0x4a05,0x4205,0x41e5,0x41e4,0x39a4,0x2840,0x3020,0x3820,
0x3820,0x3820,0x4020,0x4020,0x4020,0x4020,0x4820,0x4840,0x4840,0x5060,0x5040,0x4820,
0x4820,0x4840,0x5040,0x5060,0x5060,0x5060,0x5060,0x5060,0x5060,0x5060,0x5060,0x5060,
0x4820,0x4840,0x4840,0x4040,0x4020,0x4020,0x4040,0x4020,0x4820,0x4040,0x4840,0x4820,
0x4820,0x4820,0x4040,0x4020,0x4820,0x3923,0x2963,0x2923,0x2122,0x2923,0x2923,0x2943,
0x2963,0x2923,0x2943,0x2922,0x2943,0x2963,0x3163,0x3163,0x2963,0x2963,0x2963,0x3163,
0x2922,0x2020,0x2020,0x2020,0x2020,0x2020,0x2020,0x2020,0x2020,0x3020,0x2820,0x2820,
0x3020,0x3820,0x3820,0x3820,0x3820,0x3820,0x3820,0x4020,0x4020,0x3820,0x4020,0x4040,
0x3820,0x4020,0x3820,0x3820,0x3820,0x3820,0x3820,0x3820,0x3820,0x3820,0x3820,0x4020,
0x3820,0x3820,0x3820,0x3820,0x3820,0x3943,0x39e4,0x41e5,0x41e5,0x4a26,0x4a26,0x5266,
0x5a66,0x5a66,0x5a66,0x5266,0x5266,0x5226,0x4a25,0x4a25,0x4a25,0x4a25,0x4a25,0x4a25,
0x49e5,0x4a05,0x4a25,0x4a25,0x4a25,0x4a25,0x4a25,0x4a05,0x41e5,0x41e5,0x41e5,0x39e5,
0x39c4,0x31a4,0x3163,0x3184,0x39a4,0x41e4,0x41c4,0x39a4,0x3163,0x3163,0x2963,0x3184,
0x39a4,0x39c5,0x41e5,0x4a25,0x4a05,0x4a05,0x41e5,0x41e5,0x41e5,0x4205,0x41e5,0x39e4,
0x3984,0x2923,0x2943,0x3163,0x3984,0x39a4,0x41a4,0x41c4,0x41e4,0x41c4,0x41a4,0x39a4,
0x39a4,0x39a3,0x39a3,0x39a4,0x39a4,0x0000,0x0000,0x0000,0x0000,0x0000,0x0000,0x0000,
0x0000,0x0000,0x0000,0x0000,0x0000,0x0000,0x0000,0x8bac,0x9c2d,0x93ed,0x93ec,0x93cc,
0x8bab,0x8b6a,0x834a,0x8b49,0x8349,0x834a,0x72e9,0x5a67,0x41e5,0x39a4,0x41e5,0x6287,
0x7b29,0x8b8a,0x93cb,0x93cb,0x93cb,0x93ab,0x8baa,0x93ab,0x93cb,0x93cb,0x93ab,0x8b8a,
0x834a,0x7b29,0x7b29,0x6ac8,0x6ac8,0x6aa7,0x6aa7,0x5a67,0x5247,0x41e5,0x39a4,0x3184,
0x3184,0x39a4,0x41e5,0x4a26,0x4a26,0x4a46,0x4a26,0x41e5,0x39a4,0x2840,0x3020,0x3820,
0x3820,0x3820,0x3820,0x4020,0x4020,0x4020,0x4820,0x4820,0x4840,0x5040,0x5040,0x5040,
0x5060,0x5060,0x5060,0x5060,0x5060,0x5060,0x5060,0x5060,0x5060,0x5040,0x5040,0x5040,
0x5040,0x4840,0x4820,0x4820,0x4020,0x4020,0x4020,0x4840,0x4020,0x4020,0x4020,0x4820,
0x4040,0x4820,0x4820,0x4040,0x4820,0x3963,0x3163,0x2923,0x2122,0x2102,0x2122,0x2923,
0x2922,0x2923,0x2922,0x2923,0x2922,0x2923,0x2963,0x2963,0x2943,0x2923,0x2943,0x2943,
0x2902,0x1040,0x2020,0x1820,0x2020,0x2020,0x2020,0x2020,0x2820,0x2820,0x2820,0x2820,
0x3020,0x3820,0x3820,0x3820,0x3820,0x3820,0x3820,0x3820,0x3820,0x3820,0x3820,0x3820,
0x3840,0x3820,0x3820,0x3820,0x3820,0x3820,0x3820,0x3820,0x3820,0x3820,0x3820,0x3820,
0x3820,0x3820,0x3820,0x3820,0x3820,0x3943,0x39a4,0x39c5,0x41e5,0x4206,0x4a26,0x4a26,
0x5246,0x5286,0x5aa6,0x5246,0x4a25,0x4205,0x49e5,0x4205,0x4a25,0x4a26,0x4a26,0x4a25,
0x4a25,0x4a25,0x41e5,0x41e5,0x41c5,0x41e5,0x4a05,0x49e5,0x4a05,0x4a05,0x4a05,0x4a05,
0x4205,0x41c4,0x39a4,0x3984,0x39a4,0x39a4,0x3984,0x3163,0x3163,0x3163,0x3184,0x3184,
0x3184,0x3184,0x39a4,0x41e5,0x41e5,0x41e5,0x4a05,0x4a25,0x4a26,0x4a25,0x41e5,0x39a4,
0x3163,0x2943,0x3143,0x3163,0x39a4,0x39a4,0x41c4,0x41c4,0x41e5,0x41c4,0x39a4,0x3984,
0x3163,0x3183,0x3984,0x39a4,0x39c4,0x0000,0x0000,0x0000,0x0000,0x0000,0x0000,0x0000,
0x0000,0x0000,0x0000,0x0000,0x0000,0x0000,0x0000,0x8bcc,0x9c2d,0x9c0d,0x93ed,0x93cc,
0x93ab,0x8349,0x7b29,0x7b29,0x834a,0x834a,0x72e9,0x5247,0x39a5,0x2964,0x39a4,0x4a26,
0x6aa8,0x834a,0x8b8b,0x8bab,0x8bab,0x8bab,0x8bab,0x93cb,0x8bab,0x8bab,0x836a,0x834a,
0x7b09,0x7b09,0x7b09,0x7309,0x6ae8,0x6ae9,0x6ae8,0x62a8,0x5247,0x49e5,0x39c4,0x3163,
0x3184,0x31a4,0x39c5,0x41e5,0x5246,0x5266,0x4a26,0x41e5,0x3984,0x2020,0x3820,0x3820,
0x3820,0x4020,0x4020,0x4020,0x4020,0x4820,0x4040,0x4820,0x4820,0x4820,0x5040,0x5040,
0x5040,0x5060,0x5060,0x5060,0x5060,0x5040,0x5060,0x4820,0x5040,0x5040,0x4820,0x4820,
0x4840,0x4040,0x4020,0x4020,0x4020,0x4020,0x4020,0x4020,0x4020,0x4020,0x4820,0x4020,
0x4820,0x4020,0x4820,0x4020,0x5040,0x41a4,0x3984,0x2943,0x2122,0x18c2,0x2102,0x2102,
0x2122,0x2923,0x2122,0x2122,0x2123,0x2122,0x2923,0x2923,0x2923,0x2122,0x2923,0x2923,
0x2902,0x2020,0x1820,0x2020,0x2020,0x2020,0x2020,0x2020,0x2020,0x2020,0x3820,0x3820,
0x3020,0x3820,0x3820,0x3820,0x3820,0x3820,0x3820,0x3820,0x3820,0x4020,0x3820,0x3820,
0x3820,0x4020,0x4020,0x3820,0x3820,0x3820,0x3820,0x3820,0x3820,0x3820,0x3820,0x3820,
0x3820,0x3820,0x3820,0x3820,0x3820,0x3164,0x31a4,0x39c5,0x41e5,0x4a05,0x41e5,0x41e5,
0x4a06,0x5246,0x5246,0x4a25,0x41e5,0x39e4,0x39e5,0x41e5,0x4205,0x41e6,0x41e5,0x4a05,
0x41e5,0x41e5,0x41e5,0x39a4,0x39a4,0x39a4,0x41e5,0x4a25,0x4a25,0x4a25,0x4a26,0x4a26,
0x4a26,0x41e5,0x41c4,0x39a4,0x39a4,0x3163,0x3163,0x2943,0x3163,0x3983,0x39a3,0x39a4,
0x3184,0x3163,0x3164,0x39a4,0x39c4,0x41e5,0x4a05,0x4a25,0x5246,0x4a25,0x41e5,0x39a4,
0x3163,0x3123,0x3163,0x3184,0x39a4,0x41c4,0x41c4,0x41e4,0x41a4,0x39a4,0x39a4,0x3163,
0x3163,0x3163,0x3984,0x39a4,0x39a4,0x0000,0x0000,0x0000,0x0000,0x0000,0x0000,0x0000,
0x0000,0x0000,0x0000,0x0000,0x0000,0x0000,0x0000,0x8bab,0x93ed,0x93ed,0x9c0d,0x93cc,
0x8b6a,0x7b09,0x72e9,0x7309,0x8349,0x7b2a,0x6ac8,0x4a06,0x3163,0x2103,0x2923,0x3984,
0x4a06,0x6288,0x7309,0x834a,0x7b4a,0x834a,0x7b4a,0x836b,0x836b,0x7b4a,0x7309,0x62c8,
0x6288,0x62a8,0x62a8,0x62c8,0x62c8,0x62a8,0x62a8,0x5268,0x4a26,0x41e5,0x39a4,0x3163,
0x3163,0x2963,0x3184,0x39c5,0x41e5,0x4205,0x41e5,0x39c5,0x3143,0x3020,0x3020,0x3820,
0x3820,0x3820,0x4020,0x4020,0x4020,0x4840,0x4820,0x4820,0x4820,0x4860,0x5040,0x5040,
0x5040,0x5040,0x5060,0x5040,0x5040,0x5040,0x5040,0x5060,0x4840,0x5040,0x4820,0x4840,
0x4020,0x4020,0x4020,0x4020,0x3820,0x3820,0x4020,0x4020,0x4020,0x4020,0x4820,0x4020,
0x4020,0x4020,0x4040,0x4040,0x4840,0x39a4,0x3984,0x2943,0x2922,0x18e2,0x18c2,0x18e2,
0x20e2,0x2122,0x2122,0x2122,0x2102,0x2102,0x2102,0x20e2,0x2122,0x2122,0x2122,0x2902,
0x28e2,0x1840,0x1820,0x1020,0x2020,0x2020,0x2020,0x2820,0x2020,0x3020,0x2820,0x3020,
0x3020,0x3820,0x3820,0x3820,0x3820,0x3820,0x4020,0x3820,0x3820,0x4020,0x4020,0x3840,
0x4020,0x3820,0x3820,0x3820,0x3820,0x3820,0x3820,0x3820,0x3820,0x4020,0x3820,0x3820,
0x3820,0x3820,0x3820,0x3820,0x3840,0x2943,0x3163,0x31a4,0x39c5,0x39e5,0x39e5,0x39c4,
0x39c4,0x41e5,0x41e5,0x41e5,0x39c4,0x39a4,0x39a4,0x39a5,0x39c5,0x31a5,0x39c4,0x31a4,
0x39a4,0x39a4,0x3184,0x3143,0x3163,0x3163,0x39a4,0x41e5,0x41e5,0x41e5,0x41e5,0x4a05,
0x41e5,0x41e5,0x39c4,0x39a3,0x3163,0x2923,0x2923,0x2923,0x3143,0x3983,0x39e4,0x39c4,
0x3984,0x3163,0x2963,0x3163,0x31a4,0x39a4,0x41e4,0x41e5,0x41e5,0x41e5,0x39a4,0x3164,
0x2943,0x2923,0x2943,0x3163,0x3984,0x39a4,0x41a4,0x39a4,0x39a3,0x3163,0x3163,0x2963,
0x2923,0x2923,0x3163,0x39a4,0x39a4,0x0000,0x0000,0x0000,0x0000,0x0000,0x0000,0x0000,
};
